{"created_at":"Tue Jan 08 12:08:43 +0000 2019","id":1082610045026750500,"id_str":"1082610045026750470","text":"&lt;3 https://t.co/shu4txKsL4","display_text_range":[0,5],"source":"<a href=\"http://twitter.com\" rel=\"nofollow\">Twitter Web Client</a>","truncated":false,"in_reply_to_status_id":null,"in_reply_to_status_id_str":null,"in_reply_to_user_id":null,"in_reply_to_user_id_str":null,"in_reply_to_screen_name":null,"user":{"id":932675351913926700,"id_str":"932675351913926656","name":"Startupdareal","screen_name":"startupdareal","location":"San Francisco, CA","url":"https://medium.com/startup-da-real","description":"#1 lugar livro de empreendedorismo mais vendido na Amazon, com \"Este livro não vai te deixar rico\"","translator_type":"none","protected":false,"verified":false,"followers_count":25736,"friends_count":176,"listed_count":112,"favourites_count":20411,"statuses_count":17948,"created_at":"Mon Nov 20 18:21:46 +0000 2017","utc_offset":null,"time_zone":null,"geo_enabled":true,"lang":"en","contributors_enabled":false,"is_translator":false,"profile_background_color":"000000","profile_background_image_url":"http://abs.twimg.com/images/themes/theme1/bg.png","profile_background_image_url_https":"https://abs.twimg.com/images/themes/theme1/bg.png","profile_background_tile":false,"profile_link_color":"FAB81E","profile_sidebar_border_color":"000000","profile_sidebar_fill_color":"000000","profile_text_color":"000000","profile_use_background_image":false,"profile_image_url":"http://pbs.twimg.com/profile_images/932680310336180226/PXZJpu93_normal.jpg","profile_image_url_https":"https://pbs.twimg.com/profile_images/932680310336180226/PXZJpu93_normal.jpg","profile_banner_url":"https://pbs.twimg.com/profile_banners/932675351913926656/1511203272","default_profile":false,"default_profile_image":false,"following":null,"follow_request_sent":null,"notifications":null},"geo":null,"coordinates":null,"place":null,"contributors":null,"quoted_status_id":1082608423412342800,"quoted_status_id_str":"1082608423412342784","quoted_status":{"created_at":"Tue Jan 08 12:02:16 +0000 2019","id":1082608423412342800,"id_str":"1082608423412342784","text":"No fim, ainda citando Taleb, a única métrica para ser bem sucedido é não ter vergonha do que faz para viver.\n\nLendo… https://t.co/FqNzVerEym","source":"<a href=\"http://twitter.com\" rel=\"nofollow\">Twitter Web Client</a>","truncated":true,"in_reply_to_status_id":null,"in_reply_to_status_id_str":null,"in_reply_to_user_id":null,"in_reply_to_user_id_str":null,"in_reply_to_screen_name":null,"user":{"id":85230492,"id_str":"85230492","name":"Princesa Amanhecida","screen_name":"srtaSchatz","location":null,"url":null,"description":"Esse perfil representa meu Sol em áries,meu ascendente em Áries e minha Lua em Gêmeos.","translator_type":"none","protected":false,"verified":false,"followers_count":306,"friends_count":500,"listed_count":14,"favourites_count":7343,"statuses_count":11571,"created_at":"Mon Oct 26 03:39:22 +0000 2009","utc_offset":null,"time_zone":null,"geo_enabled":true,"lang":"en","contributors_enabled":false,"is_translator":false,"profile_background_color":"C0DEED","profile_background_image_url":"http://abs.twimg.com/images/themes/theme1/bg.png","profile_background_image_url_https":"https://abs.twimg.com/images/themes/theme1/bg.png","profile_background_tile":false,"profile_link_color":"0084B4","profile_sidebar_border_color":"C0DEED","profile_sidebar_fill_color":"DDEEF6","profile_text_color":"1C3EE6","profile_use_background_image":true,"profile_image_url":"http://pbs.twimg.com/profile_images/1072088312226213888/bmlWtBVM_normal.jpg","profile_image_url_https":"https://pbs.twimg.com/profile_images/1072088312226213888/bmlWtBVM_normal.jpg","profile_banner_url":"https://pbs.twimg.com/profile_banners/85230492/1543332149","default_profile":false,"default_profile_image":false,"following":null,"follow_request_sent":null,"notifications":null},"geo":null,"coordinates":null,"place":null,"contributors":null,"is_quote_status":false,"extended_tweet":{"full_text":"No fim, ainda citando Taleb, a única métrica para ser bem sucedido é não ter vergonha do que faz para viver.\n\nLendo pela 484798798798 vez o texto da @startupdareal","display_text_range":[0,163],"entities":{"hashtags":[],"urls":[],"user_mentions":[{"screen_name":"startupdareal","name":"Startupdareal","id":932675351913926700,"id_str":"932675351913926656","indices":[149,163]}],"symbols":[]}},"quote_count":0,"reply_count":0,"retweet_count":1,"favorite_count":14,"entities":{"hashtags":[],"urls":[{"url":"https://t.co/FqNzVerEym","expanded_url":"https://twitter.com/i/web/status/1082608423412342784","display_url":"twitter.com/i/web/status/1…","indices":[117,140]}],"user_mentions":[],"symbols":[]},"favorited":false,"retweeted":false,"filter_level":"low","lang":"pt"},"quoted_status_permalink":{"url":"https://t.co/shu4txKsL4","expanded":"https://twitter.com/srtaSchatz/status/1082608423412342784","display":"twitter.com/srtaSchatz/sta…"},"is_quote_status":true,"quote_count":0,"reply_count":0,"retweet_count":0,"favorite_count":7,"entities":{"hashtags":[],"urls":[{"url":"https://t.co/shu4txKsL4","expanded_url":"https://twitter.com/srtaSchatz/status/1082608423412342784","display_url":"twitter.com/srtaSchatz/sta…","indices":[6,29]}],"user_mentions":[],"symbols":[]},"favorited":false,"retweeted":false,"possibly_sensitive":false,"filter_level":"low","lang":"und","matching_rules":[{"tag":null}]}