{"created_at":"Mon Jan 07 16:43:57 +0000 2019","id":1082316921121501200,"id_str":"1082316921121501185","text":"RT @nilsonjr: “a única métrica para ser bem sucedido é não ter vergonha do que faz para viver” —@startupdareal\nO texto certo na hora certa.…","source":"<a href=\"http://twitter.com\" rel=\"nofollow\">Twitter Web Client</a>","truncated":false,"in_reply_to_status_id":null,"in_reply_to_status_id_str":null,"in_reply_to_user_id":null,"in_reply_to_user_id_str":null,"in_reply_to_screen_name":null,"user":{"id":932675351913926700,"id_str":"932675351913926656","name":"Startupdareal","screen_name":"startupdareal","location":"San Francisco, CA","url":"https://medium.com/startup-da-real","description":"#1 lugar livro de empreendedorismo mais vendido na Amazon, com \"Este livro não vai te deixar rico\"","translator_type":"none","protected":false,"verified":false,"followers_count":25736,"friends_count":176,"listed_count":112,"favourites_count":20411,"statuses_count":17948,"created_at":"Mon Nov 20 18:21:46 +0000 2017","utc_offset":null,"time_zone":null,"geo_enabled":true,"lang":"en","contributors_enabled":false,"is_translator":false,"profile_background_color":"000000","profile_background_image_url":"http://abs.twimg.com/images/themes/theme1/bg.png","profile_background_image_url_https":"https://abs.twimg.com/images/themes/theme1/bg.png","profile_background_tile":false,"profile_link_color":"FAB81E","profile_sidebar_border_color":"000000","profile_sidebar_fill_color":"000000","profile_text_color":"000000","profile_use_background_image":false,"profile_image_url":"http://pbs.twimg.com/profile_images/932680310336180226/PXZJpu93_normal.jpg","profile_image_url_https":"https://pbs.twimg.com/profile_images/932680310336180226/PXZJpu93_normal.jpg","profile_banner_url":"https://pbs.twimg.com/profile_banners/932675351913926656/1511203272","default_profile":false,"default_profile_image":false,"following":null,"follow_request_sent":null,"notifications":null},"geo":null,"coordinates":null,"place":null,"contributors":null,"retweeted_status":{"created_at":"Mon Jan 07 16:41:49 +0000 2019","id":1082316386192494600,"id_str":"1082316386192494593","text":"“a única métrica para ser bem sucedido é não ter vergonha do que faz para viver” —@startupdareal\nO texto certo na h… https://t.co/NMJt9mvKma","source":"<a href=\"http://twitter.com\" rel=\"nofollow\">Twitter Web Client</a>","truncated":true,"in_reply_to_status_id":null,"in_reply_to_status_id_str":null,"in_reply_to_user_id":null,"in_reply_to_user_id_str":null,"in_reply_to_screen_name":null,"user":{"id":9483842,"id_str":"9483842","name":"Nilson Jr","screen_name":"nilsonjr","location":"Brasil, São Paulo","url":null,"description":"Programo, organizo umas coisas, sofro pelo Corinthians, comento sobre coisas que eu não entendo e faço piadas sem graça com pré-requisito.","translator_type":"regular","protected":false,"verified":false,"followers_count":466,"friends_count":569,"listed_count":21,"favourites_count":13043,"statuses_count":14729,"created_at":"Tue Oct 16 19:03:15 +0000 2007","utc_offset":null,"time_zone":null,"geo_enabled":true,"lang":"pt","contributors_enabled":false,"is_translator":false,"profile_background_color":"FFFFFF","profile_background_image_url":"http://abs.twimg.com/images/themes/theme1/bg.png","profile_background_image_url_https":"https://abs.twimg.com/images/themes/theme1/bg.png","profile_background_tile":false,"profile_link_color":"990000","profile_sidebar_border_color":"DFDFDF","profile_sidebar_fill_color":"F3F3F3","profile_text_color":"333333","profile_use_background_image":false,"profile_image_url":"http://pbs.twimg.com/profile_images/1013062503302123522/Shy-LgEM_normal.jpg","profile_image_url_https":"https://pbs.twimg.com/profile_images/1013062503302123522/Shy-LgEM_normal.jpg","profile_banner_url":"https://pbs.twimg.com/profile_banners/9483842/1548709383","default_profile":false,"default_profile_image":false,"following":null,"follow_request_sent":null,"notifications":null},"geo":null,"coordinates":null,"place":null,"contributors":null,"is_quote_status":false,"extended_tweet":{"full_text":"“a única métrica para ser bem sucedido é não ter vergonha do que faz para viver” —@startupdareal\nO texto certo na hora certa. \nhttps://t.co/yAoKREIw79","display_text_range":[0,150],"entities":{"hashtags":[],"urls":[{"url":"https://t.co/yAoKREIw79","expanded_url":"https://link.medium.com/qQymej5UhT","display_url":"link.medium.com/qQymej5UhT","indices":[127,150]}],"user_mentions":[{"screen_name":"startupdareal","name":"Startupdareal","id":932675351913926700,"id_str":"932675351913926656","indices":[82,96]}],"symbols":[]}},"quote_count":0,"reply_count":0,"retweet_count":10,"favorite_count":45,"entities":{"hashtags":[],"urls":[{"url":"https://t.co/NMJt9mvKma","expanded_url":"https://twitter.com/i/web/status/1082316386192494593","display_url":"twitter.com/i/web/status/1…","indices":[117,140]}],"user_mentions":[{"screen_name":"startupdareal","name":"Startupdareal","id":932675351913926700,"id_str":"932675351913926656","indices":[82,96]}],"symbols":[]},"favorited":false,"retweeted":false,"possibly_sensitive":false,"filter_level":"low","lang":"pt"},"is_quote_status":false,"quote_count":0,"reply_count":0,"retweet_count":0,"favorite_count":0,"entities":{"hashtags":[],"urls":[],"user_mentions":[{"screen_name":"nilsonjr","name":"Nilson Jr","id":9483842,"id_str":"9483842","indices":[3,12]},{"screen_name":"startupdareal","name":"Startupdareal","id":932675351913926700,"id_str":"932675351913926656","indices":[96,110]}],"symbols":[]},"favorited":false,"retweeted":false,"filter_level":"low","lang":"pt","matching_rules":[{"tag":null}]}