{"created_at":"Tue Jan 08 03:17:43 +0000 2019","id":1082476413545005000,"id_str":"1082476413545005056","text":"RT @renan_oliveira: \"A única métrica para ser bem sucedido é não ter vergonha do que faz para viver.\" https://t.co/zKe6KGZWI8","source":"<a href=\"http://twitter.com\" rel=\"nofollow\">Twitter Web Client</a>","truncated":false,"in_reply_to_status_id":null,"in_reply_to_status_id_str":null,"in_reply_to_user_id":null,"in_reply_to_user_id_str":null,"in_reply_to_screen_name":null,"user":{"id":932675351913926700,"id_str":"932675351913926656","name":"Startupdareal","screen_name":"startupdareal","location":"San Francisco, CA","url":"https://medium.com/startup-da-real","description":"#1 lugar livro de empreendedorismo mais vendido na Amazon, com \"Este livro não vai te deixar rico\"","translator_type":"none","protected":false,"verified":false,"followers_count":25736,"friends_count":176,"listed_count":112,"favourites_count":20411,"statuses_count":17948,"created_at":"Mon Nov 20 18:21:46 +0000 2017","utc_offset":null,"time_zone":null,"geo_enabled":true,"lang":"en","contributors_enabled":false,"is_translator":false,"profile_background_color":"000000","profile_background_image_url":"http://abs.twimg.com/images/themes/theme1/bg.png","profile_background_image_url_https":"https://abs.twimg.com/images/themes/theme1/bg.png","profile_background_tile":false,"profile_link_color":"FAB81E","profile_sidebar_border_color":"000000","profile_sidebar_fill_color":"000000","profile_text_color":"000000","profile_use_background_image":false,"profile_image_url":"http://pbs.twimg.com/profile_images/932680310336180226/PXZJpu93_normal.jpg","profile_image_url_https":"https://pbs.twimg.com/profile_images/932680310336180226/PXZJpu93_normal.jpg","profile_banner_url":"https://pbs.twimg.com/profile_banners/932675351913926656/1511203272","default_profile":false,"default_profile_image":false,"following":null,"follow_request_sent":null,"notifications":null},"geo":null,"coordinates":null,"place":null,"contributors":null,"retweeted_status":{"created_at":"Tue Jan 08 02:39:38 +0000 2019","id":1082466833117204500,"id_str":"1082466833117204480","text":"\"A única métrica para ser bem sucedido é não ter vergonha do que faz para viver.\" https://t.co/zKe6KGZWI8","display_text_range":[0,81],"source":"<a href=\"http://twitter.com/download/android\" rel=\"nofollow\">Twitter for Android</a>","truncated":false,"in_reply_to_status_id":null,"in_reply_to_status_id_str":null,"in_reply_to_user_id":null,"in_reply_to_user_id_str":null,"in_reply_to_screen_name":null,"user":{"id":18021489,"id_str":"18021489","name":"Renan Oliveira","screen_name":"renan_oliveira","location":"Rio de Janeiro, RJ","url":"http://renanoliveira.net","description":"Um cara que gosta de dados! Co-fundador do Data Bootcamp e Engenheiro de dados e de Machine Learning na http://Globo.com","translator_type":"none","protected":false,"verified":false,"followers_count":784,"friends_count":628,"listed_count":41,"favourites_count":9264,"statuses_count":6411,"created_at":"Wed Dec 10 15:32:03 +0000 2008","utc_offset":null,"time_zone":null,"geo_enabled":true,"lang":"pt","contributors_enabled":false,"is_translator":false,"profile_background_color":"1A1B1F","profile_background_image_url":"http://abs.twimg.com/images/themes/theme1/bg.png","profile_background_image_url_https":"https://abs.twimg.com/images/themes/theme1/bg.png","profile_background_tile":false,"profile_link_color":"2FC2EF","profile_sidebar_border_color":"FFFFFF","profile_sidebar_fill_color":"DDFFCC","profile_text_color":"333333","profile_use_background_image":true,"profile_image_url":"http://pbs.twimg.com/profile_images/994756352307269633/Ax3lBwB3_normal.jpg","profile_image_url_https":"https://pbs.twimg.com/profile_images/994756352307269633/Ax3lBwB3_normal.jpg","profile_banner_url":"https://pbs.twimg.com/profile_banners/18021489/1518185245","default_profile":false,"default_profile_image":false,"following":null,"follow_request_sent":null,"notifications":null},"geo":null,"coordinates":null,"place":{"id":"97bcdfca1a2dca59","url":"https://api.twitter.com/1.1/geo/id/97bcdfca1a2dca59.json","place_type":"city","name":"Rio de Janeiro","full_name":"Rio de Janeiro, Brazil","country_code":"BR","country":"Brazil","bounding_box":{"type":"Polygon","coordinates":[[[-43.795449,-23.08302],[-43.795449,-22.739823],[-43.087707,-22.739823],[-43.087707,-23.08302]]]},"attributes":{}},"contributors":null,"quoted_status_id":1082284329340940300,"quoted_status_id_str":"1082284329340940288","quoted_status":{"created_at":"Mon Jan 07 14:34:26 +0000 2019","id":1082284329340940300,"id_str":"1082284329340940288","text":"Você já ouviu que precisa saber onde quer chegar? Ter um GPS da vida? \n\nJá ouviu que precisa calcular quanto ganhar… https://t.co/Ch4nFruPOM","source":"<a href=\"http://twitter.com\" rel=\"nofollow\">Twitter Web Client</a>","truncated":true,"in_reply_to_status_id":null,"in_reply_to_status_id_str":null,"in_reply_to_user_id":null,"in_reply_to_user_id_str":null,"in_reply_to_screen_name":null,"user":{"id":932675351913926700,"id_str":"932675351913926656","name":"Startupdareal","screen_name":"startupdareal","location":"San Francisco, CA","url":"https://medium.com/startup-da-real","description":"#1 lugar livro de empreendedorismo mais vendido na Amazon, com \"Este livro não vai te deixar rico\"","translator_type":"none","protected":false,"verified":false,"followers_count":25736,"friends_count":176,"listed_count":112,"favourites_count":20411,"statuses_count":17948,"created_at":"Mon Nov 20 18:21:46 +0000 2017","utc_offset":null,"time_zone":null,"geo_enabled":true,"lang":"en","contributors_enabled":false,"is_translator":false,"profile_background_color":"000000","profile_background_image_url":"http://abs.twimg.com/images/themes/theme1/bg.png","profile_background_image_url_https":"https://abs.twimg.com/images/themes/theme1/bg.png","profile_background_tile":false,"profile_link_color":"FAB81E","profile_sidebar_border_color":"000000","profile_sidebar_fill_color":"000000","profile_text_color":"000000","profile_use_background_image":false,"profile_image_url":"http://pbs.twimg.com/profile_images/932680310336180226/PXZJpu93_normal.jpg","profile_image_url_https":"https://pbs.twimg.com/profile_images/932680310336180226/PXZJpu93_normal.jpg","profile_banner_url":"https://pbs.twimg.com/profile_banners/932675351913926656/1511203272","default_profile":false,"default_profile_image":false,"following":null,"follow_request_sent":null,"notifications":null},"geo":null,"coordinates":null,"place":null,"contributors":null,"is_quote_status":false,"extended_tweet":{"full_text":"Você já ouviu que precisa saber onde quer chegar? Ter um GPS da vida? \n\nJá ouviu que precisa calcular quanto ganharia num excelente emprego e que, para sustentar o estilo de vida ideal, a única saída é empreender?\n\nTenho um recado para você. \n \nhttps://t.co/NdMEtjpvdn","display_text_range":[0,268],"entities":{"hashtags":[],"urls":[{"url":"https://t.co/NdMEtjpvdn","expanded_url":"https://medium.com/startup-da-real/como-n%C3%A3o-planejar-uma-vida-de-sucesso-3dc8433162be","display_url":"medium.com/startup-da-rea…","indices":[245,268]}],"user_mentions":[],"symbols":[]}},"quote_count":0,"reply_count":60,"retweet_count":239,"favorite_count":852,"entities":{"hashtags":[],"urls":[{"url":"https://t.co/Ch4nFruPOM","expanded_url":"https://twitter.com/i/web/status/1082284329340940288","display_url":"twitter.com/i/web/status/1…","indices":[117,140]}],"user_mentions":[],"symbols":[]},"favorited":false,"retweeted":false,"possibly_sensitive":false,"filter_level":"low","lang":"pt"},"quoted_status_permalink":{"url":"https://t.co/zKe6KGZWI8","expanded":"https://twitter.com/startupdareal/status/1082284329340940288","display":"twitter.com/startupdareal/…"},"is_quote_status":true,"quote_count":0,"reply_count":0,"retweet_count":1,"favorite_count":23,"entities":{"hashtags":[],"urls":[{"url":"https://t.co/zKe6KGZWI8","expanded_url":"https://twitter.com/startupdareal/status/1082284329340940288","display_url":"twitter.com/startupdareal/…","indices":[82,105]}],"user_mentions":[],"symbols":[]},"favorited":false,"retweeted":false,"possibly_sensitive":false,"filter_level":"low","lang":"pt"},"quoted_status_id":1082284329340940300,"quoted_status_id_str":"1082284329340940288","quoted_status":{"created_at":"Mon Jan 07 14:34:26 +0000 2019","id":1082284329340940300,"id_str":"1082284329340940288","text":"Você já ouviu que precisa saber onde quer chegar? Ter um GPS da vida? \n\nJá ouviu que precisa calcular quanto ganhar… https://t.co/Ch4nFruPOM","source":"<a href=\"http://twitter.com\" rel=\"nofollow\">Twitter Web Client</a>","truncated":true,"in_reply_to_status_id":null,"in_reply_to_status_id_str":null,"in_reply_to_user_id":null,"in_reply_to_user_id_str":null,"in_reply_to_screen_name":null,"user":{"id":932675351913926700,"id_str":"932675351913926656","name":"Startupdareal","screen_name":"startupdareal","location":"San Francisco, CA","url":"https://medium.com/startup-da-real","description":"#1 lugar livro de empreendedorismo mais vendido na Amazon, com \"Este livro não vai te deixar rico\"","translator_type":"none","protected":false,"verified":false,"followers_count":25736,"friends_count":176,"listed_count":112,"favourites_count":20411,"statuses_count":17948,"created_at":"Mon Nov 20 18:21:46 +0000 2017","utc_offset":null,"time_zone":null,"geo_enabled":true,"lang":"en","contributors_enabled":false,"is_translator":false,"profile_background_color":"000000","profile_background_image_url":"http://abs.twimg.com/images/themes/theme1/bg.png","profile_background_image_url_https":"https://abs.twimg.com/images/themes/theme1/bg.png","profile_background_tile":false,"profile_link_color":"FAB81E","profile_sidebar_border_color":"000000","profile_sidebar_fill_color":"000000","profile_text_color":"000000","profile_use_background_image":false,"profile_image_url":"http://pbs.twimg.com/profile_images/932680310336180226/PXZJpu93_normal.jpg","profile_image_url_https":"https://pbs.twimg.com/profile_images/932680310336180226/PXZJpu93_normal.jpg","profile_banner_url":"https://pbs.twimg.com/profile_banners/932675351913926656/1511203272","default_profile":false,"default_profile_image":false,"following":null,"follow_request_sent":null,"notifications":null},"geo":null,"coordinates":null,"place":null,"contributors":null,"is_quote_status":false,"extended_tweet":{"full_text":"Você já ouviu que precisa saber onde quer chegar? Ter um GPS da vida? \n\nJá ouviu que precisa calcular quanto ganharia num excelente emprego e que, para sustentar o estilo de vida ideal, a única saída é empreender?\n\nTenho um recado para você. \n \nhttps://t.co/NdMEtjpvdn","display_text_range":[0,268],"entities":{"hashtags":[],"urls":[{"url":"https://t.co/NdMEtjpvdn","expanded_url":"https://medium.com/startup-da-real/como-n%C3%A3o-planejar-uma-vida-de-sucesso-3dc8433162be","display_url":"medium.com/startup-da-rea…","indices":[245,268]}],"user_mentions":[],"symbols":[]}},"quote_count":0,"reply_count":60,"retweet_count":239,"favorite_count":852,"entities":{"hashtags":[],"urls":[{"url":"https://t.co/Ch4nFruPOM","expanded_url":"https://twitter.com/i/web/status/1082284329340940288","display_url":"twitter.com/i/web/status/1…","indices":[117,140]}],"user_mentions":[],"symbols":[]},"favorited":false,"retweeted":false,"possibly_sensitive":false,"filter_level":"low","lang":"pt"},"quoted_status_permalink":{"url":"https://t.co/zKe6KGZWI8","expanded":"https://twitter.com/startupdareal/status/1082284329340940288","display":"twitter.com/startupdareal/…"},"is_quote_status":true,"quote_count":0,"reply_count":0,"retweet_count":0,"favorite_count":0,"entities":{"hashtags":[],"urls":[{"url":"https://t.co/zKe6KGZWI8","expanded_url":"https://twitter.com/startupdareal/status/1082284329340940288","display_url":"twitter.com/startupdareal/…","indices":[102,125]}],"user_mentions":[{"screen_name":"renan_oliveira","name":"Renan Oliveira","id":18021489,"id_str":"18021489","indices":[3,18]}],"symbols":[]},"favorited":false,"retweeted":false,"possibly_sensitive":false,"filter_level":"low","lang":"pt","matching_rules":[{"tag":null}]}