{"created_at":"Tue Jan 08 22:02:49 +0000 2019","id":1082759558060298200,"id_str":"1082759558060298240","text":"agora ficou sério https://t.co/1HMHpyAjVs","display_text_range":[0,17],"source":"<a href=\"http://twitter.com\" rel=\"nofollow\">Twitter Web Client</a>","truncated":false,"in_reply_to_status_id":null,"in_reply_to_status_id_str":null,"in_reply_to_user_id":null,"in_reply_to_user_id_str":null,"in_reply_to_screen_name":null,"user":{"id":932675351913926700,"id_str":"932675351913926656","name":"Startupdareal","screen_name":"startupdareal","location":"San Francisco, CA","url":"https://medium.com/startup-da-real","description":"#1 lugar livro de empreendedorismo mais vendido na Amazon, com \"Este livro não vai te deixar rico\"","translator_type":"none","protected":false,"verified":false,"followers_count":25736,"friends_count":176,"listed_count":112,"favourites_count":20411,"statuses_count":17948,"created_at":"Mon Nov 20 18:21:46 +0000 2017","utc_offset":null,"time_zone":null,"geo_enabled":true,"lang":"en","contributors_enabled":false,"is_translator":false,"profile_background_color":"000000","profile_background_image_url":"http://abs.twimg.com/images/themes/theme1/bg.png","profile_background_image_url_https":"https://abs.twimg.com/images/themes/theme1/bg.png","profile_background_tile":false,"profile_link_color":"FAB81E","profile_sidebar_border_color":"000000","profile_sidebar_fill_color":"000000","profile_text_color":"000000","profile_use_background_image":false,"profile_image_url":"http://pbs.twimg.com/profile_images/932680310336180226/PXZJpu93_normal.jpg","profile_image_url_https":"https://pbs.twimg.com/profile_images/932680310336180226/PXZJpu93_normal.jpg","profile_banner_url":"https://pbs.twimg.com/profile_banners/932675351913926656/1511203272","default_profile":false,"default_profile_image":false,"following":null,"follow_request_sent":null,"notifications":null},"geo":null,"coordinates":null,"place":null,"contributors":null,"quoted_status_id":1082759074993836000,"quoted_status_id_str":"1082759074993836033","quoted_status":{"created_at":"Tue Jan 08 22:00:54 +0000 2019","id":1082759074993836000,"id_str":"1082759074993836033","text":"@startupdareal https://t.co/HwngI9uj46","display_text_range":[14,14],"source":"<a href=\"https://mobile.twitter.com\" rel=\"nofollow\">Twitter Web App</a>","truncated":false,"in_reply_to_status_id":1082754620294869000,"in_reply_to_status_id_str":"1082754620294868992","in_reply_to_user_id":932675351913926700,"in_reply_to_user_id_str":"932675351913926656","in_reply_to_screen_name":"startupdareal","user":{"id":391491491,"id_str":"391491491","name":"maiky","screen_name":"maikypontes","location":"Itapetininga, Brasil","url":null,"description":null,"translator_type":"none","protected":false,"verified":false,"followers_count":11,"friends_count":412,"listed_count":0,"favourites_count":3756,"statuses_count":36,"created_at":"Sat Oct 15 16:59:52 +0000 2011","utc_offset":null,"time_zone":null,"geo_enabled":false,"lang":"pt","contributors_enabled":false,"is_translator":false,"profile_background_color":"C0DEED","profile_background_image_url":"http://abs.twimg.com/images/themes/theme1/bg.png","profile_background_image_url_https":"https://abs.twimg.com/images/themes/theme1/bg.png","profile_background_tile":false,"profile_link_color":"1DA1F2","profile_sidebar_border_color":"C0DEED","profile_sidebar_fill_color":"DDEEF6","profile_text_color":"333333","profile_use_background_image":true,"profile_image_url":"http://pbs.twimg.com/profile_images/1067419803533668357/qGeR3I7I_normal.jpg","profile_image_url_https":"https://pbs.twimg.com/profile_images/1067419803533668357/qGeR3I7I_normal.jpg","default_profile":true,"default_profile_image":false,"following":null,"follow_request_sent":null,"notifications":null},"geo":null,"coordinates":null,"place":null,"contributors":null,"is_quote_status":false,"quote_count":0,"reply_count":0,"retweet_count":0,"favorite_count":4,"entities":{"hashtags":[],"urls":[],"user_mentions":[{"screen_name":"startupdareal","name":"Startupdareal","id":932675351913926700,"id_str":"932675351913926656","indices":[0,14]}],"symbols":[],"media":[{"id":1082759059755933700,"id_str":"1082759059755933698","indices":[15,38],"media_url":"http://pbs.twimg.com/media/Dwa7oM4WoAI6EJE.jpg","media_url_https":"https://pbs.twimg.com/media/Dwa7oM4WoAI6EJE.jpg","url":"https://t.co/HwngI9uj46","display_url":"pic.twitter.com/HwngI9uj46","expanded_url":"https://twitter.com/maikypontes/status/1082759074993836033/photo/1","type":"photo","sizes":{"medium":{"w":675,"h":1200,"resize":"fit"},"thumb":{"w":150,"h":150,"resize":"crop"},"large":{"w":720,"h":1280,"resize":"fit"},"small":{"w":383,"h":680,"resize":"fit"}}}]},"extended_entities":{"media":[{"id":1082759059755933700,"id_str":"1082759059755933698","indices":[15,38],"media_url":"http://pbs.twimg.com/media/Dwa7oM4WoAI6EJE.jpg","media_url_https":"https://pbs.twimg.com/media/Dwa7oM4WoAI6EJE.jpg","url":"https://t.co/HwngI9uj46","display_url":"pic.twitter.com/HwngI9uj46","expanded_url":"https://twitter.com/maikypontes/status/1082759074993836033/photo/1","type":"photo","sizes":{"medium":{"w":675,"h":1200,"resize":"fit"},"thumb":{"w":150,"h":150,"resize":"crop"},"large":{"w":720,"h":1280,"resize":"fit"},"small":{"w":383,"h":680,"resize":"fit"}}}]},"favorited":false,"retweeted":false,"possibly_sensitive":false,"filter_level":"low","lang":"und"},"quoted_status_permalink":{"url":"https://t.co/1HMHpyAjVs","expanded":"https://twitter.com/maikypontes/status/1082759074993836033","display":"twitter.com/maikypontes/st…"},"is_quote_status":true,"quote_count":0,"reply_count":3,"retweet_count":1,"favorite_count":30,"entities":{"hashtags":[],"urls":[{"url":"https://t.co/1HMHpyAjVs","expanded_url":"https://twitter.com/maikypontes/status/1082759074993836033","display_url":"twitter.com/maikypontes/st…","indices":[18,41]}],"user_mentions":[],"symbols":[]},"favorited":false,"retweeted":false,"possibly_sensitive":false,"filter_level":"low","lang":"pt","matching_rules":[{"tag":null}]}