{"created_at":"Mon Jan 07 20:17:48 +0000 2019","id":1082370740832354300,"id_str":"1082370740832354304","text":"RT @jhonnyfreire: Que texto incrível @startupdareal. Me fez refletir muito sobre minhas últimas decisões, obrigado.\nhttps://t.co/VJNk0W5LcU","source":"<a href=\"http://twitter.com\" rel=\"nofollow\">Twitter Web Client</a>","truncated":false,"in_reply_to_status_id":null,"in_reply_to_status_id_str":null,"in_reply_to_user_id":null,"in_reply_to_user_id_str":null,"in_reply_to_screen_name":null,"user":{"id":932675351913926700,"id_str":"932675351913926656","name":"Startupdareal","screen_name":"startupdareal","location":"San Francisco, CA","url":"https://medium.com/startup-da-real","description":"#1 lugar livro de empreendedorismo mais vendido na Amazon, com \"Este livro não vai te deixar rico\"","translator_type":"none","protected":false,"verified":false,"followers_count":25736,"friends_count":176,"listed_count":112,"favourites_count":20411,"statuses_count":17948,"created_at":"Mon Nov 20 18:21:46 +0000 2017","utc_offset":null,"time_zone":null,"geo_enabled":true,"lang":"en","contributors_enabled":false,"is_translator":false,"profile_background_color":"000000","profile_background_image_url":"http://abs.twimg.com/images/themes/theme1/bg.png","profile_background_image_url_https":"https://abs.twimg.com/images/themes/theme1/bg.png","profile_background_tile":false,"profile_link_color":"FAB81E","profile_sidebar_border_color":"000000","profile_sidebar_fill_color":"000000","profile_text_color":"000000","profile_use_background_image":false,"profile_image_url":"http://pbs.twimg.com/profile_images/932680310336180226/PXZJpu93_normal.jpg","profile_image_url_https":"https://pbs.twimg.com/profile_images/932680310336180226/PXZJpu93_normal.jpg","profile_banner_url":"https://pbs.twimg.com/profile_banners/932675351913926656/1511203272","default_profile":false,"default_profile_image":false,"following":null,"follow_request_sent":null,"notifications":null},"geo":null,"coordinates":null,"place":null,"contributors":null,"retweeted_status":{"created_at":"Mon Jan 07 20:07:19 +0000 2019","id":1082368101839183900,"id_str":"1082368101839183874","text":"Que texto incrível @startupdareal. Me fez refletir muito sobre minhas últimas decisões, obrigado.\nhttps://t.co/VJNk0W5LcU","source":"<a href=\"http://twitter.com\" rel=\"nofollow\">Twitter Web Client</a>","truncated":false,"in_reply_to_status_id":null,"in_reply_to_status_id_str":null,"in_reply_to_user_id":null,"in_reply_to_user_id_str":null,"in_reply_to_screen_name":null,"user":{"id":615418377,"id_str":"615418377","name":"Jhonny Freire","screen_name":"jhonnyfreire","location":"Guarulhos - SP","url":"http://jhonnyfreire.net","description":"Existem 10 tipos de pessoas, as que entendem binário e as que não entendem","translator_type":"none","protected":false,"verified":false,"followers_count":65,"friends_count":187,"listed_count":7,"favourites_count":1344,"statuses_count":1899,"created_at":"Fri Jun 22 16:56:46 +0000 2012","utc_offset":null,"time_zone":null,"geo_enabled":false,"lang":"pt","contributors_enabled":false,"is_translator":false,"profile_background_color":"131516","profile_background_image_url":"http://abs.twimg.com/images/themes/theme14/bg.gif","profile_background_image_url_https":"https://abs.twimg.com/images/themes/theme14/bg.gif","profile_background_tile":true,"profile_link_color":"000000","profile_sidebar_border_color":"000000","profile_sidebar_fill_color":"EFEFEF","profile_text_color":"333333","profile_use_background_image":true,"profile_image_url":"http://pbs.twimg.com/profile_images/1015286854181105664/ZtC1yYiW_normal.jpg","profile_image_url_https":"https://pbs.twimg.com/profile_images/1015286854181105664/ZtC1yYiW_normal.jpg","profile_banner_url":"https://pbs.twimg.com/profile_banners/615418377/1501332321","default_profile":false,"default_profile_image":false,"following":null,"follow_request_sent":null,"notifications":null},"geo":null,"coordinates":null,"place":null,"contributors":null,"is_quote_status":false,"quote_count":0,"reply_count":1,"retweet_count":4,"favorite_count":31,"entities":{"hashtags":[],"urls":[{"url":"https://t.co/VJNk0W5LcU","expanded_url":"https://link.medium.com/R4zPrXL9hT","display_url":"link.medium.com/R4zPrXL9hT","indices":[98,121]}],"user_mentions":[{"screen_name":"startupdareal","name":"Startupdareal","id":932675351913926700,"id_str":"932675351913926656","indices":[19,33]}],"symbols":[]},"favorited":false,"retweeted":false,"possibly_sensitive":false,"filter_level":"low","lang":"pt"},"is_quote_status":false,"quote_count":0,"reply_count":0,"retweet_count":0,"favorite_count":0,"entities":{"hashtags":[],"urls":[{"url":"https://t.co/VJNk0W5LcU","expanded_url":"https://link.medium.com/R4zPrXL9hT","display_url":"link.medium.com/R4zPrXL9hT","indices":[116,139]}],"user_mentions":[{"screen_name":"jhonnyfreire","name":"Jhonny Freire","id":615418377,"id_str":"615418377","indices":[3,16]},{"screen_name":"startupdareal","name":"Startupdareal","id":932675351913926700,"id_str":"932675351913926656","indices":[37,51]}],"symbols":[]},"favorited":false,"retweeted":false,"possibly_sensitive":false,"filter_level":"low","lang":"pt","matching_rules":[{"tag":null}]}