{"created_at":"Tue Jan 08 01:42:35 +0000 2019","id":1082452474517180400,"id_str":"1082452474517180416","text":"Manda ele lembrar disso quando tomar um remédio, não precisar ferver água para beber, usar aquele remédio para rini… https://t.co/ITpXV6lcpy","display_text_range":[0,140],"source":"<a href=\"http://twitter.com/download/iphone\" rel=\"nofollow\">Twitter for iPhone</a>","truncated":true,"in_reply_to_status_id":null,"in_reply_to_status_id_str":null,"in_reply_to_user_id":null,"in_reply_to_user_id_str":null,"in_reply_to_screen_name":null,"user":{"id":932675351913926700,"id_str":"932675351913926656","name":"Startupdareal","screen_name":"startupdareal","location":"San Francisco, CA","url":"https://medium.com/startup-da-real","description":"#1 lugar livro de empreendedorismo mais vendido na Amazon, com \"Este livro não vai te deixar rico\"","translator_type":"none","protected":false,"verified":false,"followers_count":25736,"friends_count":176,"listed_count":112,"favourites_count":20411,"statuses_count":17948,"created_at":"Mon Nov 20 18:21:46 +0000 2017","utc_offset":null,"time_zone":null,"geo_enabled":true,"lang":"en","contributors_enabled":false,"is_translator":false,"profile_background_color":"000000","profile_background_image_url":"http://abs.twimg.com/images/themes/theme1/bg.png","profile_background_image_url_https":"https://abs.twimg.com/images/themes/theme1/bg.png","profile_background_tile":false,"profile_link_color":"FAB81E","profile_sidebar_border_color":"000000","profile_sidebar_fill_color":"000000","profile_text_color":"000000","profile_use_background_image":false,"profile_image_url":"http://pbs.twimg.com/profile_images/932680310336180226/PXZJpu93_normal.jpg","profile_image_url_https":"https://pbs.twimg.com/profile_images/932680310336180226/PXZJpu93_normal.jpg","profile_banner_url":"https://pbs.twimg.com/profile_banners/932675351913926656/1511203272","default_profile":false,"default_profile_image":false,"following":null,"follow_request_sent":null,"notifications":null},"geo":null,"coordinates":null,"place":null,"contributors":null,"quoted_status_id":1082443221253406700,"quoted_status_id_str":"1082443221253406721","quoted_status":{"created_at":"Tue Jan 08 01:05:49 +0000 2019","id":1082443221253406700,"id_str":"1082443221253406721","text":"Aprendam aí  @startupdareal e @empreendedorpa.\nMudar vidas é o que há https://t.co/BMefJnIkqo","display_text_range":[0,69],"source":"<a href=\"http://twitter.com/download/android\" rel=\"nofollow\">Twitter for Android</a>","truncated":false,"in_reply_to_status_id":null,"in_reply_to_status_id_str":null,"in_reply_to_user_id":null,"in_reply_to_user_id_str":null,"in_reply_to_screen_name":null,"user":{"id":4879521496,"id_str":"4879521496","name":"frustração em pessoa","screen_name":"mascarenhado","location":null,"url":null,"description":"perfil comprado pelo pt","translator_type":"none","protected":false,"verified":false,"followers_count":112,"friends_count":486,"listed_count":0,"favourites_count":22640,"statuses_count":7488,"created_at":"Sat Feb 06 00:45:49 +0000 2016","utc_offset":null,"time_zone":null,"geo_enabled":false,"lang":"pt","contributors_enabled":false,"is_translator":false,"profile_background_color":"000000","profile_background_image_url":"http://abs.twimg.com/images/themes/theme1/bg.png","profile_background_image_url_https":"https://abs.twimg.com/images/themes/theme1/bg.png","profile_background_tile":false,"profile_link_color":"1B95E0","profile_sidebar_border_color":"000000","profile_sidebar_fill_color":"000000","profile_text_color":"000000","profile_use_background_image":false,"profile_image_url":"http://pbs.twimg.com/profile_images/1082833534182666242/ymO1-Ucb_normal.jpg","profile_image_url_https":"https://pbs.twimg.com/profile_images/1082833534182666242/ymO1-Ucb_normal.jpg","profile_banner_url":"https://pbs.twimg.com/profile_banners/4879521496/1538572225","default_profile":false,"default_profile_image":false,"following":null,"follow_request_sent":null,"notifications":null},"geo":null,"coordinates":null,"place":null,"contributors":null,"is_quote_status":false,"quote_count":0,"reply_count":7,"retweet_count":0,"favorite_count":13,"entities":{"hashtags":[],"urls":[],"user_mentions":[{"screen_name":"startupdareal","name":"Startupdareal","id":932675351913926700,"id_str":"932675351913926656","indices":[13,27]},{"screen_name":"empreendedorpa","name":"Empreendedor Passivo Agressivo","id":1062349455159148500,"id_str":"1062349455159148545","indices":[30,45]}],"symbols":[],"media":[{"id":1082443164261204000,"id_str":"1082443164261203969","indices":[70,93],"media_url":"http://pbs.twimg.com/media/DwWcUqdWwAEaQCI.jpg","media_url_https":"https://pbs.twimg.com/media/DwWcUqdWwAEaQCI.jpg","url":"https://t.co/BMefJnIkqo","display_url":"pic.twitter.com/BMefJnIkqo","expanded_url":"https://twitter.com/mascarenhado/status/1082443221253406721/photo/1","type":"photo","sizes":{"thumb":{"w":150,"h":150,"resize":"crop"},"large":{"w":1080,"h":1576,"resize":"fit"},"small":{"w":466,"h":680,"resize":"fit"},"medium":{"w":822,"h":1200,"resize":"fit"}}}]},"extended_entities":{"media":[{"id":1082443164261204000,"id_str":"1082443164261203969","indices":[70,93],"media_url":"http://pbs.twimg.com/media/DwWcUqdWwAEaQCI.jpg","media_url_https":"https://pbs.twimg.com/media/DwWcUqdWwAEaQCI.jpg","url":"https://t.co/BMefJnIkqo","display_url":"pic.twitter.com/BMefJnIkqo","expanded_url":"https://twitter.com/mascarenhado/status/1082443221253406721/photo/1","type":"photo","sizes":{"thumb":{"w":150,"h":150,"resize":"crop"},"large":{"w":1080,"h":1576,"resize":"fit"},"small":{"w":466,"h":680,"resize":"fit"},"medium":{"w":822,"h":1200,"resize":"fit"}}}]},"favorited":false,"retweeted":false,"possibly_sensitive":false,"filter_level":"low","lang":"pt"},"quoted_status_permalink":{"url":"https://t.co/kXhtLaLqOe","expanded":"https://twitter.com/mascarenhado/status/1082443221253406721","display":"twitter.com/mascarenhado/s…"},"is_quote_status":true,"extended_tweet":{"full_text":"Manda ele lembrar disso quando tomar um remédio, não precisar ferver água para beber, usar aquele remédio para rinite,  carregar o celular pra postar essas asneiras, passar um desodorante ou simplesmente ligar a lâmpada de casa.\n\npior dizer q amar o que faz está ligado a  grana. https://t.co/kXhtLaLqOe","display_text_range":[0,279],"entities":{"hashtags":[],"urls":[{"url":"https://t.co/kXhtLaLqOe","expanded_url":"https://twitter.com/mascarenhado/status/1082443221253406721","display_url":"twitter.com/mascarenhado/s…","indices":[280,303]}],"user_mentions":[],"symbols":[]}},"quote_count":0,"reply_count":27,"retweet_count":41,"favorite_count":349,"entities":{"hashtags":[],"urls":[{"url":"https://t.co/ITpXV6lcpy","expanded_url":"https://twitter.com/i/web/status/1082452474517180416","display_url":"twitter.com/i/web/status/1…","indices":[117,140]}],"user_mentions":[],"symbols":[]},"favorited":false,"retweeted":false,"possibly_sensitive":false,"filter_level":"low","lang":"pt","matching_rules":[{"tag":null}]}