{"created_at":"Mon Jan 07 18:30:39 +0000 2019","id":1082343776155299800,"id_str":"1082343776155299847","text":"RT @naousual: Perdi o foco aqui: \"É mais fácil, no entanto, definir que jamais tentaríamos Jornalismo, História ou Matemática, ...\" mas ess…","source":"<a href=\"http://twitter.com\" rel=\"nofollow\">Twitter Web Client</a>","truncated":false,"in_reply_to_status_id":null,"in_reply_to_status_id_str":null,"in_reply_to_user_id":null,"in_reply_to_user_id_str":null,"in_reply_to_screen_name":null,"user":{"id":932675351913926700,"id_str":"932675351913926656","name":"Startupdareal","screen_name":"startupdareal","location":"San Francisco, CA","url":"https://medium.com/startup-da-real","description":"#1 lugar livro de empreendedorismo mais vendido na Amazon, com \"Este livro não vai te deixar rico\"","translator_type":"none","protected":false,"verified":false,"followers_count":25736,"friends_count":176,"listed_count":112,"favourites_count":20411,"statuses_count":17948,"created_at":"Mon Nov 20 18:21:46 +0000 2017","utc_offset":null,"time_zone":null,"geo_enabled":true,"lang":"en","contributors_enabled":false,"is_translator":false,"profile_background_color":"000000","profile_background_image_url":"http://abs.twimg.com/images/themes/theme1/bg.png","profile_background_image_url_https":"https://abs.twimg.com/images/themes/theme1/bg.png","profile_background_tile":false,"profile_link_color":"FAB81E","profile_sidebar_border_color":"000000","profile_sidebar_fill_color":"000000","profile_text_color":"000000","profile_use_background_image":false,"profile_image_url":"http://pbs.twimg.com/profile_images/932680310336180226/PXZJpu93_normal.jpg","profile_image_url_https":"https://pbs.twimg.com/profile_images/932680310336180226/PXZJpu93_normal.jpg","profile_banner_url":"https://pbs.twimg.com/profile_banners/932675351913926656/1511203272","default_profile":false,"default_profile_image":false,"following":null,"follow_request_sent":null,"notifications":null},"geo":null,"coordinates":null,"place":null,"contributors":null,"retweeted_status":{"created_at":"Mon Jan 07 18:29:02 +0000 2019","id":1082343366900236300,"id_str":"1082343366900236288","text":"Perdi o foco aqui: \"É mais fácil, no entanto, definir que jamais tentaríamos Jornalismo, História ou Matemática, ..… https://t.co/Xmr41chNNK","display_text_range":[0,140],"source":"<a href=\"http://twitter.com\" rel=\"nofollow\">Twitter Web Client</a>","truncated":true,"in_reply_to_status_id":null,"in_reply_to_status_id_str":null,"in_reply_to_user_id":null,"in_reply_to_user_id_str":null,"in_reply_to_screen_name":null,"user":{"id":19163331,"id_str":"19163331","name":"Ms Math.py com meregue vegano","screen_name":"naousual","location":"ÜT: -27.592373,-48.508187","url":null,"description":"Mathemagician,pylady,vegan,crafter, Rigger,anarkatransfeminist & others interests.Não binária endemoniada q empata opressões (fodas e a existência)de boy tosco.","translator_type":"none","protected":false,"verified":false,"followers_count":679,"friends_count":676,"listed_count":16,"favourites_count":8223,"statuses_count":5135,"created_at":"Mon Jan 19 00:02:22 +0000 2009","utc_offset":null,"time_zone":null,"geo_enabled":true,"lang":"en","contributors_enabled":false,"is_translator":false,"profile_background_color":"642D8B","profile_background_image_url":"http://abs.twimg.com/images/themes/theme15/bg.png","profile_background_image_url_https":"https://abs.twimg.com/images/themes/theme15/bg.png","profile_background_tile":false,"profile_link_color":"9266CC","profile_sidebar_border_color":"A8C7F7","profile_sidebar_fill_color":"C0DFEC","profile_text_color":"333333","profile_use_background_image":true,"profile_image_url":"http://pbs.twimg.com/profile_images/670286140746899456/1SmGdy5h_normal.jpg","profile_image_url_https":"https://pbs.twimg.com/profile_images/670286140746899456/1SmGdy5h_normal.jpg","profile_banner_url":"https://pbs.twimg.com/profile_banners/19163331/1450913257","default_profile":false,"default_profile_image":false,"following":null,"follow_request_sent":null,"notifications":null},"geo":null,"coordinates":null,"place":null,"contributors":null,"quoted_status_id":1082284329340940300,"quoted_status_id_str":"1082284329340940288","quoted_status":{"created_at":"Mon Jan 07 14:34:26 +0000 2019","id":1082284329340940300,"id_str":"1082284329340940288","text":"Você já ouviu que precisa saber onde quer chegar? Ter um GPS da vida? \n\nJá ouviu que precisa calcular quanto ganhar… https://t.co/Ch4nFruPOM","source":"<a href=\"http://twitter.com\" rel=\"nofollow\">Twitter Web Client</a>","truncated":true,"in_reply_to_status_id":null,"in_reply_to_status_id_str":null,"in_reply_to_user_id":null,"in_reply_to_user_id_str":null,"in_reply_to_screen_name":null,"user":{"id":932675351913926700,"id_str":"932675351913926656","name":"Startupdareal","screen_name":"startupdareal","location":"San Francisco, CA","url":"https://medium.com/startup-da-real","description":"#1 lugar livro de empreendedorismo mais vendido na Amazon, com \"Este livro não vai te deixar rico\"","translator_type":"none","protected":false,"verified":false,"followers_count":25736,"friends_count":176,"listed_count":112,"favourites_count":20411,"statuses_count":17948,"created_at":"Mon Nov 20 18:21:46 +0000 2017","utc_offset":null,"time_zone":null,"geo_enabled":true,"lang":"en","contributors_enabled":false,"is_translator":false,"profile_background_color":"000000","profile_background_image_url":"http://abs.twimg.com/images/themes/theme1/bg.png","profile_background_image_url_https":"https://abs.twimg.com/images/themes/theme1/bg.png","profile_background_tile":false,"profile_link_color":"FAB81E","profile_sidebar_border_color":"000000","profile_sidebar_fill_color":"000000","profile_text_color":"000000","profile_use_background_image":false,"profile_image_url":"http://pbs.twimg.com/profile_images/932680310336180226/PXZJpu93_normal.jpg","profile_image_url_https":"https://pbs.twimg.com/profile_images/932680310336180226/PXZJpu93_normal.jpg","profile_banner_url":"https://pbs.twimg.com/profile_banners/932675351913926656/1511203272","default_profile":false,"default_profile_image":false,"following":null,"follow_request_sent":null,"notifications":null},"geo":null,"coordinates":null,"place":null,"contributors":null,"is_quote_status":false,"extended_tweet":{"full_text":"Você já ouviu que precisa saber onde quer chegar? Ter um GPS da vida? \n\nJá ouviu que precisa calcular quanto ganharia num excelente emprego e que, para sustentar o estilo de vida ideal, a única saída é empreender?\n\nTenho um recado para você. \n \nhttps://t.co/NdMEtjpvdn","display_text_range":[0,268],"entities":{"hashtags":[],"urls":[{"url":"https://t.co/NdMEtjpvdn","expanded_url":"https://medium.com/startup-da-real/como-n%C3%A3o-planejar-uma-vida-de-sucesso-3dc8433162be","display_url":"medium.com/startup-da-rea…","indices":[245,268]}],"user_mentions":[],"symbols":[]}},"quote_count":0,"reply_count":60,"retweet_count":239,"favorite_count":852,"entities":{"hashtags":[],"urls":[{"url":"https://t.co/Ch4nFruPOM","expanded_url":"https://twitter.com/i/web/status/1082284329340940288","display_url":"twitter.com/i/web/status/1…","indices":[117,140]}],"user_mentions":[],"symbols":[]},"favorited":false,"retweeted":false,"possibly_sensitive":false,"filter_level":"low","lang":"pt"},"quoted_status_permalink":{"url":"https://t.co/vKlLMOdcfZ","expanded":"https://twitter.com/startupdareal/status/1082284329340940288","display":"twitter.com/startupdareal/…"},"is_quote_status":true,"extended_tweet":{"full_text":"Perdi o foco aqui: \"É mais fácil, no entanto, definir que jamais tentaríamos Jornalismo, História ou Matemática, ...\" mas esse texto organiza vários argumentos soltos na minha cabeça... https://t.co/vKlLMOdcfZ","display_text_range":[0,185],"entities":{"hashtags":[],"urls":[{"url":"https://t.co/vKlLMOdcfZ","expanded_url":"https://twitter.com/startupdareal/status/1082284329340940288","display_url":"twitter.com/startupdareal/…","indices":[186,209]}],"user_mentions":[],"symbols":[]}},"quote_count":0,"reply_count":2,"retweet_count":2,"favorite_count":4,"entities":{"hashtags":[],"urls":[{"url":"https://t.co/Xmr41chNNK","expanded_url":"https://twitter.com/i/web/status/1082343366900236288","display_url":"twitter.com/i/web/status/1…","indices":[117,140]}],"user_mentions":[],"symbols":[]},"favorited":false,"retweeted":false,"possibly_sensitive":false,"filter_level":"low","lang":"pt"},"quoted_status_id":1082284329340940300,"quoted_status_id_str":"1082284329340940288","quoted_status":{"created_at":"Mon Jan 07 14:34:26 +0000 2019","id":1082284329340940300,"id_str":"1082284329340940288","text":"Você já ouviu que precisa saber onde quer chegar? Ter um GPS da vida? \n\nJá ouviu que precisa calcular quanto ganhar… https://t.co/Ch4nFruPOM","source":"<a href=\"http://twitter.com\" rel=\"nofollow\">Twitter Web Client</a>","truncated":true,"in_reply_to_status_id":null,"in_reply_to_status_id_str":null,"in_reply_to_user_id":null,"in_reply_to_user_id_str":null,"in_reply_to_screen_name":null,"user":{"id":932675351913926700,"id_str":"932675351913926656","name":"Startupdareal","screen_name":"startupdareal","location":"San Francisco, CA","url":"https://medium.com/startup-da-real","description":"#1 lugar livro de empreendedorismo mais vendido na Amazon, com \"Este livro não vai te deixar rico\"","translator_type":"none","protected":false,"verified":false,"followers_count":25736,"friends_count":176,"listed_count":112,"favourites_count":20411,"statuses_count":17948,"created_at":"Mon Nov 20 18:21:46 +0000 2017","utc_offset":null,"time_zone":null,"geo_enabled":true,"lang":"en","contributors_enabled":false,"is_translator":false,"profile_background_color":"000000","profile_background_image_url":"http://abs.twimg.com/images/themes/theme1/bg.png","profile_background_image_url_https":"https://abs.twimg.com/images/themes/theme1/bg.png","profile_background_tile":false,"profile_link_color":"FAB81E","profile_sidebar_border_color":"000000","profile_sidebar_fill_color":"000000","profile_text_color":"000000","profile_use_background_image":false,"profile_image_url":"http://pbs.twimg.com/profile_images/932680310336180226/PXZJpu93_normal.jpg","profile_image_url_https":"https://pbs.twimg.com/profile_images/932680310336180226/PXZJpu93_normal.jpg","profile_banner_url":"https://pbs.twimg.com/profile_banners/932675351913926656/1511203272","default_profile":false,"default_profile_image":false,"following":null,"follow_request_sent":null,"notifications":null},"geo":null,"coordinates":null,"place":null,"contributors":null,"is_quote_status":false,"extended_tweet":{"full_text":"Você já ouviu que precisa saber onde quer chegar? Ter um GPS da vida? \n\nJá ouviu que precisa calcular quanto ganharia num excelente emprego e que, para sustentar o estilo de vida ideal, a única saída é empreender?\n\nTenho um recado para você. \n \nhttps://t.co/NdMEtjpvdn","display_text_range":[0,268],"entities":{"hashtags":[],"urls":[{"url":"https://t.co/NdMEtjpvdn","expanded_url":"https://medium.com/startup-da-real/como-n%C3%A3o-planejar-uma-vida-de-sucesso-3dc8433162be","display_url":"medium.com/startup-da-rea…","indices":[245,268]}],"user_mentions":[],"symbols":[]}},"quote_count":0,"reply_count":60,"retweet_count":239,"favorite_count":852,"entities":{"hashtags":[],"urls":[{"url":"https://t.co/Ch4nFruPOM","expanded_url":"https://twitter.com/i/web/status/1082284329340940288","display_url":"twitter.com/i/web/status/1…","indices":[117,140]}],"user_mentions":[],"symbols":[]},"favorited":false,"retweeted":false,"possibly_sensitive":false,"filter_level":"low","lang":"pt"},"quoted_status_permalink":{"url":"https://t.co/vKlLMOdcfZ","expanded":"https://twitter.com/startupdareal/status/1082284329340940288","display":"twitter.com/startupdareal/…"},"is_quote_status":true,"quote_count":0,"reply_count":0,"retweet_count":0,"favorite_count":0,"entities":{"hashtags":[],"urls":[],"user_mentions":[{"screen_name":"naousual","name":"Ms Math.py com meregue vegano","id":19163331,"id_str":"19163331","indices":[3,12]}],"symbols":[]},"favorited":false,"retweeted":false,"filter_level":"low","lang":"pt","matching_rules":[{"tag":null}]}