{"created_at":"Tue Jan 08 15:26:12 +0000 2019","id":1082659745633394700,"id_str":"1082659745633394688","text":"holy fucjk https://t.co/OLgBiDEqSd","display_text_range":[0,10],"source":"<a href=\"http://twitter.com\" rel=\"nofollow\">Twitter Web Client</a>","truncated":false,"in_reply_to_status_id":null,"in_reply_to_status_id_str":null,"in_reply_to_user_id":null,"in_reply_to_user_id_str":null,"in_reply_to_screen_name":null,"user":{"id":932675351913926700,"id_str":"932675351913926656","name":"Startupdareal","screen_name":"startupdareal","location":"San Francisco, CA","url":"https://medium.com/startup-da-real","description":"#1 lugar livro de empreendedorismo mais vendido na Amazon, com \"Este livro não vai te deixar rico\"","translator_type":"none","protected":false,"verified":false,"followers_count":25736,"friends_count":176,"listed_count":112,"favourites_count":20411,"statuses_count":17948,"created_at":"Mon Nov 20 18:21:46 +0000 2017","utc_offset":null,"time_zone":null,"geo_enabled":true,"lang":"en","contributors_enabled":false,"is_translator":false,"profile_background_color":"000000","profile_background_image_url":"http://abs.twimg.com/images/themes/theme1/bg.png","profile_background_image_url_https":"https://abs.twimg.com/images/themes/theme1/bg.png","profile_background_tile":false,"profile_link_color":"FAB81E","profile_sidebar_border_color":"000000","profile_sidebar_fill_color":"000000","profile_text_color":"000000","profile_use_background_image":false,"profile_image_url":"http://pbs.twimg.com/profile_images/932680310336180226/PXZJpu93_normal.jpg","profile_image_url_https":"https://pbs.twimg.com/profile_images/932680310336180226/PXZJpu93_normal.jpg","profile_banner_url":"https://pbs.twimg.com/profile_banners/932675351913926656/1511203272","default_profile":false,"default_profile_image":false,"following":null,"follow_request_sent":null,"notifications":null},"geo":null,"coordinates":null,"place":null,"contributors":null,"quoted_status_id":1082650903738499100,"quoted_status_id_str":"1082650903738499072","quoted_status":{"created_at":"Tue Jan 08 14:51:04 +0000 2019","id":1082650903738499100,"id_str":"1082650903738499072","text":"impactada in css language por @janssenflipart \n\nhttps://t.co/lkmS7i4uzY","source":"<a href=\"http://twitter.com\" rel=\"nofollow\">Twitter Web Client</a>","truncated":false,"in_reply_to_status_id":null,"in_reply_to_status_id_str":null,"in_reply_to_user_id":null,"in_reply_to_user_id_str":null,"in_reply_to_screen_name":null,"user":{"id":57122745,"id_str":"57122745","name":"Carol Antifa {divaloper} ⚡️","screen_name":"carolcode","location":"Sao Paulo, Brazil","url":null,"description":"Front End dev, instructor, speaker, diversity and inclusion  activist in tech. Podcaster @LovelacePodcast. Security and privacy are powerful. Open source fan.","translator_type":"none","protected":false,"verified":false,"followers_count":6271,"friends_count":469,"listed_count":65,"favourites_count":25820,"statuses_count":11252,"created_at":"Wed Jul 15 20:11:41 +0000 2009","utc_offset":null,"time_zone":null,"geo_enabled":true,"lang":"pt","contributors_enabled":false,"is_translator":false,"profile_background_color":"ABB8C2","profile_background_image_url":"http://abs.twimg.com/images/themes/theme14/bg.gif","profile_background_image_url_https":"https://abs.twimg.com/images/themes/theme14/bg.gif","profile_background_tile":false,"profile_link_color":"ABB8C2","profile_sidebar_border_color":"000000","profile_sidebar_fill_color":"000000","profile_text_color":"000000","profile_use_background_image":false,"profile_image_url":"http://pbs.twimg.com/profile_images/1092991595660673026/eiTNZVpn_normal.jpg","profile_image_url_https":"https://pbs.twimg.com/profile_images/1092991595660673026/eiTNZVpn_normal.jpg","profile_banner_url":"https://pbs.twimg.com/profile_banners/57122745/1537363767","default_profile":false,"default_profile_image":false,"following":null,"follow_request_sent":null,"notifications":null},"geo":null,"coordinates":null,"place":null,"contributors":null,"is_quote_status":false,"quote_count":0,"reply_count":4,"retweet_count":11,"favorite_count":72,"entities":{"hashtags":[],"urls":[{"url":"https://t.co/lkmS7i4uzY","expanded_url":"https://codepen.io/janssen-rodrigues/pen/zyxoNj","display_url":"codepen.io/janssen-rodrig…","indices":[48,71]}],"user_mentions":[{"screen_name":"janssenflipart","name":"janssen","id":165072453,"id_str":"165072453","indices":[30,45]}],"symbols":[]},"favorited":false,"retweeted":false,"possibly_sensitive":false,"filter_level":"low","lang":"es"},"quoted_status_permalink":{"url":"https://t.co/OLgBiDEqSd","expanded":"https://twitter.com/carolcode/status/1082650903738499072","display":"twitter.com/carolcode/stat…"},"is_quote_status":true,"quote_count":0,"reply_count":2,"retweet_count":0,"favorite_count":9,"entities":{"hashtags":[],"urls":[{"url":"https://t.co/OLgBiDEqSd","expanded_url":"https://twitter.com/carolcode/status/1082650903738499072","display_url":"twitter.com/carolcode/stat…","indices":[11,34]}],"user_mentions":[],"symbols":[]},"favorited":false,"retweeted":false,"possibly_sensitive":false,"filter_level":"low","lang":"nl","matching_rules":[{"tag":null}]}