{"created_at":"Tue Jan 08 11:43:18 +0000 2019","id":1082603648226680800,"id_str":"1082603648226680833","text":"RT @DeloarDuda: Mais claro que isso impossível!!! Como não planejar uma vida de sucesso – @startupdareal – Medium https://t.co/q8hGuAhZiU","source":"<a href=\"http://twitter.com\" rel=\"nofollow\">Twitter Web Client</a>","truncated":false,"in_reply_to_status_id":null,"in_reply_to_status_id_str":null,"in_reply_to_user_id":null,"in_reply_to_user_id_str":null,"in_reply_to_screen_name":null,"user":{"id":932675351913926700,"id_str":"932675351913926656","name":"Startupdareal","screen_name":"startupdareal","location":"San Francisco, CA","url":"https://medium.com/startup-da-real","description":"#1 lugar livro de empreendedorismo mais vendido na Amazon, com \"Este livro não vai te deixar rico\"","translator_type":"none","protected":false,"verified":false,"followers_count":25736,"friends_count":176,"listed_count":112,"favourites_count":20411,"statuses_count":17948,"created_at":"Mon Nov 20 18:21:46 +0000 2017","utc_offset":null,"time_zone":null,"geo_enabled":true,"lang":"en","contributors_enabled":false,"is_translator":false,"profile_background_color":"000000","profile_background_image_url":"http://abs.twimg.com/images/themes/theme1/bg.png","profile_background_image_url_https":"https://abs.twimg.com/images/themes/theme1/bg.png","profile_background_tile":false,"profile_link_color":"FAB81E","profile_sidebar_border_color":"000000","profile_sidebar_fill_color":"000000","profile_text_color":"000000","profile_use_background_image":false,"profile_image_url":"http://pbs.twimg.com/profile_images/932680310336180226/PXZJpu93_normal.jpg","profile_image_url_https":"https://pbs.twimg.com/profile_images/932680310336180226/PXZJpu93_normal.jpg","profile_banner_url":"https://pbs.twimg.com/profile_banners/932675351913926656/1511203272","default_profile":false,"default_profile_image":false,"following":null,"follow_request_sent":null,"notifications":null},"geo":null,"coordinates":null,"place":null,"contributors":null,"retweeted_status":{"created_at":"Tue Jan 08 11:41:05 +0000 2019","id":1082603092963745800,"id_str":"1082603092963745792","text":"Mais claro que isso impossível!!! Como não planejar uma vida de sucesso – @startupdareal – Medium https://t.co/q8hGuAhZiU","source":"<a href=\"http://twitter.com/download/iphone\" rel=\"nofollow\">Twitter for iPhone</a>","truncated":false,"in_reply_to_status_id":null,"in_reply_to_status_id_str":null,"in_reply_to_user_id":null,"in_reply_to_user_id_str":null,"in_reply_to_screen_name":null,"user":{"id":54794246,"id_str":"54794246","name":"Deloar Oliveira, M. D.","screen_name":"DeloarDuda","location":"Rio de Janeiro, Brazil","url":null,"description":"PhD Student (UERJ) - Environmental Sciences Researcher! I love Sports, food, drink, music, movies. I love life!","translator_type":"none","protected":false,"verified":false,"followers_count":460,"friends_count":1100,"listed_count":3,"favourites_count":19049,"statuses_count":31373,"created_at":"Wed Jul 08 04:12:30 +0000 2009","utc_offset":null,"time_zone":null,"geo_enabled":true,"lang":"en","contributors_enabled":false,"is_translator":false,"profile_background_color":"062B1D","profile_background_image_url":"http://abs.twimg.com/images/themes/theme14/bg.gif","profile_background_image_url_https":"https://abs.twimg.com/images/themes/theme14/bg.gif","profile_background_tile":true,"profile_link_color":"F58EA8","profile_sidebar_border_color":"E0ACD6","profile_sidebar_fill_color":"0F010F","profile_text_color":"E07E96","profile_use_background_image":true,"profile_image_url":"http://pbs.twimg.com/profile_images/1079933977421582337/VjQAc0qy_normal.jpg","profile_image_url_https":"https://pbs.twimg.com/profile_images/1079933977421582337/VjQAc0qy_normal.jpg","profile_banner_url":"https://pbs.twimg.com/profile_banners/54794246/1546996492","default_profile":false,"default_profile_image":false,"following":null,"follow_request_sent":null,"notifications":null},"geo":null,"coordinates":null,"place":null,"contributors":null,"is_quote_status":false,"quote_count":0,"reply_count":0,"retweet_count":3,"favorite_count":15,"entities":{"hashtags":[],"urls":[{"url":"https://t.co/q8hGuAhZiU","expanded_url":"https://medium.com/startup-da-real/como-n%C3%A3o-planejar-uma-vida-de-sucesso-3dc8433162be","display_url":"medium.com/startup-da-rea…","indices":[98,121]}],"user_mentions":[{"screen_name":"startupdareal","name":"Startupdareal","id":932675351913926700,"id_str":"932675351913926656","indices":[74,88]}],"symbols":[]},"favorited":false,"retweeted":false,"possibly_sensitive":false,"filter_level":"low","lang":"pt"},"is_quote_status":false,"quote_count":0,"reply_count":0,"retweet_count":0,"favorite_count":0,"entities":{"hashtags":[],"urls":[{"url":"https://t.co/q8hGuAhZiU","expanded_url":"https://medium.com/startup-da-real/como-n%C3%A3o-planejar-uma-vida-de-sucesso-3dc8433162be","display_url":"medium.com/startup-da-rea…","indices":[114,137]}],"user_mentions":[{"screen_name":"DeloarDuda","name":"Deloar Oliveira, M. D.","id":54794246,"id_str":"54794246","indices":[3,14]},{"screen_name":"startupdareal","name":"Startupdareal","id":932675351913926700,"id_str":"932675351913926656","indices":[90,104]}],"symbols":[]},"favorited":false,"retweeted":false,"possibly_sensitive":false,"filter_level":"low","lang":"pt","matching_rules":[{"tag":null}]}