{"created_at":"Tue Jan 08 11:26:14 +0000 2019","id":1082599355369050100,"id_str":"1082599355369050112","text":"É essa maluquice moderna de não saber lidar com sensações que não sejam felicidade e euforia e tentar evitar a todo… https://t.co/2HbL5krip8","display_text_range":[0,140],"source":"<a href=\"http://twitter.com/download/iphone\" rel=\"nofollow\">Twitter for iPhone</a>","truncated":true,"in_reply_to_status_id":null,"in_reply_to_status_id_str":null,"in_reply_to_user_id":null,"in_reply_to_user_id_str":null,"in_reply_to_screen_name":null,"user":{"id":932675351913926700,"id_str":"932675351913926656","name":"Startupdareal","screen_name":"startupdareal","location":"San Francisco, CA","url":"https://medium.com/startup-da-real","description":"#1 lugar livro de empreendedorismo mais vendido na Amazon, com \"Este livro não vai te deixar rico\"","translator_type":"none","protected":false,"verified":false,"followers_count":25736,"friends_count":176,"listed_count":112,"favourites_count":20411,"statuses_count":17948,"created_at":"Mon Nov 20 18:21:46 +0000 2017","utc_offset":null,"time_zone":null,"geo_enabled":true,"lang":"en","contributors_enabled":false,"is_translator":false,"profile_background_color":"000000","profile_background_image_url":"http://abs.twimg.com/images/themes/theme1/bg.png","profile_background_image_url_https":"https://abs.twimg.com/images/themes/theme1/bg.png","profile_background_tile":false,"profile_link_color":"FAB81E","profile_sidebar_border_color":"000000","profile_sidebar_fill_color":"000000","profile_text_color":"000000","profile_use_background_image":false,"profile_image_url":"http://pbs.twimg.com/profile_images/932680310336180226/PXZJpu93_normal.jpg","profile_image_url_https":"https://pbs.twimg.com/profile_images/932680310336180226/PXZJpu93_normal.jpg","profile_banner_url":"https://pbs.twimg.com/profile_banners/932675351913926656/1511203272","default_profile":false,"default_profile_image":false,"following":null,"follow_request_sent":null,"notifications":null},"geo":null,"coordinates":null,"place":null,"contributors":null,"quoted_status_id":1082595747399381000,"quoted_status_id_str":"1082595747399380992","quoted_status":{"created_at":"Tue Jan 08 11:11:54 +0000 2019","id":1082595747399381000,"id_str":"1082595747399380992","text":"Nova categoria no LinkedIn: críticos de cinema. Queria saber se a amiga @startupdareal gostou do Review do amigo :) https://t.co/92EfGtITdt","display_text_range":[0,115],"source":"<a href=\"http://twitter.com/download/android\" rel=\"nofollow\">Twitter for Android</a>","truncated":false,"in_reply_to_status_id":null,"in_reply_to_status_id_str":null,"in_reply_to_user_id":null,"in_reply_to_user_id_str":null,"in_reply_to_screen_name":null,"user":{"id":51551656,"id_str":"51551656","name":"Bruno Eugênio","screen_name":"beugenio","location":"Recife - Brazil","url":"http://brunoeugenio.com.br","description":"Analista de sistemas, Scrum Master e web developer pra não ficar pra trás...  Gosto de esportes, rock e heavy metal e um monte de coisa no meio.","translator_type":"none","protected":false,"verified":false,"followers_count":325,"friends_count":848,"listed_count":28,"favourites_count":6258,"statuses_count":10067,"created_at":"Sat Jun 27 20:48:50 +0000 2009","utc_offset":null,"time_zone":null,"geo_enabled":true,"lang":"en","contributors_enabled":false,"is_translator":false,"profile_background_color":"131516","profile_background_image_url":"http://abs.twimg.com/images/themes/theme14/bg.gif","profile_background_image_url_https":"https://abs.twimg.com/images/themes/theme14/bg.gif","profile_background_tile":true,"profile_link_color":"009999","profile_sidebar_border_color":"EEEEEE","profile_sidebar_fill_color":"EFEFEF","profile_text_color":"333333","profile_use_background_image":true,"profile_image_url":"http://pbs.twimg.com/profile_images/874219640347545600/mhbNGsDK_normal.jpg","profile_image_url_https":"https://pbs.twimg.com/profile_images/874219640347545600/mhbNGsDK_normal.jpg","profile_banner_url":"https://pbs.twimg.com/profile_banners/51551656/1530387521","default_profile":false,"default_profile_image":false,"following":null,"follow_request_sent":null,"notifications":null},"geo":null,"coordinates":null,"place":null,"contributors":null,"is_quote_status":false,"quote_count":0,"reply_count":18,"retweet_count":5,"favorite_count":89,"entities":{"hashtags":[],"urls":[],"user_mentions":[{"screen_name":"startupdareal","name":"Startupdareal","id":932675351913926700,"id_str":"932675351913926656","indices":[72,86]}],"symbols":[],"media":[{"id":1082595737039528000,"id_str":"1082595737039527938","indices":[116,139],"media_url":"http://pbs.twimg.com/media/DwYnFkWX4AI-rMt.jpg","media_url_https":"https://pbs.twimg.com/media/DwYnFkWX4AI-rMt.jpg","url":"https://t.co/92EfGtITdt","display_url":"pic.twitter.com/92EfGtITdt","expanded_url":"https://twitter.com/beugenio/status/1082595747399380992/photo/1","type":"photo","sizes":{"thumb":{"w":150,"h":150,"resize":"crop"},"small":{"w":383,"h":680,"resize":"fit"},"medium":{"w":675,"h":1200,"resize":"fit"},"large":{"w":1080,"h":1920,"resize":"fit"}}}]},"extended_entities":{"media":[{"id":1082595737039528000,"id_str":"1082595737039527938","indices":[116,139],"media_url":"http://pbs.twimg.com/media/DwYnFkWX4AI-rMt.jpg","media_url_https":"https://pbs.twimg.com/media/DwYnFkWX4AI-rMt.jpg","url":"https://t.co/92EfGtITdt","display_url":"pic.twitter.com/92EfGtITdt","expanded_url":"https://twitter.com/beugenio/status/1082595747399380992/photo/1","type":"photo","sizes":{"thumb":{"w":150,"h":150,"resize":"crop"},"small":{"w":383,"h":680,"resize":"fit"},"medium":{"w":675,"h":1200,"resize":"fit"},"large":{"w":1080,"h":1920,"resize":"fit"}}}]},"favorited":false,"retweeted":false,"possibly_sensitive":false,"filter_level":"low","lang":"pt"},"quoted_status_permalink":{"url":"https://t.co/Thfz2oP0JH","expanded":"https://twitter.com/beugenio/status/1082595747399380992","display":"twitter.com/beugenio/statu…"},"is_quote_status":true,"extended_tweet":{"full_text":"É essa maluquice moderna de não saber lidar com sensações que não sejam felicidade e euforia e tentar evitar a todo custo. Uma postura infantil.\n\nNão assista porque é ruim e tosco, não por causa da tensão que é a única coisa que o filme faz de interessante. https://t.co/Thfz2oP0JH","display_text_range":[0,257],"entities":{"hashtags":[],"urls":[{"url":"https://t.co/Thfz2oP0JH","expanded_url":"https://twitter.com/beugenio/status/1082595747399380992","display_url":"twitter.com/beugenio/statu…","indices":[258,281]}],"user_mentions":[],"symbols":[]}},"quote_count":0,"reply_count":52,"retweet_count":96,"favorite_count":666,"entities":{"hashtags":[],"urls":[{"url":"https://t.co/2HbL5krip8","expanded_url":"https://twitter.com/i/web/status/1082599355369050112","display_url":"twitter.com/i/web/status/1…","indices":[117,140]}],"user_mentions":[],"symbols":[]},"favorited":false,"retweeted":false,"possibly_sensitive":false,"filter_level":"low","lang":"pt","matching_rules":[{"tag":null}]}