{"created_at":"Mon Jan 07 16:51:07 +0000 2019","id":1082318725079093200,"id_str":"1082318725079093248","text":"Para quem falou que eu deveria doar os ganhos do meu Best Seller para caridade, deixa eu mostrar uma coisa para voc… https://t.co/0bWG6RXqoy","display_text_range":[0,140],"source":"<a href=\"http://twitter.com\" rel=\"nofollow\">Twitter Web Client</a>","truncated":true,"in_reply_to_status_id":null,"in_reply_to_status_id_str":null,"in_reply_to_user_id":null,"in_reply_to_user_id_str":null,"in_reply_to_screen_name":null,"user":{"id":932675351913926700,"id_str":"932675351913926656","name":"Startupdareal","screen_name":"startupdareal","location":"San Francisco, CA","url":"https://medium.com/startup-da-real","description":"#1 lugar livro de empreendedorismo mais vendido na Amazon, com \"Este livro não vai te deixar rico\"","translator_type":"none","protected":false,"verified":false,"followers_count":25736,"friends_count":176,"listed_count":112,"favourites_count":20411,"statuses_count":17948,"created_at":"Mon Nov 20 18:21:46 +0000 2017","utc_offset":null,"time_zone":null,"geo_enabled":true,"lang":"en","contributors_enabled":false,"is_translator":false,"profile_background_color":"000000","profile_background_image_url":"http://abs.twimg.com/images/themes/theme1/bg.png","profile_background_image_url_https":"https://abs.twimg.com/images/themes/theme1/bg.png","profile_background_tile":false,"profile_link_color":"FAB81E","profile_sidebar_border_color":"000000","profile_sidebar_fill_color":"000000","profile_text_color":"000000","profile_use_background_image":false,"profile_image_url":"http://pbs.twimg.com/profile_images/932680310336180226/PXZJpu93_normal.jpg","profile_image_url_https":"https://pbs.twimg.com/profile_images/932680310336180226/PXZJpu93_normal.jpg","profile_banner_url":"https://pbs.twimg.com/profile_banners/932675351913926656/1511203272","default_profile":false,"default_profile_image":false,"following":null,"follow_request_sent":null,"notifications":null},"geo":null,"coordinates":null,"place":null,"contributors":null,"is_quote_status":false,"extended_tweet":{"full_text":"Para quem falou que eu deveria doar os ganhos do meu Best Seller para caridade, deixa eu mostrar uma coisa para você:\n\n😬 https://t.co/1Qt7Zz7Rcu","display_text_range":[0,120],"entities":{"hashtags":[],"urls":[],"user_mentions":[],"symbols":[],"media":[{"id":1082318634901557200,"id_str":"1082318634901557248","indices":[121,144],"media_url":"http://pbs.twimg.com/media/DwUrEGcX0AA8iFt.jpg","media_url_https":"https://pbs.twimg.com/media/DwUrEGcX0AA8iFt.jpg","url":"https://t.co/1Qt7Zz7Rcu","display_url":"pic.twitter.com/1Qt7Zz7Rcu","expanded_url":"https://twitter.com/startupdareal/status/1082318725079093248/photo/1","type":"photo","sizes":{"thumb":{"w":150,"h":150,"resize":"crop"},"medium":{"w":1200,"h":306,"resize":"fit"},"large":{"w":2048,"h":523,"resize":"fit"},"small":{"w":680,"h":174,"resize":"fit"}}}]},"extended_entities":{"media":[{"id":1082318634901557200,"id_str":"1082318634901557248","indices":[121,144],"media_url":"http://pbs.twimg.com/media/DwUrEGcX0AA8iFt.jpg","media_url_https":"https://pbs.twimg.com/media/DwUrEGcX0AA8iFt.jpg","url":"https://t.co/1Qt7Zz7Rcu","display_url":"pic.twitter.com/1Qt7Zz7Rcu","expanded_url":"https://twitter.com/startupdareal/status/1082318725079093248/photo/1","type":"photo","sizes":{"thumb":{"w":150,"h":150,"resize":"crop"},"medium":{"w":1200,"h":306,"resize":"fit"},"large":{"w":2048,"h":523,"resize":"fit"},"small":{"w":680,"h":174,"resize":"fit"}}}]}},"quote_count":0,"reply_count":18,"retweet_count":2,"favorite_count":61,"entities":{"hashtags":[],"urls":[{"url":"https://t.co/0bWG6RXqoy","expanded_url":"https://twitter.com/i/web/status/1082318725079093248","display_url":"twitter.com/i/web/status/1…","indices":[117,140]}],"user_mentions":[],"symbols":[]},"favorited":false,"retweeted":false,"possibly_sensitive":false,"filter_level":"low","lang":"pt","matching_rules":[{"tag":null}]}