{"created_at":"Tue Jan 08 16:10:30 +0000 2019","id":1082670891929092100,"id_str":"1082670891929092097","text":"assalto a mão armada, reféns, corrupção policial, tentativa de homicidio, sindrome de Estocolmo  e impunidade. https://t.co/W9yBGpVZxW","display_text_range":[0,110],"source":"<a href=\"http://twitter.com\" rel=\"nofollow\">Twitter Web Client</a>","truncated":false,"in_reply_to_status_id":null,"in_reply_to_status_id_str":null,"in_reply_to_user_id":null,"in_reply_to_user_id_str":null,"in_reply_to_screen_name":null,"user":{"id":932675351913926700,"id_str":"932675351913926656","name":"Startupdareal","screen_name":"startupdareal","location":"San Francisco, CA","url":"https://medium.com/startup-da-real","description":"#1 lugar livro de empreendedorismo mais vendido na Amazon, com \"Este livro não vai te deixar rico\"","translator_type":"none","protected":false,"verified":false,"followers_count":25736,"friends_count":176,"listed_count":112,"favourites_count":20411,"statuses_count":17948,"created_at":"Mon Nov 20 18:21:46 +0000 2017","utc_offset":null,"time_zone":null,"geo_enabled":true,"lang":"en","contributors_enabled":false,"is_translator":false,"profile_background_color":"000000","profile_background_image_url":"http://abs.twimg.com/images/themes/theme1/bg.png","profile_background_image_url_https":"https://abs.twimg.com/images/themes/theme1/bg.png","profile_background_tile":false,"profile_link_color":"FAB81E","profile_sidebar_border_color":"000000","profile_sidebar_fill_color":"000000","profile_text_color":"000000","profile_use_background_image":false,"profile_image_url":"http://pbs.twimg.com/profile_images/932680310336180226/PXZJpu93_normal.jpg","profile_image_url_https":"https://pbs.twimg.com/profile_images/932680310336180226/PXZJpu93_normal.jpg","profile_banner_url":"https://pbs.twimg.com/profile_banners/932675351913926656/1511203272","default_profile":false,"default_profile_image":false,"following":null,"follow_request_sent":null,"notifications":null},"geo":null,"coordinates":null,"place":null,"contributors":null,"quoted_status_id":1082668392878882800,"quoted_status_id_str":"1082668392878882816","quoted_status":{"created_at":"Tue Jan 08 16:00:34 +0000 2019","id":1082668392878882800,"id_str":"1082668392878882816","text":"Porra, agora o empreendedor foi longe demais... https://t.co/bHrpScY1n6","display_text_range":[0,47],"source":"<a href=\"http://twitter.com/download/android\" rel=\"nofollow\">Twitter for Android</a>","truncated":false,"in_reply_to_status_id":null,"in_reply_to_status_id_str":null,"in_reply_to_user_id":null,"in_reply_to_user_id_str":null,"in_reply_to_screen_name":null,"user":{"id":930431257602818000,"id_str":"930431257602818048","name":"Luciano Alvarenga","screen_name":"inquietoLuciano","location":null,"url":null,"description":"Uma mistura do mal com o atraso e pitadas de psicopatia!\n\nhttps://www.flickr.com/photos/155468807@N08/","translator_type":"none","protected":false,"verified":false,"followers_count":76,"friends_count":914,"listed_count":1,"favourites_count":1778,"statuses_count":442,"created_at":"Tue Nov 14 13:44:33 +0000 2017","utc_offset":null,"time_zone":null,"geo_enabled":false,"lang":"pt","contributors_enabled":false,"is_translator":false,"profile_background_color":"F5F8FA","profile_background_image_url":"","profile_background_image_url_https":"","profile_background_tile":false,"profile_link_color":"1DA1F2","profile_sidebar_border_color":"C0DEED","profile_sidebar_fill_color":"DDEEF6","profile_text_color":"333333","profile_use_background_image":true,"profile_image_url":"http://pbs.twimg.com/profile_images/1062070677061156865/jcNexXt9_normal.jpg","profile_image_url_https":"https://pbs.twimg.com/profile_images/1062070677061156865/jcNexXt9_normal.jpg","profile_banner_url":"https://pbs.twimg.com/profile_banners/930431257602818048/1510668196","default_profile":true,"default_profile_image":false,"following":null,"follow_request_sent":null,"notifications":null},"geo":null,"coordinates":null,"place":null,"contributors":null,"is_quote_status":false,"quote_count":0,"reply_count":15,"retweet_count":50,"favorite_count":303,"entities":{"hashtags":[],"urls":[],"user_mentions":[],"symbols":[],"media":[{"id":1082668379322937300,"id_str":"1082668379322937344","indices":[48,71],"media_url":"http://pbs.twimg.com/media/DwZpJ58XcAAo3se.jpg","media_url_https":"https://pbs.twimg.com/media/DwZpJ58XcAAo3se.jpg","url":"https://t.co/bHrpScY1n6","display_url":"pic.twitter.com/bHrpScY1n6","expanded_url":"https://twitter.com/inquietoLuciano/status/1082668392878882816/photo/1","type":"photo","sizes":{"small":{"w":510,"h":680,"resize":"fit"},"thumb":{"w":150,"h":150,"resize":"crop"},"medium":{"w":900,"h":1200,"resize":"fit"},"large":{"w":1536,"h":2048,"resize":"fit"}}}]},"extended_entities":{"media":[{"id":1082668379322937300,"id_str":"1082668379322937344","indices":[48,71],"media_url":"http://pbs.twimg.com/media/DwZpJ58XcAAo3se.jpg","media_url_https":"https://pbs.twimg.com/media/DwZpJ58XcAAo3se.jpg","url":"https://t.co/bHrpScY1n6","display_url":"pic.twitter.com/bHrpScY1n6","expanded_url":"https://twitter.com/inquietoLuciano/status/1082668392878882816/photo/1","type":"photo","sizes":{"small":{"w":510,"h":680,"resize":"fit"},"thumb":{"w":150,"h":150,"resize":"crop"},"medium":{"w":900,"h":1200,"resize":"fit"},"large":{"w":1536,"h":2048,"resize":"fit"}}}]},"favorited":false,"retweeted":false,"possibly_sensitive":false,"filter_level":"low","lang":"pt"},"quoted_status_permalink":{"url":"https://t.co/W9yBGpVZxW","expanded":"https://twitter.com/inquietoLuciano/status/1082668392878882816","display":"twitter.com/inquietoLucian…"},"is_quote_status":true,"quote_count":0,"reply_count":19,"retweet_count":172,"favorite_count":816,"entities":{"hashtags":[],"urls":[{"url":"https://t.co/W9yBGpVZxW","expanded_url":"https://twitter.com/inquietoLuciano/status/1082668392878882816","display_url":"twitter.com/inquietoLucian…","indices":[111,134]}],"user_mentions":[],"symbols":[]},"favorited":false,"retweeted":false,"possibly_sensitive":false,"filter_level":"low","lang":"pt","matching_rules":[{"tag":null}]}