{"created_at":"Tue Jan 08 00:14:59 +0000 2019","id":1082430430282989600,"id_str":"1082430430282989571","text":"RT @AssisRossato: Parabéns @startupdareal por menos filosofia rasa e mais felicidades de viver! TEXTO FODA! https://t.co/dQ4r4V4Hd9","source":"<a href=\"http://twitter.com\" rel=\"nofollow\">Twitter Web Client</a>","truncated":false,"in_reply_to_status_id":null,"in_reply_to_status_id_str":null,"in_reply_to_user_id":null,"in_reply_to_user_id_str":null,"in_reply_to_screen_name":null,"user":{"id":932675351913926700,"id_str":"932675351913926656","name":"Startupdareal","screen_name":"startupdareal","location":"San Francisco, CA","url":"https://medium.com/startup-da-real","description":"#1 lugar livro de empreendedorismo mais vendido na Amazon, com \"Este livro não vai te deixar rico\"","translator_type":"none","protected":false,"verified":false,"followers_count":25736,"friends_count":176,"listed_count":112,"favourites_count":20411,"statuses_count":17948,"created_at":"Mon Nov 20 18:21:46 +0000 2017","utc_offset":null,"time_zone":null,"geo_enabled":true,"lang":"en","contributors_enabled":false,"is_translator":false,"profile_background_color":"000000","profile_background_image_url":"http://abs.twimg.com/images/themes/theme1/bg.png","profile_background_image_url_https":"https://abs.twimg.com/images/themes/theme1/bg.png","profile_background_tile":false,"profile_link_color":"FAB81E","profile_sidebar_border_color":"000000","profile_sidebar_fill_color":"000000","profile_text_color":"000000","profile_use_background_image":false,"profile_image_url":"http://pbs.twimg.com/profile_images/932680310336180226/PXZJpu93_normal.jpg","profile_image_url_https":"https://pbs.twimg.com/profile_images/932680310336180226/PXZJpu93_normal.jpg","profile_banner_url":"https://pbs.twimg.com/profile_banners/932675351913926656/1511203272","default_profile":false,"default_profile_image":false,"following":null,"follow_request_sent":null,"notifications":null},"geo":null,"coordinates":null,"place":null,"contributors":null,"retweeted_status":{"created_at":"Tue Jan 08 00:11:56 +0000 2019","id":1082429659994828800,"id_str":"1082429659994828801","text":"Parabéns @startupdareal por menos filosofia rasa e mais felicidades de viver! TEXTO FODA! https://t.co/dQ4r4V4Hd9","display_text_range":[0,89],"source":"<a href=\"http://twitter.com/download/iphone\" rel=\"nofollow\">Twitter for iPhone</a>","truncated":false,"in_reply_to_status_id":null,"in_reply_to_status_id_str":null,"in_reply_to_user_id":null,"in_reply_to_user_id_str":null,"in_reply_to_screen_name":null,"user":{"id":1069229954821484500,"id_str":"1069229954821484546","name":"Bruno Rossato","screen_name":"AssisRossato","location":"Campo Grande, Brasil","url":"http://www.instagram.com/brunoarossato","description":"Advogado, sonhador, santista por designação divina. Segue o perfil aí do Spotify: https://open.spotify.com/user/12185186256?si=TE4oEBMhRN2u2KPorUppmw","translator_type":"none","protected":false,"verified":false,"followers_count":33,"friends_count":291,"listed_count":0,"favourites_count":3826,"statuses_count":1124,"created_at":"Sun Dec 02 14:01:01 +0000 2018","utc_offset":null,"time_zone":null,"geo_enabled":false,"lang":"pt","contributors_enabled":false,"is_translator":false,"profile_background_color":"F5F8FA","profile_background_image_url":"","profile_background_image_url_https":"","profile_background_tile":false,"profile_link_color":"1DA1F2","profile_sidebar_border_color":"C0DEED","profile_sidebar_fill_color":"DDEEF6","profile_text_color":"333333","profile_use_background_image":true,"profile_image_url":"http://pbs.twimg.com/profile_images/1076169785581469696/CCuh9tQB_normal.jpg","profile_image_url_https":"https://pbs.twimg.com/profile_images/1076169785581469696/CCuh9tQB_normal.jpg","profile_banner_url":"https://pbs.twimg.com/profile_banners/1069229954821484546/1544708357","default_profile":true,"default_profile_image":false,"following":null,"follow_request_sent":null,"notifications":null},"geo":null,"coordinates":null,"place":null,"contributors":null,"quoted_status_id":1082406929564082200,"quoted_status_id_str":"1082406929564082177","quoted_status":{"created_at":"Mon Jan 07 22:41:36 +0000 2019","id":1082406929564082200,"id_str":"1082406929564082177","text":"JÁ É O MELHOR TEXTO DE 2019.\n\nComo não planejar uma vida de sucesso – @startupdareal – Medium https://t.co/XLNRUn1cla","source":"<a href=\"http://twitter.com/download/iphone\" rel=\"nofollow\">Twitter for iPhone</a>","truncated":false,"in_reply_to_status_id":null,"in_reply_to_status_id_str":null,"in_reply_to_user_id":null,"in_reply_to_user_id_str":null,"in_reply_to_screen_name":null,"user":{"id":16720327,"id_str":"16720327","name":"Murillo Leal","screen_name":"murilloleal","location":"São Paulo, Brasil","url":"http://www.murilloleal.com.br","description":"Jornalista | Palestrante | Professor | Produtor de conteúdo | Top Voice Linkedin com mais de 380.000 seguidores |","translator_type":"none","protected":false,"verified":false,"followers_count":2241,"friends_count":2411,"listed_count":33,"favourites_count":625,"statuses_count":13243,"created_at":"Mon Oct 13 12:56:13 +0000 2008","utc_offset":null,"time_zone":null,"geo_enabled":true,"lang":"pt","contributors_enabled":false,"is_translator":false,"profile_background_color":"131516","profile_background_image_url":"http://abs.twimg.com/images/themes/theme14/bg.gif","profile_background_image_url_https":"https://abs.twimg.com/images/themes/theme14/bg.gif","profile_background_tile":true,"profile_link_color":"1B95E0","profile_sidebar_border_color":"FFFFFF","profile_sidebar_fill_color":"EFEFEF","profile_text_color":"333333","profile_use_background_image":true,"profile_image_url":"http://pbs.twimg.com/profile_images/1070506547648913410/dJAJxFsU_normal.jpg","profile_image_url_https":"https://pbs.twimg.com/profile_images/1070506547648913410/dJAJxFsU_normal.jpg","profile_banner_url":"https://pbs.twimg.com/profile_banners/16720327/1544063600","default_profile":false,"default_profile_image":false,"following":null,"follow_request_sent":null,"notifications":null},"geo":null,"coordinates":null,"place":null,"contributors":null,"is_quote_status":false,"quote_count":0,"reply_count":1,"retweet_count":15,"favorite_count":64,"entities":{"hashtags":[],"urls":[{"url":"https://t.co/XLNRUn1cla","expanded_url":"https://medium.com/startup-da-real/como-n%C3%A3o-planejar-uma-vida-de-sucesso-3dc8433162be","display_url":"medium.com/startup-da-rea…","indices":[94,117]}],"user_mentions":[{"screen_name":"startupdareal","name":"Startupdareal","id":932675351913926700,"id_str":"932675351913926656","indices":[70,84]}],"symbols":[]},"favorited":false,"retweeted":false,"possibly_sensitive":false,"filter_level":"low","lang":"pt"},"quoted_status_permalink":{"url":"https://t.co/dQ4r4V4Hd9","expanded":"https://twitter.com/murilloleal/status/1082406929564082177","display":"twitter.com/murilloleal/st…"},"is_quote_status":true,"quote_count":0,"reply_count":0,"retweet_count":3,"favorite_count":16,"entities":{"hashtags":[],"urls":[{"url":"https://t.co/dQ4r4V4Hd9","expanded_url":"https://twitter.com/murilloleal/status/1082406929564082177","display_url":"twitter.com/murilloleal/st…","indices":[90,113]}],"user_mentions":[{"screen_name":"startupdareal","name":"Startupdareal","id":932675351913926700,"id_str":"932675351913926656","indices":[9,23]}],"symbols":[]},"favorited":false,"retweeted":false,"possibly_sensitive":false,"filter_level":"low","lang":"pt"},"quoted_status_id":1082406929564082200,"quoted_status_id_str":"1082406929564082177","quoted_status":{"created_at":"Mon Jan 07 22:41:36 +0000 2019","id":1082406929564082200,"id_str":"1082406929564082177","text":"JÁ É O MELHOR TEXTO DE 2019.\n\nComo não planejar uma vida de sucesso – @startupdareal – Medium https://t.co/XLNRUn1cla","source":"<a href=\"http://twitter.com/download/iphone\" rel=\"nofollow\">Twitter for iPhone</a>","truncated":false,"in_reply_to_status_id":null,"in_reply_to_status_id_str":null,"in_reply_to_user_id":null,"in_reply_to_user_id_str":null,"in_reply_to_screen_name":null,"user":{"id":16720327,"id_str":"16720327","name":"Murillo Leal","screen_name":"murilloleal","location":"São Paulo, Brasil","url":"http://www.murilloleal.com.br","description":"Jornalista | Palestrante | Professor | Produtor de conteúdo | Top Voice Linkedin com mais de 380.000 seguidores |","translator_type":"none","protected":false,"verified":false,"followers_count":2241,"friends_count":2411,"listed_count":33,"favourites_count":625,"statuses_count":13243,"created_at":"Mon Oct 13 12:56:13 +0000 2008","utc_offset":null,"time_zone":null,"geo_enabled":true,"lang":"pt","contributors_enabled":false,"is_translator":false,"profile_background_color":"131516","profile_background_image_url":"http://abs.twimg.com/images/themes/theme14/bg.gif","profile_background_image_url_https":"https://abs.twimg.com/images/themes/theme14/bg.gif","profile_background_tile":true,"profile_link_color":"1B95E0","profile_sidebar_border_color":"FFFFFF","profile_sidebar_fill_color":"EFEFEF","profile_text_color":"333333","profile_use_background_image":true,"profile_image_url":"http://pbs.twimg.com/profile_images/1070506547648913410/dJAJxFsU_normal.jpg","profile_image_url_https":"https://pbs.twimg.com/profile_images/1070506547648913410/dJAJxFsU_normal.jpg","profile_banner_url":"https://pbs.twimg.com/profile_banners/16720327/1544063600","default_profile":false,"default_profile_image":false,"following":null,"follow_request_sent":null,"notifications":null},"geo":null,"coordinates":null,"place":null,"contributors":null,"is_quote_status":false,"quote_count":0,"reply_count":1,"retweet_count":15,"favorite_count":64,"entities":{"hashtags":[],"urls":[{"url":"https://t.co/XLNRUn1cla","expanded_url":"https://medium.com/startup-da-real/como-n%C3%A3o-planejar-uma-vida-de-sucesso-3dc8433162be","display_url":"medium.com/startup-da-rea…","indices":[94,117]}],"user_mentions":[{"screen_name":"startupdareal","name":"Startupdareal","id":932675351913926700,"id_str":"932675351913926656","indices":[70,84]}],"symbols":[]},"favorited":false,"retweeted":false,"possibly_sensitive":false,"filter_level":"low","lang":"pt"},"quoted_status_permalink":{"url":"https://t.co/dQ4r4V4Hd9","expanded":"https://twitter.com/murilloleal/status/1082406929564082177","display":"twitter.com/murilloleal/st…"},"is_quote_status":true,"quote_count":0,"reply_count":0,"retweet_count":0,"favorite_count":0,"entities":{"hashtags":[],"urls":[{"url":"https://t.co/dQ4r4V4Hd9","expanded_url":"https://twitter.com/murilloleal/status/1082406929564082177","display_url":"twitter.com/murilloleal/st…","indices":[108,131]}],"user_mentions":[{"screen_name":"AssisRossato","name":"Bruno Rossato","id":1069229954821484500,"id_str":"1069229954821484546","indices":[3,16]},{"screen_name":"startupdareal","name":"Startupdareal","id":932675351913926700,"id_str":"932675351913926656","indices":[27,41]}],"symbols":[]},"favorited":false,"retweeted":false,"possibly_sensitive":false,"filter_level":"low","lang":"pt","matching_rules":[{"tag":null}]}