{"created_at":"Mon Jan 07 23:33:36 +0000 2019","id":1082420015670984700,"id_str":"1082420015670984704","text":"@negakrill https://t.co/Pkwi8PTBHp","display_text_range":[10,10],"source":"<a href=\"http://twitter.com/download/iphone\" rel=\"nofollow\">Twitter for iPhone</a>","truncated":false,"in_reply_to_status_id":1082419383006310400,"in_reply_to_status_id_str":"1082419383006310400","in_reply_to_user_id":932675351913926700,"in_reply_to_user_id_str":"932675351913926656","in_reply_to_screen_name":"startupdareal","user":{"id":932675351913926700,"id_str":"932675351913926656","name":"Startupdareal","screen_name":"startupdareal","location":"San Francisco, CA","url":"https://medium.com/startup-da-real","description":"#1 lugar livro de empreendedorismo mais vendido na Amazon, com \"Este livro não vai te deixar rico\"","translator_type":"none","protected":false,"verified":false,"followers_count":25736,"friends_count":176,"listed_count":112,"favourites_count":20411,"statuses_count":17948,"created_at":"Mon Nov 20 18:21:46 +0000 2017","utc_offset":null,"time_zone":null,"geo_enabled":true,"lang":"en","contributors_enabled":false,"is_translator":false,"profile_background_color":"000000","profile_background_image_url":"http://abs.twimg.com/images/themes/theme1/bg.png","profile_background_image_url_https":"https://abs.twimg.com/images/themes/theme1/bg.png","profile_background_tile":false,"profile_link_color":"FAB81E","profile_sidebar_border_color":"000000","profile_sidebar_fill_color":"000000","profile_text_color":"000000","profile_use_background_image":false,"profile_image_url":"http://pbs.twimg.com/profile_images/932680310336180226/PXZJpu93_normal.jpg","profile_image_url_https":"https://pbs.twimg.com/profile_images/932680310336180226/PXZJpu93_normal.jpg","profile_banner_url":"https://pbs.twimg.com/profile_banners/932675351913926656/1511203272","default_profile":false,"default_profile_image":false,"following":null,"follow_request_sent":null,"notifications":null},"geo":null,"coordinates":null,"place":null,"contributors":null,"is_quote_status":false,"quote_count":0,"reply_count":1,"retweet_count":0,"favorite_count":3,"entities":{"hashtags":[],"urls":[],"user_mentions":[{"screen_name":"negakrill","name":"Ma'am Takeshi","id":471595031,"id_str":"471595031","indices":[0,10]}],"symbols":[],"media":[{"id":1082420007353675800,"id_str":"1082420007353675776","indices":[11,34],"media_url":"http://pbs.twimg.com/media/DwWHQwQXcAABxrB.jpg","media_url_https":"https://pbs.twimg.com/media/DwWHQwQXcAABxrB.jpg","url":"https://t.co/Pkwi8PTBHp","display_url":"pic.twitter.com/Pkwi8PTBHp","expanded_url":"https://twitter.com/startupdareal/status/1082420015670984704/photo/1","type":"photo","sizes":{"medium":{"w":900,"h":1200,"resize":"fit"},"thumb":{"w":150,"h":150,"resize":"crop"},"small":{"w":510,"h":680,"resize":"fit"},"large":{"w":1536,"h":2048,"resize":"fit"}}}]},"extended_entities":{"media":[{"id":1082420007353675800,"id_str":"1082420007353675776","indices":[11,34],"media_url":"http://pbs.twimg.com/media/DwWHQwQXcAABxrB.jpg","media_url_https":"https://pbs.twimg.com/media/DwWHQwQXcAABxrB.jpg","url":"https://t.co/Pkwi8PTBHp","display_url":"pic.twitter.com/Pkwi8PTBHp","expanded_url":"https://twitter.com/startupdareal/status/1082420015670984704/photo/1","type":"photo","sizes":{"medium":{"w":900,"h":1200,"resize":"fit"},"thumb":{"w":150,"h":150,"resize":"crop"},"small":{"w":510,"h":680,"resize":"fit"},"large":{"w":1536,"h":2048,"resize":"fit"}}},{"id":1082420007349436400,"id_str":"1082420007349436416","indices":[11,34],"media_url":"http://pbs.twimg.com/media/DwWHQwPWwAAV9z5.jpg","media_url_https":"https://pbs.twimg.com/media/DwWHQwPWwAAV9z5.jpg","url":"https://t.co/Pkwi8PTBHp","display_url":"pic.twitter.com/Pkwi8PTBHp","expanded_url":"https://twitter.com/startupdareal/status/1082420015670984704/photo/1","type":"photo","sizes":{"thumb":{"w":150,"h":150,"resize":"crop"},"medium":{"w":900,"h":1200,"resize":"fit"},"large":{"w":1536,"h":2048,"resize":"fit"},"small":{"w":510,"h":680,"resize":"fit"}}}]},"favorited":false,"retweeted":false,"possibly_sensitive":false,"filter_level":"low","lang":"und","matching_rules":[{"tag":null}]}