{"created_at":"Mon Jan 07 21:08:57 +0000 2019","id":1082383612975173600,"id_str":"1082383612975173633","text":"RT @Carl3000P: Incrível como sempre da @startupdareal\n\n“Como não planejar uma vida de sucesso” by Startup da Real https://t.co/OrFUxJBSGx","source":"<a href=\"http://twitter.com\" rel=\"nofollow\">Twitter Web Client</a>","truncated":false,"in_reply_to_status_id":null,"in_reply_to_status_id_str":null,"in_reply_to_user_id":null,"in_reply_to_user_id_str":null,"in_reply_to_screen_name":null,"user":{"id":932675351913926700,"id_str":"932675351913926656","name":"Startupdareal","screen_name":"startupdareal","location":"San Francisco, CA","url":"https://medium.com/startup-da-real","description":"#1 lugar livro de empreendedorismo mais vendido na Amazon, com \"Este livro não vai te deixar rico\"","translator_type":"none","protected":false,"verified":false,"followers_count":25736,"friends_count":176,"listed_count":112,"favourites_count":20411,"statuses_count":17948,"created_at":"Mon Nov 20 18:21:46 +0000 2017","utc_offset":null,"time_zone":null,"geo_enabled":true,"lang":"en","contributors_enabled":false,"is_translator":false,"profile_background_color":"000000","profile_background_image_url":"http://abs.twimg.com/images/themes/theme1/bg.png","profile_background_image_url_https":"https://abs.twimg.com/images/themes/theme1/bg.png","profile_background_tile":false,"profile_link_color":"FAB81E","profile_sidebar_border_color":"000000","profile_sidebar_fill_color":"000000","profile_text_color":"000000","profile_use_background_image":false,"profile_image_url":"http://pbs.twimg.com/profile_images/932680310336180226/PXZJpu93_normal.jpg","profile_image_url_https":"https://pbs.twimg.com/profile_images/932680310336180226/PXZJpu93_normal.jpg","profile_banner_url":"https://pbs.twimg.com/profile_banners/932675351913926656/1511203272","default_profile":false,"default_profile_image":false,"following":null,"follow_request_sent":null,"notifications":null},"geo":null,"coordinates":null,"place":null,"contributors":null,"retweeted_status":{"created_at":"Mon Jan 07 21:07:02 +0000 2019","id":1082383129304813600,"id_str":"1082383129304813580","text":"Incrível como sempre da @startupdareal\n\n“Como não planejar uma vida de sucesso” by Startup da Real https://t.co/OrFUxJBSGx","source":"<a href=\"http://twitter.com/download/android\" rel=\"nofollow\">Twitter for Android</a>","truncated":false,"in_reply_to_status_id":null,"in_reply_to_status_id_str":null,"in_reply_to_user_id":null,"in_reply_to_user_id_str":null,"in_reply_to_screen_name":null,"user":{"id":366141830,"id_str":"366141830","name":"Carl3000P","screen_name":"Carl3000P","location":"Internet","url":null,"description":"#dev | fuck off | #br #eng","translator_type":"none","protected":false,"verified":false,"followers_count":119,"friends_count":1066,"listed_count":4,"favourites_count":22117,"statuses_count":7943,"created_at":"Thu Sep 01 17:01:27 +0000 2011","utc_offset":null,"time_zone":null,"geo_enabled":false,"lang":"en","contributors_enabled":false,"is_translator":false,"profile_background_color":"000000","profile_background_image_url":"http://abs.twimg.com/images/themes/theme14/bg.gif","profile_background_image_url_https":"https://abs.twimg.com/images/themes/theme14/bg.gif","profile_background_tile":false,"profile_link_color":"000000","profile_sidebar_border_color":"000000","profile_sidebar_fill_color":"000000","profile_text_color":"000000","profile_use_background_image":false,"profile_image_url":"http://pbs.twimg.com/profile_images/1021362668983201792/CVZZYvHL_normal.jpg","profile_image_url_https":"https://pbs.twimg.com/profile_images/1021362668983201792/CVZZYvHL_normal.jpg","profile_banner_url":"https://pbs.twimg.com/profile_banners/366141830/1530317485","default_profile":false,"default_profile_image":false,"following":null,"follow_request_sent":null,"notifications":null},"geo":null,"coordinates":null,"place":null,"contributors":null,"is_quote_status":false,"quote_count":0,"reply_count":0,"retweet_count":8,"favorite_count":14,"entities":{"hashtags":[],"urls":[{"url":"https://t.co/OrFUxJBSGx","expanded_url":"https://link.medium.com/w8zVS76diT","display_url":"link.medium.com/w8zVS76diT","indices":[99,122]}],"user_mentions":[{"screen_name":"startupdareal","name":"Startupdareal","id":932675351913926700,"id_str":"932675351913926656","indices":[24,38]}],"symbols":[]},"favorited":false,"retweeted":false,"possibly_sensitive":false,"filter_level":"low","lang":"pt"},"is_quote_status":false,"quote_count":0,"reply_count":0,"retweet_count":0,"favorite_count":0,"entities":{"hashtags":[],"urls":[{"url":"https://t.co/OrFUxJBSGx","expanded_url":"https://link.medium.com/w8zVS76diT","display_url":"link.medium.com/w8zVS76diT","indices":[114,137]}],"user_mentions":[{"screen_name":"Carl3000P","name":"Carl3000P","id":366141830,"id_str":"366141830","indices":[3,13]},{"screen_name":"startupdareal","name":"Startupdareal","id":932675351913926700,"id_str":"932675351913926656","indices":[39,53]}],"symbols":[]},"favorited":false,"retweeted":false,"possibly_sensitive":false,"filter_level":"low","lang":"pt","matching_rules":[{"tag":null}]}