{"created_at":"Mon Jan 07 16:03:54 +0000 2019","id":1082306842632638500,"id_str":"1082306842632638464","text":"RT @CaustCassio: Textao lindo e maravilhoso como sempre https://t.co/Oxvho67yRM","source":"<a href=\"http://twitter.com/download/iphone\" rel=\"nofollow\">Twitter for iPhone</a>","truncated":false,"in_reply_to_status_id":null,"in_reply_to_status_id_str":null,"in_reply_to_user_id":null,"in_reply_to_user_id_str":null,"in_reply_to_screen_name":null,"user":{"id":932675351913926700,"id_str":"932675351913926656","name":"Startupdareal","screen_name":"startupdareal","location":"San Francisco, CA","url":"https://medium.com/startup-da-real","description":"#1 lugar livro de empreendedorismo mais vendido na Amazon, com \"Este livro não vai te deixar rico\"","translator_type":"none","protected":false,"verified":false,"followers_count":25736,"friends_count":176,"listed_count":112,"favourites_count":20411,"statuses_count":17948,"created_at":"Mon Nov 20 18:21:46 +0000 2017","utc_offset":null,"time_zone":null,"geo_enabled":true,"lang":"en","contributors_enabled":false,"is_translator":false,"profile_background_color":"000000","profile_background_image_url":"http://abs.twimg.com/images/themes/theme1/bg.png","profile_background_image_url_https":"https://abs.twimg.com/images/themes/theme1/bg.png","profile_background_tile":false,"profile_link_color":"FAB81E","profile_sidebar_border_color":"000000","profile_sidebar_fill_color":"000000","profile_text_color":"000000","profile_use_background_image":false,"profile_image_url":"http://pbs.twimg.com/profile_images/932680310336180226/PXZJpu93_normal.jpg","profile_image_url_https":"https://pbs.twimg.com/profile_images/932680310336180226/PXZJpu93_normal.jpg","profile_banner_url":"https://pbs.twimg.com/profile_banners/932675351913926656/1511203272","default_profile":false,"default_profile_image":false,"following":null,"follow_request_sent":null,"notifications":null},"geo":null,"coordinates":null,"place":null,"contributors":null,"retweeted_status":{"created_at":"Mon Jan 07 16:02:28 +0000 2019","id":1082306484497797100,"id_str":"1082306484497797120","text":"Textao lindo e maravilhoso como sempre https://t.co/Oxvho67yRM","display_text_range":[0,38],"source":"<a href=\"http://twitter.com/download/android\" rel=\"nofollow\">Twitter for Android</a>","truncated":false,"in_reply_to_status_id":null,"in_reply_to_status_id_str":null,"in_reply_to_user_id":null,"in_reply_to_user_id_str":null,"in_reply_to_screen_name":null,"user":{"id":967765454528884700,"id_str":"967765454528884738","name":"Liquidificador .38","screen_name":"CaustCassio","location":null,"url":null,"description":"The looniest, zaniest, spontaneous, sporadic Impulsive thinker, compulsive drinker, addict Half animal, half man","translator_type":"none","protected":false,"verified":false,"followers_count":21,"friends_count":94,"listed_count":0,"favourites_count":4196,"statuses_count":3864,"created_at":"Sun Feb 25 14:17:19 +0000 2018","utc_offset":null,"time_zone":null,"geo_enabled":false,"lang":"pt","contributors_enabled":false,"is_translator":false,"profile_background_color":"F5F8FA","profile_background_image_url":"","profile_background_image_url_https":"","profile_background_tile":false,"profile_link_color":"1DA1F2","profile_sidebar_border_color":"C0DEED","profile_sidebar_fill_color":"DDEEF6","profile_text_color":"333333","profile_use_background_image":true,"profile_image_url":"http://pbs.twimg.com/profile_images/1026592884290715650/CZdcJdKu_normal.jpg","profile_image_url_https":"https://pbs.twimg.com/profile_images/1026592884290715650/CZdcJdKu_normal.jpg","default_profile":true,"default_profile_image":false,"following":null,"follow_request_sent":null,"notifications":null},"geo":null,"coordinates":null,"place":null,"contributors":null,"quoted_status_id":1082284329340940300,"quoted_status_id_str":"1082284329340940288","quoted_status":{"created_at":"Mon Jan 07 14:34:26 +0000 2019","id":1082284329340940300,"id_str":"1082284329340940288","text":"Você já ouviu que precisa saber onde quer chegar? Ter um GPS da vida? \n\nJá ouviu que precisa calcular quanto ganhar… https://t.co/Ch4nFruPOM","source":"<a href=\"http://twitter.com\" rel=\"nofollow\">Twitter Web Client</a>","truncated":true,"in_reply_to_status_id":null,"in_reply_to_status_id_str":null,"in_reply_to_user_id":null,"in_reply_to_user_id_str":null,"in_reply_to_screen_name":null,"user":{"id":932675351913926700,"id_str":"932675351913926656","name":"Startupdareal","screen_name":"startupdareal","location":"San Francisco, CA","url":"https://medium.com/startup-da-real","description":"#1 lugar livro de empreendedorismo mais vendido na Amazon, com \"Este livro não vai te deixar rico\"","translator_type":"none","protected":false,"verified":false,"followers_count":25736,"friends_count":176,"listed_count":112,"favourites_count":20411,"statuses_count":17948,"created_at":"Mon Nov 20 18:21:46 +0000 2017","utc_offset":null,"time_zone":null,"geo_enabled":true,"lang":"en","contributors_enabled":false,"is_translator":false,"profile_background_color":"000000","profile_background_image_url":"http://abs.twimg.com/images/themes/theme1/bg.png","profile_background_image_url_https":"https://abs.twimg.com/images/themes/theme1/bg.png","profile_background_tile":false,"profile_link_color":"FAB81E","profile_sidebar_border_color":"000000","profile_sidebar_fill_color":"000000","profile_text_color":"000000","profile_use_background_image":false,"profile_image_url":"http://pbs.twimg.com/profile_images/932680310336180226/PXZJpu93_normal.jpg","profile_image_url_https":"https://pbs.twimg.com/profile_images/932680310336180226/PXZJpu93_normal.jpg","profile_banner_url":"https://pbs.twimg.com/profile_banners/932675351913926656/1511203272","default_profile":false,"default_profile_image":false,"following":null,"follow_request_sent":null,"notifications":null},"geo":null,"coordinates":null,"place":null,"contributors":null,"is_quote_status":false,"extended_tweet":{"full_text":"Você já ouviu que precisa saber onde quer chegar? Ter um GPS da vida? \n\nJá ouviu que precisa calcular quanto ganharia num excelente emprego e que, para sustentar o estilo de vida ideal, a única saída é empreender?\n\nTenho um recado para você. \n \nhttps://t.co/NdMEtjpvdn","display_text_range":[0,268],"entities":{"hashtags":[],"urls":[{"url":"https://t.co/NdMEtjpvdn","expanded_url":"https://medium.com/startup-da-real/como-n%C3%A3o-planejar-uma-vida-de-sucesso-3dc8433162be","display_url":"medium.com/startup-da-rea…","indices":[245,268]}],"user_mentions":[],"symbols":[]}},"quote_count":0,"reply_count":60,"retweet_count":239,"favorite_count":852,"entities":{"hashtags":[],"urls":[{"url":"https://t.co/Ch4nFruPOM","expanded_url":"https://twitter.com/i/web/status/1082284329340940288","display_url":"twitter.com/i/web/status/1…","indices":[117,140]}],"user_mentions":[],"symbols":[]},"favorited":false,"retweeted":false,"possibly_sensitive":false,"filter_level":"low","lang":"pt"},"quoted_status_permalink":{"url":"https://t.co/Oxvho67yRM","expanded":"https://twitter.com/startupdareal/status/1082284329340940288","display":"twitter.com/startupdareal/…"},"is_quote_status":true,"quote_count":0,"reply_count":0,"retweet_count":2,"favorite_count":4,"entities":{"hashtags":[],"urls":[{"url":"https://t.co/Oxvho67yRM","expanded_url":"https://twitter.com/startupdareal/status/1082284329340940288","display_url":"twitter.com/startupdareal/…","indices":[39,62]}],"user_mentions":[],"symbols":[]},"favorited":false,"retweeted":false,"possibly_sensitive":false,"filter_level":"low","lang":"pt"},"quoted_status_id":1082284329340940300,"quoted_status_id_str":"1082284329340940288","quoted_status":{"created_at":"Mon Jan 07 14:34:26 +0000 2019","id":1082284329340940300,"id_str":"1082284329340940288","text":"Você já ouviu que precisa saber onde quer chegar? Ter um GPS da vida? \n\nJá ouviu que precisa calcular quanto ganhar… https://t.co/Ch4nFruPOM","source":"<a href=\"http://twitter.com\" rel=\"nofollow\">Twitter Web Client</a>","truncated":true,"in_reply_to_status_id":null,"in_reply_to_status_id_str":null,"in_reply_to_user_id":null,"in_reply_to_user_id_str":null,"in_reply_to_screen_name":null,"user":{"id":932675351913926700,"id_str":"932675351913926656","name":"Startupdareal","screen_name":"startupdareal","location":"San Francisco, CA","url":"https://medium.com/startup-da-real","description":"#1 lugar livro de empreendedorismo mais vendido na Amazon, com \"Este livro não vai te deixar rico\"","translator_type":"none","protected":false,"verified":false,"followers_count":25736,"friends_count":176,"listed_count":112,"favourites_count":20411,"statuses_count":17948,"created_at":"Mon Nov 20 18:21:46 +0000 2017","utc_offset":null,"time_zone":null,"geo_enabled":true,"lang":"en","contributors_enabled":false,"is_translator":false,"profile_background_color":"000000","profile_background_image_url":"http://abs.twimg.com/images/themes/theme1/bg.png","profile_background_image_url_https":"https://abs.twimg.com/images/themes/theme1/bg.png","profile_background_tile":false,"profile_link_color":"FAB81E","profile_sidebar_border_color":"000000","profile_sidebar_fill_color":"000000","profile_text_color":"000000","profile_use_background_image":false,"profile_image_url":"http://pbs.twimg.com/profile_images/932680310336180226/PXZJpu93_normal.jpg","profile_image_url_https":"https://pbs.twimg.com/profile_images/932680310336180226/PXZJpu93_normal.jpg","profile_banner_url":"https://pbs.twimg.com/profile_banners/932675351913926656/1511203272","default_profile":false,"default_profile_image":false,"following":null,"follow_request_sent":null,"notifications":null},"geo":null,"coordinates":null,"place":null,"contributors":null,"is_quote_status":false,"extended_tweet":{"full_text":"Você já ouviu que precisa saber onde quer chegar? Ter um GPS da vida? \n\nJá ouviu que precisa calcular quanto ganharia num excelente emprego e que, para sustentar o estilo de vida ideal, a única saída é empreender?\n\nTenho um recado para você. \n \nhttps://t.co/NdMEtjpvdn","display_text_range":[0,268],"entities":{"hashtags":[],"urls":[{"url":"https://t.co/NdMEtjpvdn","expanded_url":"https://medium.com/startup-da-real/como-n%C3%A3o-planejar-uma-vida-de-sucesso-3dc8433162be","display_url":"medium.com/startup-da-rea…","indices":[245,268]}],"user_mentions":[],"symbols":[]}},"quote_count":0,"reply_count":60,"retweet_count":239,"favorite_count":852,"entities":{"hashtags":[],"urls":[{"url":"https://t.co/Ch4nFruPOM","expanded_url":"https://twitter.com/i/web/status/1082284329340940288","display_url":"twitter.com/i/web/status/1…","indices":[117,140]}],"user_mentions":[],"symbols":[]},"favorited":false,"retweeted":false,"possibly_sensitive":false,"filter_level":"low","lang":"pt"},"quoted_status_permalink":{"url":"https://t.co/Oxvho67yRM","expanded":"https://twitter.com/startupdareal/status/1082284329340940288","display":"twitter.com/startupdareal/…"},"is_quote_status":true,"quote_count":0,"reply_count":0,"retweet_count":0,"favorite_count":0,"entities":{"hashtags":[],"urls":[{"url":"https://t.co/Oxvho67yRM","expanded_url":"https://twitter.com/startupdareal/status/1082284329340940288","display_url":"twitter.com/startupdareal/…","indices":[56,79]}],"user_mentions":[{"screen_name":"CaustCassio","name":"Liquidificador .38","id":967765454528884700,"id_str":"967765454528884738","indices":[3,15]}],"symbols":[]},"favorited":false,"retweeted":false,"possibly_sensitive":false,"filter_level":"low","lang":"pt","matching_rules":[{"tag":null}]}