{"created_at":"Tue Jan 08 21:12:32 +0000 2019","id":1082746901055922200,"id_str":"1082746901055922176","text":"Falaram mesmo que iam acabar com a corrupção escondida no governo, agora ela acontece na luz do dia. https://t.co/UhLNG8X4eJ","display_text_range":[0,100],"source":"<a href=\"http://twitter.com\" rel=\"nofollow\">Twitter Web Client</a>","truncated":false,"in_reply_to_status_id":null,"in_reply_to_status_id_str":null,"in_reply_to_user_id":null,"in_reply_to_user_id_str":null,"in_reply_to_screen_name":null,"user":{"id":932675351913926700,"id_str":"932675351913926656","name":"Startupdareal","screen_name":"startupdareal","location":"San Francisco, CA","url":"https://medium.com/startup-da-real","description":"#1 lugar livro de empreendedorismo mais vendido na Amazon, com \"Este livro não vai te deixar rico\"","translator_type":"none","protected":false,"verified":false,"followers_count":25736,"friends_count":176,"listed_count":112,"favourites_count":20411,"statuses_count":17948,"created_at":"Mon Nov 20 18:21:46 +0000 2017","utc_offset":null,"time_zone":null,"geo_enabled":true,"lang":"en","contributors_enabled":false,"is_translator":false,"profile_background_color":"000000","profile_background_image_url":"http://abs.twimg.com/images/themes/theme1/bg.png","profile_background_image_url_https":"https://abs.twimg.com/images/themes/theme1/bg.png","profile_background_tile":false,"profile_link_color":"FAB81E","profile_sidebar_border_color":"000000","profile_sidebar_fill_color":"000000","profile_text_color":"000000","profile_use_background_image":false,"profile_image_url":"http://pbs.twimg.com/profile_images/932680310336180226/PXZJpu93_normal.jpg","profile_image_url_https":"https://pbs.twimg.com/profile_images/932680310336180226/PXZJpu93_normal.jpg","profile_banner_url":"https://pbs.twimg.com/profile_banners/932675351913926656/1511203272","default_profile":false,"default_profile_image":false,"following":null,"follow_request_sent":null,"notifications":null},"geo":null,"coordinates":null,"place":null,"contributors":null,"quoted_status_id":1082746676899663900,"quoted_status_id_str":"1082746676899663874","quoted_status":{"created_at":"Tue Jan 08 21:11:38 +0000 2019","id":1082746676899663900,"id_str":"1082746676899663874","text":"No mesmo dia você descobre que o Queiroz tá se tratando no Albert Einstein e o filho do Mourão é promovido pra ganh… https://t.co/MgwItDw84B","source":"<a href=\"http://twitter.com/download/android\" rel=\"nofollow\">Twitter for Android</a>","truncated":true,"in_reply_to_status_id":null,"in_reply_to_status_id_str":null,"in_reply_to_user_id":null,"in_reply_to_user_id_str":null,"in_reply_to_screen_name":null,"user":{"id":151752039,"id_str":"151752039","name":"Victor Sousa","screen_name":"erro500","location":null,"url":"http://www.erro500.com.br","description":"Perfil do desativado blog Erro 500. Se quiser acessar, ainda é possível mas não recomendo. Fora isso, é só o perfil de um kra que agora é host no @podcastmid","translator_type":"none","protected":false,"verified":false,"followers_count":665,"friends_count":302,"listed_count":26,"favourites_count":1232,"statuses_count":22644,"created_at":"Fri Jun 04 04:39:28 +0000 2010","utc_offset":null,"time_zone":null,"geo_enabled":false,"lang":"pt","contributors_enabled":false,"is_translator":false,"profile_background_color":"022330","profile_background_image_url":"http://abs.twimg.com/images/themes/theme15/bg.png","profile_background_image_url_https":"https://abs.twimg.com/images/themes/theme15/bg.png","profile_background_tile":false,"profile_link_color":"0084B4","profile_sidebar_border_color":"FFFFFF","profile_sidebar_fill_color":"C0DFEC","profile_text_color":"333333","profile_use_background_image":true,"profile_image_url":"http://pbs.twimg.com/profile_images/1006354783052161025/N8kZAo7V_normal.jpg","profile_image_url_https":"https://pbs.twimg.com/profile_images/1006354783052161025/N8kZAo7V_normal.jpg","profile_banner_url":"https://pbs.twimg.com/profile_banners/151752039/1533094302","default_profile":false,"default_profile_image":false,"following":null,"follow_request_sent":null,"notifications":null},"geo":null,"coordinates":null,"place":null,"contributors":null,"is_quote_status":false,"extended_tweet":{"full_text":"No mesmo dia você descobre que o Queiroz tá se tratando no Albert Einstein e o filho do Mourão é promovido pra ganhar 3x.\n\nIsso é o que eu chamo de MERITOCRACIA, @startupdareal !\n\nMérito de ser laranja da pessoa certa e de ser filho do vice certo.","display_text_range":[0,247],"entities":{"hashtags":[],"urls":[],"user_mentions":[{"screen_name":"startupdareal","name":"Startupdareal","id":932675351913926700,"id_str":"932675351913926656","indices":[162,176]}],"symbols":[]}},"quote_count":0,"reply_count":0,"retweet_count":14,"favorite_count":81,"entities":{"hashtags":[],"urls":[{"url":"https://t.co/MgwItDw84B","expanded_url":"https://twitter.com/i/web/status/1082746676899663874","display_url":"twitter.com/i/web/status/1…","indices":[117,140]}],"user_mentions":[],"symbols":[]},"favorited":false,"retweeted":false,"filter_level":"low","lang":"pt"},"quoted_status_permalink":{"url":"https://t.co/UhLNG8X4eJ","expanded":"https://twitter.com/erro500/status/1082746676899663874","display":"twitter.com/erro500/status…"},"is_quote_status":true,"quote_count":0,"reply_count":0,"retweet_count":14,"favorite_count":89,"entities":{"hashtags":[],"urls":[{"url":"https://t.co/UhLNG8X4eJ","expanded_url":"https://twitter.com/erro500/status/1082746676899663874","display_url":"twitter.com/erro500/status…","indices":[101,124]}],"user_mentions":[],"symbols":[]},"favorited":false,"retweeted":false,"possibly_sensitive":false,"filter_level":"low","lang":"pt","matching_rules":[{"tag":null}]}