{"created_at":"Wed Jan 09 11:10:31 +0000 2019","id":1082957785904619500,"id_str":"1082957785904619521","text":"Isso aí começou pelo failfast hahahah https://t.co/u7bWT7B2x9","display_text_range":[0,37],"source":"<a href=\"http://twitter.com/download/iphone\" rel=\"nofollow\">Twitter for iPhone</a>","truncated":false,"in_reply_to_status_id":null,"in_reply_to_status_id_str":null,"in_reply_to_user_id":null,"in_reply_to_user_id_str":null,"in_reply_to_screen_name":null,"user":{"id":932675351913926700,"id_str":"932675351913926656","name":"Startupdareal","screen_name":"startupdareal","location":"San Francisco, CA","url":"https://medium.com/startup-da-real","description":"#1 lugar livro de empreendedorismo mais vendido na Amazon, com \"Este livro não vai te deixar rico\"","translator_type":"none","protected":false,"verified":false,"followers_count":25736,"friends_count":176,"listed_count":112,"favourites_count":20411,"statuses_count":17948,"created_at":"Mon Nov 20 18:21:46 +0000 2017","utc_offset":null,"time_zone":null,"geo_enabled":true,"lang":"en","contributors_enabled":false,"is_translator":false,"profile_background_color":"000000","profile_background_image_url":"http://abs.twimg.com/images/themes/theme1/bg.png","profile_background_image_url_https":"https://abs.twimg.com/images/themes/theme1/bg.png","profile_background_tile":false,"profile_link_color":"FAB81E","profile_sidebar_border_color":"000000","profile_sidebar_fill_color":"000000","profile_text_color":"000000","profile_use_background_image":false,"profile_image_url":"http://pbs.twimg.com/profile_images/932680310336180226/PXZJpu93_normal.jpg","profile_image_url_https":"https://pbs.twimg.com/profile_images/932680310336180226/PXZJpu93_normal.jpg","profile_banner_url":"https://pbs.twimg.com/profile_banners/932675351913926656/1511203272","default_profile":false,"default_profile_image":false,"following":null,"follow_request_sent":null,"notifications":null},"geo":null,"coordinates":null,"place":null,"contributors":null,"quoted_status_id":1082942299271819300,"quoted_status_id_str":"1082942299271819265","quoted_status":{"created_at":"Wed Jan 09 10:08:58 +0000 2019","id":1082942299271819300,"id_str":"1082942299271819265","text":"Alá @startupdareal https://t.co/1P1d1EsAlW","display_text_range":[0,18],"source":"<a href=\"https://github.com/TwidereProject\" rel=\"nofollow\">Twidere for Android #8</a>","truncated":false,"in_reply_to_status_id":null,"in_reply_to_status_id_str":null,"in_reply_to_user_id":null,"in_reply_to_user_id_str":null,"in_reply_to_screen_name":null,"user":{"id":40423967,"id_str":"40423967","name":"360° de curvatura 🇧🇫🇧🇮🇧🇼🇸🇱","screen_name":"Ninde_Ringeril","location":"Niteroi - RJ","url":"http://about.me/Ninde_Ringeril","description":"#euavisei :) \n\nmete o pé daqui, fascista!","translator_type":"none","protected":false,"verified":false,"followers_count":374,"friends_count":325,"listed_count":10,"favourites_count":8184,"statuses_count":108038,"created_at":"Sat May 16 06:42:19 +0000 2009","utc_offset":null,"time_zone":null,"geo_enabled":true,"lang":"pt","contributors_enabled":false,"is_translator":false,"profile_background_color":"FFF04D","profile_background_image_url":"http://abs.twimg.com/images/themes/theme1/bg.png","profile_background_image_url_https":"https://abs.twimg.com/images/themes/theme1/bg.png","profile_background_tile":false,"profile_link_color":"981CEB","profile_sidebar_border_color":"B7AE00","profile_sidebar_fill_color":"142200","profile_text_color":"506C49","profile_use_background_image":true,"profile_image_url":"http://pbs.twimg.com/profile_images/1086431308501450752/IqwiUS8k_normal.jpg","profile_image_url_https":"https://pbs.twimg.com/profile_images/1086431308501450752/IqwiUS8k_normal.jpg","profile_banner_url":"https://pbs.twimg.com/profile_banners/40423967/1385675356","default_profile":false,"default_profile_image":false,"following":null,"follow_request_sent":null,"notifications":null},"geo":null,"coordinates":null,"place":null,"contributors":null,"quoted_status_id":1082940185858527200,"quoted_status_id_str":"1082940185858527232","is_quote_status":true,"quote_count":0,"reply_count":0,"retweet_count":1,"favorite_count":6,"entities":{"hashtags":[],"urls":[{"url":"https://t.co/1P1d1EsAlW","expanded_url":"https://twitter.com/valoreconomico/status/1082940185858527232","display_url":"twitter.com/valoreconomico…","indices":[19,42]}],"user_mentions":[{"screen_name":"startupdareal","name":"Startupdareal","id":932675351913926700,"id_str":"932675351913926656","indices":[4,18]}],"symbols":[]},"favorited":false,"retweeted":false,"possibly_sensitive":false,"filter_level":"low","lang":"und"},"quoted_status_permalink":{"url":"https://t.co/u7bWT7B2x9","expanded":"https://twitter.com/Ninde_Ringeril/status/1082942299271819265","display":"twitter.com/Ninde_Ringeril…"},"is_quote_status":true,"quote_count":0,"reply_count":1,"retweet_count":0,"favorite_count":8,"entities":{"hashtags":[],"urls":[{"url":"https://t.co/u7bWT7B2x9","expanded_url":"https://twitter.com/Ninde_Ringeril/status/1082942299271819265","display_url":"twitter.com/Ninde_Ringeril…","indices":[38,61]}],"user_mentions":[],"symbols":[]},"favorited":false,"retweeted":false,"possibly_sensitive":false,"filter_level":"low","lang":"pt","matching_rules":[{"tag":null}]}