{"created_at":"Wed Jan 09 02:50:48 +0000 2019","id":1082832028637298700,"id_str":"1082832028637298688","text":"RT @andreiatecansar: @startupdareal Essa cultura de empreendedorismo espalha a mentira de que só se pode ter uma vida financeiramente tranq…","source":"<a href=\"http://twitter.com/download/iphone\" rel=\"nofollow\">Twitter for iPhone</a>","truncated":false,"in_reply_to_status_id":null,"in_reply_to_status_id_str":null,"in_reply_to_user_id":null,"in_reply_to_user_id_str":null,"in_reply_to_screen_name":null,"user":{"id":932675351913926700,"id_str":"932675351913926656","name":"Startupdareal","screen_name":"startupdareal","location":"San Francisco, CA","url":"https://medium.com/startup-da-real","description":"#1 lugar livro de empreendedorismo mais vendido na Amazon, com \"Este livro não vai te deixar rico\"","translator_type":"none","protected":false,"verified":false,"followers_count":25736,"friends_count":176,"listed_count":112,"favourites_count":20411,"statuses_count":17948,"created_at":"Mon Nov 20 18:21:46 +0000 2017","utc_offset":null,"time_zone":null,"geo_enabled":true,"lang":"en","contributors_enabled":false,"is_translator":false,"profile_background_color":"000000","profile_background_image_url":"http://abs.twimg.com/images/themes/theme1/bg.png","profile_background_image_url_https":"https://abs.twimg.com/images/themes/theme1/bg.png","profile_background_tile":false,"profile_link_color":"FAB81E","profile_sidebar_border_color":"000000","profile_sidebar_fill_color":"000000","profile_text_color":"000000","profile_use_background_image":false,"profile_image_url":"http://pbs.twimg.com/profile_images/932680310336180226/PXZJpu93_normal.jpg","profile_image_url_https":"https://pbs.twimg.com/profile_images/932680310336180226/PXZJpu93_normal.jpg","profile_banner_url":"https://pbs.twimg.com/profile_banners/932675351913926656/1511203272","default_profile":false,"default_profile_image":false,"following":null,"follow_request_sent":null,"notifications":null},"geo":null,"coordinates":null,"place":null,"contributors":null,"retweeted_status":{"created_at":"Wed Jan 09 02:02:00 +0000 2019","id":1082819748293951500,"id_str":"1082819748293951488","text":"@startupdareal Essa cultura de empreendedorismo espalha a mentira de que só se pode ter uma vida financeiramente tr… https://t.co/twX2qg41eV","display_text_range":[15,140],"source":"<a href=\"http://twitter.com/download/android\" rel=\"nofollow\">Twitter for Android</a>","truncated":true,"in_reply_to_status_id":1082817546938658800,"in_reply_to_status_id_str":"1082817546938658816","in_reply_to_user_id":932675351913926700,"in_reply_to_user_id_str":"932675351913926656","in_reply_to_screen_name":"startupdareal","user":{"id":1072122827514503200,"id_str":"1072122827514503169","name":"安道霊","screen_name":"andreiatecansar","location":null,"url":null,"description":"Não tô velho. Tô cansado.","translator_type":"none","protected":false,"verified":false,"followers_count":36,"friends_count":279,"listed_count":0,"favourites_count":4151,"statuses_count":763,"created_at":"Mon Dec 10 13:36:15 +0000 2018","utc_offset":null,"time_zone":null,"geo_enabled":false,"lang":"pt","contributors_enabled":false,"is_translator":false,"profile_background_color":"F5F8FA","profile_background_image_url":"","profile_background_image_url_https":"","profile_background_tile":false,"profile_link_color":"1DA1F2","profile_sidebar_border_color":"C0DEED","profile_sidebar_fill_color":"DDEEF6","profile_text_color":"333333","profile_use_background_image":true,"profile_image_url":"http://pbs.twimg.com/profile_images/1072124849588461568/H_ZvX4MZ_normal.jpg","profile_image_url_https":"https://pbs.twimg.com/profile_images/1072124849588461568/H_ZvX4MZ_normal.jpg","profile_banner_url":"https://pbs.twimg.com/profile_banners/1072122827514503169/1549284378","default_profile":true,"default_profile_image":false,"following":null,"follow_request_sent":null,"notifications":null},"geo":null,"coordinates":null,"place":null,"contributors":null,"is_quote_status":false,"extended_tweet":{"full_text":"@startupdareal Essa cultura de empreendedorismo espalha a mentira de que só se pode ter uma vida financeiramente tranquila se vc for empresário.\n\nÉ dizer ao trabalhador: \"não lute por direitos e por melhores salários. Abra uma empresa e explore os outros como te exploraram se quiser ser feliz\"","display_text_range":[15,294],"entities":{"hashtags":[],"urls":[],"user_mentions":[{"screen_name":"startupdareal","name":"Startupdareal","id":932675351913926700,"id_str":"932675351913926656","indices":[0,14]}],"symbols":[]}},"quote_count":0,"reply_count":0,"retweet_count":7,"favorite_count":55,"entities":{"hashtags":[],"urls":[{"url":"https://t.co/twX2qg41eV","expanded_url":"https://twitter.com/i/web/status/1082819748293951488","display_url":"twitter.com/i/web/status/1…","indices":[117,140]}],"user_mentions":[{"screen_name":"startupdareal","name":"Startupdareal","id":932675351913926700,"id_str":"932675351913926656","indices":[0,14]}],"symbols":[]},"favorited":false,"retweeted":false,"filter_level":"low","lang":"pt"},"is_quote_status":false,"quote_count":0,"reply_count":0,"retweet_count":0,"favorite_count":0,"entities":{"hashtags":[],"urls":[],"user_mentions":[{"screen_name":"andreiatecansar","name":"安道霊","id":1072122827514503200,"id_str":"1072122827514503169","indices":[3,19]},{"screen_name":"startupdareal","name":"Startupdareal","id":932675351913926700,"id_str":"932675351913926656","indices":[21,35]}],"symbols":[]},"favorited":false,"retweeted":false,"filter_level":"low","lang":"pt","matching_rules":[{"tag":null}]}