{"created_at":"Wed Jan 09 02:51:38 +0000 2019","id":1082832238646083600,"id_str":"1082832238646083584","text":"RT @brupaese: O perfil @startupdareal é um dos melhores conteúdos de empreendedorismo hoje em dia no Brasil. Eu parei com as críticas aos m…","source":"<a href=\"http://twitter.com/download/iphone\" rel=\"nofollow\">Twitter for iPhone</a>","truncated":false,"in_reply_to_status_id":null,"in_reply_to_status_id_str":null,"in_reply_to_user_id":null,"in_reply_to_user_id_str":null,"in_reply_to_screen_name":null,"user":{"id":932675351913926700,"id_str":"932675351913926656","name":"Startupdareal","screen_name":"startupdareal","location":"San Francisco, CA","url":"https://medium.com/startup-da-real","description":"#1 lugar livro de empreendedorismo mais vendido na Amazon, com \"Este livro não vai te deixar rico\"","translator_type":"none","protected":false,"verified":false,"followers_count":25736,"friends_count":176,"listed_count":112,"favourites_count":20411,"statuses_count":17948,"created_at":"Mon Nov 20 18:21:46 +0000 2017","utc_offset":null,"time_zone":null,"geo_enabled":true,"lang":"en","contributors_enabled":false,"is_translator":false,"profile_background_color":"000000","profile_background_image_url":"http://abs.twimg.com/images/themes/theme1/bg.png","profile_background_image_url_https":"https://abs.twimg.com/images/themes/theme1/bg.png","profile_background_tile":false,"profile_link_color":"FAB81E","profile_sidebar_border_color":"000000","profile_sidebar_fill_color":"000000","profile_text_color":"000000","profile_use_background_image":false,"profile_image_url":"http://pbs.twimg.com/profile_images/932680310336180226/PXZJpu93_normal.jpg","profile_image_url_https":"https://pbs.twimg.com/profile_images/932680310336180226/PXZJpu93_normal.jpg","profile_banner_url":"https://pbs.twimg.com/profile_banners/932675351913926656/1511203272","default_profile":false,"default_profile_image":false,"following":null,"follow_request_sent":null,"notifications":null},"geo":null,"coordinates":null,"place":null,"contributors":null,"retweeted_status":{"created_at":"Wed Jan 09 02:33:31 +0000 2019","id":1082827681622904800,"id_str":"1082827681622904834","text":"O perfil @startupdareal é um dos melhores conteúdos de empreendedorismo hoje em dia no Brasil. Eu parei com as crít… https://t.co/SVEMU4eOvl","source":"<a href=\"http://twitter.com/download/android\" rel=\"nofollow\">Twitter for Android</a>","truncated":true,"in_reply_to_status_id":null,"in_reply_to_status_id_str":null,"in_reply_to_user_id":null,"in_reply_to_user_id_str":null,"in_reply_to_screen_name":null,"user":{"id":36703666,"id_str":"36703666","name":"Bru Paese 🔆","screen_name":"brupaese","location":"Chile/Brazil","url":"https://iubi.me","description":"Creator and CEO at Iubi. I love technology, creativity and innovation #AI #Healthcare #IoT #VR #AR 😍 http://iubi.me","translator_type":"none","protected":false,"verified":false,"followers_count":4520,"friends_count":1943,"listed_count":74,"favourites_count":10901,"statuses_count":63399,"created_at":"Thu Apr 30 16:26:59 +0000 2009","utc_offset":null,"time_zone":null,"geo_enabled":true,"lang":"en","contributors_enabled":false,"is_translator":false,"profile_background_color":"1A1B1F","profile_background_image_url":"http://abs.twimg.com/images/themes/theme1/bg.png","profile_background_image_url_https":"https://abs.twimg.com/images/themes/theme1/bg.png","profile_background_tile":true,"profile_link_color":"FFCC4D","profile_sidebar_border_color":"FFFFFF","profile_sidebar_fill_color":"252429","profile_text_color":"666666","profile_use_background_image":true,"profile_image_url":"http://pbs.twimg.com/profile_images/1066526039608766465/ecLtFpQH_normal.jpg","profile_image_url_https":"https://pbs.twimg.com/profile_images/1066526039608766465/ecLtFpQH_normal.jpg","profile_banner_url":"https://pbs.twimg.com/profile_banners/36703666/1394649943","default_profile":false,"default_profile_image":false,"following":null,"follow_request_sent":null,"notifications":null},"geo":null,"coordinates":null,"place":null,"contributors":null,"is_quote_status":false,"extended_tweet":{"full_text":"O perfil @startupdareal é um dos melhores conteúdos de empreendedorismo hoje em dia no Brasil. Eu parei com as críticas aos modelos atuais pq só tomei no *, mas fico feliz que sempre tem alguém fazendo esse trabalho.","display_text_range":[0,216],"entities":{"hashtags":[],"urls":[],"user_mentions":[{"screen_name":"startupdareal","name":"Startupdareal","id":932675351913926700,"id_str":"932675351913926656","indices":[9,23]}],"symbols":[]}},"quote_count":0,"reply_count":0,"retweet_count":3,"favorite_count":51,"entities":{"hashtags":[],"urls":[{"url":"https://t.co/SVEMU4eOvl","expanded_url":"https://twitter.com/i/web/status/1082827681622904834","display_url":"twitter.com/i/web/status/1…","indices":[117,140]}],"user_mentions":[{"screen_name":"startupdareal","name":"Startupdareal","id":932675351913926700,"id_str":"932675351913926656","indices":[9,23]}],"symbols":[]},"favorited":false,"retweeted":false,"filter_level":"low","lang":"pt"},"is_quote_status":false,"quote_count":0,"reply_count":0,"retweet_count":0,"favorite_count":0,"entities":{"hashtags":[],"urls":[],"user_mentions":[{"screen_name":"brupaese","name":"Bru Paese 🔆","id":36703666,"id_str":"36703666","indices":[3,12]},{"screen_name":"startupdareal","name":"Startupdareal","id":932675351913926700,"id_str":"932675351913926656","indices":[23,37]}],"symbols":[]},"favorited":false,"retweeted":false,"filter_level":"low","lang":"pt","matching_rules":[{"tag":null}]}