{"created_at":"Mon Jan 07 16:18:55 +0000 2019","id":1082310623516655600,"id_str":"1082310623516655618","text":"RT @EdgarBorgesJr: @startupdareal Acompanhando seus textos nos últimos meses, pode-se dizer que esse texto é o refinamento de muita coisa q…","source":"<a href=\"http://twitter.com\" rel=\"nofollow\">Twitter Web Client</a>","truncated":false,"in_reply_to_status_id":null,"in_reply_to_status_id_str":null,"in_reply_to_user_id":null,"in_reply_to_user_id_str":null,"in_reply_to_screen_name":null,"user":{"id":932675351913926700,"id_str":"932675351913926656","name":"Startupdareal","screen_name":"startupdareal","location":"San Francisco, CA","url":"https://medium.com/startup-da-real","description":"#1 lugar livro de empreendedorismo mais vendido na Amazon, com \"Este livro não vai te deixar rico\"","translator_type":"none","protected":false,"verified":false,"followers_count":25736,"friends_count":176,"listed_count":112,"favourites_count":20411,"statuses_count":17948,"created_at":"Mon Nov 20 18:21:46 +0000 2017","utc_offset":null,"time_zone":null,"geo_enabled":true,"lang":"en","contributors_enabled":false,"is_translator":false,"profile_background_color":"000000","profile_background_image_url":"http://abs.twimg.com/images/themes/theme1/bg.png","profile_background_image_url_https":"https://abs.twimg.com/images/themes/theme1/bg.png","profile_background_tile":false,"profile_link_color":"FAB81E","profile_sidebar_border_color":"000000","profile_sidebar_fill_color":"000000","profile_text_color":"000000","profile_use_background_image":false,"profile_image_url":"http://pbs.twimg.com/profile_images/932680310336180226/PXZJpu93_normal.jpg","profile_image_url_https":"https://pbs.twimg.com/profile_images/932680310336180226/PXZJpu93_normal.jpg","profile_banner_url":"https://pbs.twimg.com/profile_banners/932675351913926656/1511203272","default_profile":false,"default_profile_image":false,"following":null,"follow_request_sent":null,"notifications":null},"geo":null,"coordinates":null,"place":null,"contributors":null,"retweeted_status":{"created_at":"Mon Jan 07 16:16:43 +0000 2019","id":1082310070933741600,"id_str":"1082310070933741568","text":"@startupdareal Acompanhando seus textos nos últimos meses, pode-se dizer que esse texto é o refinamento de muita co… https://t.co/3h4k1Wgzo3","display_text_range":[15,140],"source":"<a href=\"http://twitter.com\" rel=\"nofollow\">Twitter Web Client</a>","truncated":true,"in_reply_to_status_id":1082284329340940300,"in_reply_to_status_id_str":"1082284329340940288","in_reply_to_user_id":932675351913926700,"in_reply_to_user_id_str":"932675351913926656","in_reply_to_screen_name":"startupdareal","user":{"id":54566035,"id_str":"54566035","name":"Edgar Borges Jr","screen_name":"EdgarBorgesJr","location":"Jundiaí","url":null,"description":"A arte existe porque a vida não basta. Historiador, palmeirense e jundiaiense; atualmente, estudo Design de Interiores e assuntos como Gestão e Empreendedorismo","translator_type":"none","protected":false,"verified":false,"followers_count":596,"friends_count":339,"listed_count":13,"favourites_count":9367,"statuses_count":11744,"created_at":"Tue Jul 07 14:43:34 +0000 2009","utc_offset":null,"time_zone":null,"geo_enabled":false,"lang":"pt","contributors_enabled":false,"is_translator":false,"profile_background_color":"78C1C4","profile_background_image_url":"http://abs.twimg.com/images/themes/theme18/bg.gif","profile_background_image_url_https":"https://abs.twimg.com/images/themes/theme18/bg.gif","profile_background_tile":false,"profile_link_color":"19CF86","profile_sidebar_border_color":"96EB92","profile_sidebar_fill_color":"FCFCFC","profile_text_color":"180E38","profile_use_background_image":true,"profile_image_url":"http://pbs.twimg.com/profile_images/976916420704587777/LlhNlKQA_normal.jpg","profile_image_url_https":"https://pbs.twimg.com/profile_images/976916420704587777/LlhNlKQA_normal.jpg","profile_banner_url":"https://pbs.twimg.com/profile_banners/54566035/1540819830","default_profile":false,"default_profile_image":false,"following":null,"follow_request_sent":null,"notifications":null},"geo":null,"coordinates":null,"place":null,"contributors":null,"is_quote_status":false,"extended_tweet":{"full_text":"@startupdareal Acompanhando seus textos nos últimos meses, pode-se dizer que esse texto é o refinamento de muita coisa que vc apresentou no período, com um poder de síntese e elegância muito fodas. Posso dizer que, um pouco, seus textos me salvaram de armadilhas desses high stakes storyline...","display_text_range":[15,294],"entities":{"hashtags":[],"urls":[],"user_mentions":[{"screen_name":"startupdareal","name":"Startupdareal","id":932675351913926700,"id_str":"932675351913926656","indices":[0,14]}],"symbols":[]}},"quote_count":0,"reply_count":0,"retweet_count":2,"favorite_count":7,"entities":{"hashtags":[],"urls":[{"url":"https://t.co/3h4k1Wgzo3","expanded_url":"https://twitter.com/i/web/status/1082310070933741568","display_url":"twitter.com/i/web/status/1…","indices":[117,140]}],"user_mentions":[{"screen_name":"startupdareal","name":"Startupdareal","id":932675351913926700,"id_str":"932675351913926656","indices":[0,14]}],"symbols":[]},"favorited":false,"retweeted":false,"filter_level":"low","lang":"pt"},"is_quote_status":false,"quote_count":0,"reply_count":0,"retweet_count":0,"favorite_count":0,"entities":{"hashtags":[],"urls":[],"user_mentions":[{"screen_name":"EdgarBorgesJr","name":"Edgar Borges Jr","id":54566035,"id_str":"54566035","indices":[3,17]},{"screen_name":"startupdareal","name":"Startupdareal","id":932675351913926700,"id_str":"932675351913926656","indices":[19,33]}],"symbols":[]},"favorited":false,"retweeted":false,"filter_level":"low","lang":"pt","matching_rules":[{"tag":null}]}