{"created_at":"Wed Jan 09 02:51:06 +0000 2019","id":1082832103576924200,"id_str":"1082832103576924160","text":"RT @jojosejoestar: @startupdareal eu sinto algo um pouco parecido, pq entre meus sócios eu sou o mais \"pessimista\", pq tento sempre colocar…","source":"<a href=\"http://twitter.com/download/iphone\" rel=\"nofollow\">Twitter for iPhone</a>","truncated":false,"in_reply_to_status_id":null,"in_reply_to_status_id_str":null,"in_reply_to_user_id":null,"in_reply_to_user_id_str":null,"in_reply_to_screen_name":null,"user":{"id":932675351913926700,"id_str":"932675351913926656","name":"Startupdareal","screen_name":"startupdareal","location":"San Francisco, CA","url":"https://medium.com/startup-da-real","description":"#1 lugar livro de empreendedorismo mais vendido na Amazon, com \"Este livro não vai te deixar rico\"","translator_type":"none","protected":false,"verified":false,"followers_count":25736,"friends_count":176,"listed_count":112,"favourites_count":20411,"statuses_count":17948,"created_at":"Mon Nov 20 18:21:46 +0000 2017","utc_offset":null,"time_zone":null,"geo_enabled":true,"lang":"en","contributors_enabled":false,"is_translator":false,"profile_background_color":"000000","profile_background_image_url":"http://abs.twimg.com/images/themes/theme1/bg.png","profile_background_image_url_https":"https://abs.twimg.com/images/themes/theme1/bg.png","profile_background_tile":false,"profile_link_color":"FAB81E","profile_sidebar_border_color":"000000","profile_sidebar_fill_color":"000000","profile_text_color":"000000","profile_use_background_image":false,"profile_image_url":"http://pbs.twimg.com/profile_images/932680310336180226/PXZJpu93_normal.jpg","profile_image_url_https":"https://pbs.twimg.com/profile_images/932680310336180226/PXZJpu93_normal.jpg","profile_banner_url":"https://pbs.twimg.com/profile_banners/932675351913926656/1511203272","default_profile":false,"default_profile_image":false,"following":null,"follow_request_sent":null,"notifications":null},"geo":null,"coordinates":null,"place":null,"contributors":null,"retweeted_status":{"created_at":"Wed Jan 09 02:02:54 +0000 2019","id":1082819974685777900,"id_str":"1082819974685777920","text":"@startupdareal eu sinto algo um pouco parecido, pq entre meus sócios eu sou o mais \"pessimista\", pq tento sempre co… https://t.co/IpO2HG7Xap","display_text_range":[15,140],"source":"<a href=\"http://twitter.com\" rel=\"nofollow\">Twitter Web Client</a>","truncated":true,"in_reply_to_status_id":1082817546938658800,"in_reply_to_status_id_str":"1082817546938658816","in_reply_to_user_id":932675351913926700,"in_reply_to_user_id_str":"932675351913926656","in_reply_to_screen_name":"startupdareal","user":{"id":843565214654234600,"id_str":"843565214654234629","name":"José da costa Filho","screen_name":"jojosejoestar","location":null,"url":null,"description":"As vezes posso agir como um retardado sem sentido algum, outras como um gênio, mas sempre vou ser um ninja do Naruto, não pera esse foi um momento de retardado.","translator_type":"none","protected":false,"verified":false,"followers_count":48,"friends_count":293,"listed_count":0,"favourites_count":5827,"statuses_count":1560,"created_at":"Sun Mar 19 20:49:54 +0000 2017","utc_offset":null,"time_zone":null,"geo_enabled":false,"lang":"pt","contributors_enabled":false,"is_translator":false,"profile_background_color":"000000","profile_background_image_url":"http://abs.twimg.com/images/themes/theme1/bg.png","profile_background_image_url_https":"https://abs.twimg.com/images/themes/theme1/bg.png","profile_background_tile":false,"profile_link_color":"ABB8C2","profile_sidebar_border_color":"000000","profile_sidebar_fill_color":"000000","profile_text_color":"000000","profile_use_background_image":false,"profile_image_url":"http://pbs.twimg.com/profile_images/1086437998407962624/WMn1SFVi_normal.jpg","profile_image_url_https":"https://pbs.twimg.com/profile_images/1086437998407962624/WMn1SFVi_normal.jpg","profile_banner_url":"https://pbs.twimg.com/profile_banners/843565214654234629/1494936836","default_profile":false,"default_profile_image":false,"following":null,"follow_request_sent":null,"notifications":null},"geo":null,"coordinates":null,"place":null,"contributors":null,"is_quote_status":false,"extended_tweet":{"full_text":"@startupdareal eu sinto algo um pouco parecido, pq entre meus sócios eu sou o mais \"pessimista\", pq tento sempre colocar a ideia o máximo o pé no chão e simplificar o máximo, mesmo o sócio majoritário sendo o cara mega empolgado, acho até que eu ser pessimista é importante","display_text_range":[15,273],"entities":{"hashtags":[],"urls":[],"user_mentions":[{"screen_name":"startupdareal","name":"Startupdareal","id":932675351913926700,"id_str":"932675351913926656","indices":[0,14]}],"symbols":[]}},"quote_count":0,"reply_count":0,"retweet_count":1,"favorite_count":4,"entities":{"hashtags":[],"urls":[{"url":"https://t.co/IpO2HG7Xap","expanded_url":"https://twitter.com/i/web/status/1082819974685777920","display_url":"twitter.com/i/web/status/1…","indices":[117,140]}],"user_mentions":[{"screen_name":"startupdareal","name":"Startupdareal","id":932675351913926700,"id_str":"932675351913926656","indices":[0,14]}],"symbols":[]},"favorited":false,"retweeted":false,"filter_level":"low","lang":"pt"},"is_quote_status":false,"quote_count":0,"reply_count":0,"retweet_count":0,"favorite_count":0,"entities":{"hashtags":[],"urls":[],"user_mentions":[{"screen_name":"jojosejoestar","name":"José da costa Filho","id":843565214654234600,"id_str":"843565214654234629","indices":[3,17]},{"screen_name":"startupdareal","name":"Startupdareal","id":932675351913926700,"id_str":"932675351913926656","indices":[19,33]}],"symbols":[]},"favorited":false,"retweeted":false,"filter_level":"low","lang":"pt","matching_rules":[{"tag":null}]}