{"created_at":"Tue Jan 08 15:25:24 +0000 2019","id":1082659543954456600,"id_str":"1082659543954456576","text":"@RaUL_AMDERLAINE @GeracaodeValor @afonso3d https://t.co/iINIpwCBWg","display_text_range":[42,42],"source":"<a href=\"http://twitter.com\" rel=\"nofollow\">Twitter Web Client</a>","truncated":false,"in_reply_to_status_id":1082648816808017900,"in_reply_to_status_id_str":"1082648816808017929","in_reply_to_user_id":52806800,"in_reply_to_user_id_str":"52806800","in_reply_to_screen_name":"RaUL_AMDERLAINE","user":{"id":932675351913926700,"id_str":"932675351913926656","name":"Startupdareal","screen_name":"startupdareal","location":"San Francisco, CA","url":"https://medium.com/startup-da-real","description":"#1 lugar livro de empreendedorismo mais vendido na Amazon, com \"Este livro não vai te deixar rico\"","translator_type":"none","protected":false,"verified":false,"followers_count":25736,"friends_count":176,"listed_count":112,"favourites_count":20411,"statuses_count":17948,"created_at":"Mon Nov 20 18:21:46 +0000 2017","utc_offset":null,"time_zone":null,"geo_enabled":true,"lang":"en","contributors_enabled":false,"is_translator":false,"profile_background_color":"000000","profile_background_image_url":"http://abs.twimg.com/images/themes/theme1/bg.png","profile_background_image_url_https":"https://abs.twimg.com/images/themes/theme1/bg.png","profile_background_tile":false,"profile_link_color":"FAB81E","profile_sidebar_border_color":"000000","profile_sidebar_fill_color":"000000","profile_text_color":"000000","profile_use_background_image":false,"profile_image_url":"http://pbs.twimg.com/profile_images/932680310336180226/PXZJpu93_normal.jpg","profile_image_url_https":"https://pbs.twimg.com/profile_images/932680310336180226/PXZJpu93_normal.jpg","profile_banner_url":"https://pbs.twimg.com/profile_banners/932675351913926656/1511203272","default_profile":false,"default_profile_image":false,"following":null,"follow_request_sent":null,"notifications":null},"geo":null,"coordinates":null,"place":null,"contributors":null,"is_quote_status":false,"quote_count":0,"reply_count":1,"retweet_count":1,"favorite_count":5,"entities":{"hashtags":[],"urls":[],"user_mentions":[{"screen_name":"RaUL_AMDERLAINE","name":"RaUL - MADYRO PRESO AMANHÃ","id":52806800,"id_str":"52806800","indices":[0,16]},{"screen_name":"GeracaodeValor","name":"Flávio Augusto","id":228120886,"id_str":"228120886","indices":[17,32]},{"screen_name":"afonso3d","name":"Afonso Tresdê","id":8521192,"id_str":"8521192","indices":[33,42]}],"symbols":[],"media":[{"id":1082659534844383200,"id_str":"1082659534844383233","indices":[43,66],"media_url":"http://pbs.twimg.com/media/DwZhHFsW0AE0SkO.jpg","media_url_https":"https://pbs.twimg.com/media/DwZhHFsW0AE0SkO.jpg","url":"https://t.co/iINIpwCBWg","display_url":"pic.twitter.com/iINIpwCBWg","expanded_url":"https://twitter.com/startupdareal/status/1082659543954456576/photo/1","type":"photo","sizes":{"thumb":{"w":150,"h":150,"resize":"crop"},"small":{"w":680,"h":386,"resize":"fit"},"medium":{"w":1200,"h":681,"resize":"fit"},"large":{"w":1208,"h":686,"resize":"fit"}}}]},"extended_entities":{"media":[{"id":1082659534844383200,"id_str":"1082659534844383233","indices":[43,66],"media_url":"http://pbs.twimg.com/media/DwZhHFsW0AE0SkO.jpg","media_url_https":"https://pbs.twimg.com/media/DwZhHFsW0AE0SkO.jpg","url":"https://t.co/iINIpwCBWg","display_url":"pic.twitter.com/iINIpwCBWg","expanded_url":"https://twitter.com/startupdareal/status/1082659543954456576/photo/1","type":"photo","sizes":{"thumb":{"w":150,"h":150,"resize":"crop"},"small":{"w":680,"h":386,"resize":"fit"},"medium":{"w":1200,"h":681,"resize":"fit"},"large":{"w":1208,"h":686,"resize":"fit"}}}]},"favorited":false,"retweeted":false,"possibly_sensitive":false,"filter_level":"low","lang":"und","matching_rules":[{"tag":null}]}