{"created_at":"Wed Jan 09 02:58:22 +0000 2019","id":1082833932758982700,"id_str":"1082833932758982657","text":"🙈🙈 https://t.co/4ef36qWche","display_text_range":[0,2],"source":"<a href=\"http://twitter.com/download/iphone\" rel=\"nofollow\">Twitter for iPhone</a>","truncated":false,"in_reply_to_status_id":null,"in_reply_to_status_id_str":null,"in_reply_to_user_id":null,"in_reply_to_user_id_str":null,"in_reply_to_screen_name":null,"user":{"id":932675351913926700,"id_str":"932675351913926656","name":"Startupdareal","screen_name":"startupdareal","location":"San Francisco, CA","url":"https://medium.com/startup-da-real","description":"#1 lugar livro de empreendedorismo mais vendido na Amazon, com \"Este livro não vai te deixar rico\"","translator_type":"none","protected":false,"verified":false,"followers_count":25736,"friends_count":176,"listed_count":112,"favourites_count":20411,"statuses_count":17948,"created_at":"Mon Nov 20 18:21:46 +0000 2017","utc_offset":null,"time_zone":null,"geo_enabled":true,"lang":"en","contributors_enabled":false,"is_translator":false,"profile_background_color":"000000","profile_background_image_url":"http://abs.twimg.com/images/themes/theme1/bg.png","profile_background_image_url_https":"https://abs.twimg.com/images/themes/theme1/bg.png","profile_background_tile":false,"profile_link_color":"FAB81E","profile_sidebar_border_color":"000000","profile_sidebar_fill_color":"000000","profile_text_color":"000000","profile_use_background_image":false,"profile_image_url":"http://pbs.twimg.com/profile_images/932680310336180226/PXZJpu93_normal.jpg","profile_image_url_https":"https://pbs.twimg.com/profile_images/932680310336180226/PXZJpu93_normal.jpg","profile_banner_url":"https://pbs.twimg.com/profile_banners/932675351913926656/1511203272","default_profile":false,"default_profile_image":false,"following":null,"follow_request_sent":null,"notifications":null},"geo":null,"coordinates":null,"place":null,"contributors":null,"quoted_status_id":1082832699163922400,"quoted_status_id_str":"1082832699163922434","quoted_status":{"created_at":"Wed Jan 09 02:53:28 +0000 2019","id":1082832699163922400,"id_str":"1082832699163922434","text":"@startupdareal Ainda bem que tu faz esses textos. Ninguém merece esses empreendedores de palco disseminando bobagem por aí","display_text_range":[15,122],"source":"<a href=\"http://twitter.com/download/iphone\" rel=\"nofollow\">Twitter for iPhone</a>","truncated":false,"in_reply_to_status_id":1082807811699032000,"in_reply_to_status_id_str":"1082807811699032064","in_reply_to_user_id":932675351913926700,"in_reply_to_user_id_str":"932675351913926656","in_reply_to_screen_name":"startupdareal","user":{"id":41602902,"id_str":"41602902","name":"Marília Balbé A.","screen_name":"maribalbe","location":"Rio Grande do Sul, Brasil","url":"http://mariliabalbe.com","description":"Atuo como Product Owner em projetos de software. Invisto em agronegócios. Facilito ações entre equipes. Viciada em séries e café! Vamos conversar?","translator_type":"none","protected":false,"verified":false,"followers_count":2451,"friends_count":1591,"listed_count":91,"favourites_count":2280,"statuses_count":31950,"created_at":"Thu May 21 15:05:11 +0000 2009","utc_offset":null,"time_zone":null,"geo_enabled":true,"lang":"pt","contributors_enabled":false,"is_translator":false,"profile_background_color":"000000","profile_background_image_url":"http://abs.twimg.com/images/themes/theme16/bg.gif","profile_background_image_url_https":"https://abs.twimg.com/images/themes/theme16/bg.gif","profile_background_tile":false,"profile_link_color":"4A913C","profile_sidebar_border_color":"000000","profile_sidebar_fill_color":"000000","profile_text_color":"000000","profile_use_background_image":false,"profile_image_url":"http://pbs.twimg.com/profile_images/1029917614137647104/amIn7-9c_normal.jpg","profile_image_url_https":"https://pbs.twimg.com/profile_images/1029917614137647104/amIn7-9c_normal.jpg","profile_banner_url":"https://pbs.twimg.com/profile_banners/41602902/1519561027","default_profile":false,"default_profile_image":false,"following":null,"follow_request_sent":null,"notifications":null},"geo":null,"coordinates":null,"place":null,"contributors":null,"is_quote_status":false,"quote_count":0,"reply_count":0,"retweet_count":0,"favorite_count":5,"entities":{"hashtags":[],"urls":[],"user_mentions":[{"screen_name":"startupdareal","name":"Startupdareal","id":932675351913926700,"id_str":"932675351913926656","indices":[0,14]}],"symbols":[]},"favorited":false,"retweeted":false,"filter_level":"low","lang":"pt"},"quoted_status_permalink":{"url":"https://t.co/4ef36qWche","expanded":"https://twitter.com/maribalbe/status/1082832699163922434","display":"twitter.com/maribalbe/stat…"},"is_quote_status":true,"quote_count":0,"reply_count":0,"retweet_count":0,"favorite_count":14,"entities":{"hashtags":[],"urls":[{"url":"https://t.co/4ef36qWche","expanded_url":"https://twitter.com/maribalbe/status/1082832699163922434","display_url":"twitter.com/maribalbe/stat…","indices":[3,26]}],"user_mentions":[],"symbols":[]},"favorited":false,"retweeted":false,"possibly_sensitive":false,"filter_level":"low","lang":"und","matching_rules":[{"tag":null}]}