{"created_at":"Tue Jan 08 04:21:38 +0000 2019","id":1082492500986736600,"id_str":"1082492500986736640","text":"RT @marcogomes: somos piada internacional\nhttps://t.co/5cHGSvLUqP https://t.co/Ti1NFeI2rV","source":"<a href=\"http://twitter.com/download/iphone\" rel=\"nofollow\">Twitter for iPhone</a>","truncated":false,"in_reply_to_status_id":null,"in_reply_to_status_id_str":null,"in_reply_to_user_id":null,"in_reply_to_user_id_str":null,"in_reply_to_screen_name":null,"user":{"id":932675351913926700,"id_str":"932675351913926656","name":"Startupdareal","screen_name":"startupdareal","location":"San Francisco, CA","url":"https://medium.com/startup-da-real","description":"#1 lugar livro de empreendedorismo mais vendido na Amazon, com \"Este livro não vai te deixar rico\"","translator_type":"none","protected":false,"verified":false,"followers_count":25736,"friends_count":176,"listed_count":112,"favourites_count":20411,"statuses_count":17948,"created_at":"Mon Nov 20 18:21:46 +0000 2017","utc_offset":null,"time_zone":null,"geo_enabled":true,"lang":"en","contributors_enabled":false,"is_translator":false,"profile_background_color":"000000","profile_background_image_url":"http://abs.twimg.com/images/themes/theme1/bg.png","profile_background_image_url_https":"https://abs.twimg.com/images/themes/theme1/bg.png","profile_background_tile":false,"profile_link_color":"FAB81E","profile_sidebar_border_color":"000000","profile_sidebar_fill_color":"000000","profile_text_color":"000000","profile_use_background_image":false,"profile_image_url":"http://pbs.twimg.com/profile_images/932680310336180226/PXZJpu93_normal.jpg","profile_image_url_https":"https://pbs.twimg.com/profile_images/932680310336180226/PXZJpu93_normal.jpg","profile_banner_url":"https://pbs.twimg.com/profile_banners/932675351913926656/1511203272","default_profile":false,"default_profile_image":false,"following":null,"follow_request_sent":null,"notifications":null},"geo":null,"coordinates":null,"place":null,"contributors":null,"retweeted_status":{"created_at":"Mon Jan 07 21:06:27 +0000 2019","id":1082382984974606300,"id_str":"1082382984974606338","text":"somos piada internacional\nhttps://t.co/5cHGSvLUqP https://t.co/Ti1NFeI2rV","display_text_range":[0,49],"source":"<a href=\"https://buffer.com\" rel=\"nofollow\">Buffer</a>","truncated":false,"in_reply_to_status_id":null,"in_reply_to_status_id_str":null,"in_reply_to_user_id":null,"in_reply_to_user_id_str":null,"in_reply_to_screen_name":null,"user":{"id":1629241,"id_str":"1629241","name":"Marco Gomes","screen_name":"marcogomes","location":"New York, NY","url":"http://marcogomes.com","description":"Trabalho com data science em NY. Cresci no Gama, periferia do DF. Em SP fundei 2 startups, 1 foi vendida. Consigliere do Jovem Nerd; casado; ciclista; viajante.","translator_type":"none","protected":false,"verified":true,"followers_count":99589,"friends_count":2460,"listed_count":1398,"favourites_count":1923,"statuses_count":182529,"created_at":"Tue Mar 20 13:59:31 +0000 2007","utc_offset":null,"time_zone":null,"geo_enabled":true,"lang":"pt","contributors_enabled":false,"is_translator":false,"profile_background_color":"000000","profile_background_image_url":"http://abs.twimg.com/images/themes/theme1/bg.png","profile_background_image_url_https":"https://abs.twimg.com/images/themes/theme1/bg.png","profile_background_tile":true,"profile_link_color":"0000FF","profile_sidebar_border_color":"000000","profile_sidebar_fill_color":"FFFFFF","profile_text_color":"000000","profile_use_background_image":true,"profile_image_url":"http://pbs.twimg.com/profile_images/1060873989957083136/TQiJ9j2A_normal.jpg","profile_image_url_https":"https://pbs.twimg.com/profile_images/1060873989957083136/TQiJ9j2A_normal.jpg","profile_banner_url":"https://pbs.twimg.com/profile_banners/1629241/1527186008","default_profile":false,"default_profile_image":false,"following":null,"follow_request_sent":null,"notifications":null},"geo":null,"coordinates":null,"place":null,"contributors":null,"is_quote_status":false,"quote_count":0,"reply_count":19,"retweet_count":297,"favorite_count":1062,"entities":{"hashtags":[],"urls":[{"url":"https://t.co/5cHGSvLUqP","expanded_url":"https://buff.ly/2FhCsDd","display_url":"buff.ly/2FhCsDd","indices":[26,49]}],"user_mentions":[],"symbols":[],"media":[{"id":1082382982764265500,"id_str":"1082382982764265472","indices":[50,73],"description":"https://www.instagram.com/p/BsWHNHChjcU/","media_url":"http://pbs.twimg.com/media/DwVllo6XgAA2WoW.jpg","media_url_https":"https://pbs.twimg.com/media/DwVllo6XgAA2WoW.jpg","url":"https://t.co/Ti1NFeI2rV","display_url":"pic.twitter.com/Ti1NFeI2rV","expanded_url":"https://twitter.com/marcogomes/status/1082382984974606338/photo/1","type":"photo","sizes":{"thumb":{"w":150,"h":150,"resize":"crop"},"small":{"w":629,"h":680,"resize":"fit"},"large":{"w":1125,"h":1217,"resize":"fit"},"medium":{"w":1109,"h":1200,"resize":"fit"}}}]},"extended_entities":{"media":[{"id":1082382982764265500,"id_str":"1082382982764265472","indices":[50,73],"description":"https://www.instagram.com/p/BsWHNHChjcU/","media_url":"http://pbs.twimg.com/media/DwVllo6XgAA2WoW.jpg","media_url_https":"https://pbs.twimg.com/media/DwVllo6XgAA2WoW.jpg","url":"https://t.co/Ti1NFeI2rV","display_url":"pic.twitter.com/Ti1NFeI2rV","expanded_url":"https://twitter.com/marcogomes/status/1082382984974606338/photo/1","type":"photo","sizes":{"thumb":{"w":150,"h":150,"resize":"crop"},"small":{"w":629,"h":680,"resize":"fit"},"large":{"w":1125,"h":1217,"resize":"fit"},"medium":{"w":1109,"h":1200,"resize":"fit"}}}]},"favorited":false,"retweeted":false,"possibly_sensitive":false,"filter_level":"low","lang":"es"},"is_quote_status":false,"quote_count":0,"reply_count":0,"retweet_count":0,"favorite_count":0,"entities":{"hashtags":[],"urls":[{"url":"https://t.co/5cHGSvLUqP","expanded_url":"https://buff.ly/2FhCsDd","display_url":"buff.ly/2FhCsDd","indices":[42,65]}],"user_mentions":[{"screen_name":"marcogomes","name":"Marco Gomes","id":1629241,"id_str":"1629241","indices":[3,14]}],"symbols":[],"media":[{"id":1082382982764265500,"id_str":"1082382982764265472","indices":[66,89],"description":"https://www.instagram.com/p/BsWHNHChjcU/","media_url":"http://pbs.twimg.com/media/DwVllo6XgAA2WoW.jpg","media_url_https":"https://pbs.twimg.com/media/DwVllo6XgAA2WoW.jpg","url":"https://t.co/Ti1NFeI2rV","display_url":"pic.twitter.com/Ti1NFeI2rV","expanded_url":"https://twitter.com/marcogomes/status/1082382984974606338/photo/1","type":"photo","sizes":{"thumb":{"w":150,"h":150,"resize":"crop"},"small":{"w":629,"h":680,"resize":"fit"},"large":{"w":1125,"h":1217,"resize":"fit"},"medium":{"w":1109,"h":1200,"resize":"fit"}},"source_status_id":1082382984974606300,"source_status_id_str":"1082382984974606338","source_user_id":1629241,"source_user_id_str":"1629241"}]},"extended_entities":{"media":[{"id":1082382982764265500,"id_str":"1082382982764265472","indices":[66,89],"description":"https://www.instagram.com/p/BsWHNHChjcU/","media_url":"http://pbs.twimg.com/media/DwVllo6XgAA2WoW.jpg","media_url_https":"https://pbs.twimg.com/media/DwVllo6XgAA2WoW.jpg","url":"https://t.co/Ti1NFeI2rV","display_url":"pic.twitter.com/Ti1NFeI2rV","expanded_url":"https://twitter.com/marcogomes/status/1082382984974606338/photo/1","type":"photo","sizes":{"thumb":{"w":150,"h":150,"resize":"crop"},"small":{"w":629,"h":680,"resize":"fit"},"large":{"w":1125,"h":1217,"resize":"fit"},"medium":{"w":1109,"h":1200,"resize":"fit"}},"source_status_id":1082382984974606300,"source_status_id_str":"1082382984974606338","source_user_id":1629241,"source_user_id_str":"1629241"}]},"favorited":false,"retweeted":false,"possibly_sensitive":false,"filter_level":"low","lang":"es","matching_rules":[{"tag":null}]}