{"created_at":"Mon Jan 07 15:30:52 +0000 2019","id":1082298530033791000,"id_str":"1082298530033790977","text":"RT @GuliPetry: Vale demais a leitura. https://t.co/lJgFN2sdT5","source":"<a href=\"http://twitter.com/download/iphone\" rel=\"nofollow\">Twitter for iPhone</a>","truncated":false,"in_reply_to_status_id":null,"in_reply_to_status_id_str":null,"in_reply_to_user_id":null,"in_reply_to_user_id_str":null,"in_reply_to_screen_name":null,"user":{"id":932675351913926700,"id_str":"932675351913926656","name":"Startupdareal","screen_name":"startupdareal","location":"San Francisco, CA","url":"https://medium.com/startup-da-real","description":"#1 lugar livro de empreendedorismo mais vendido na Amazon, com \"Este livro não vai te deixar rico\"","translator_type":"none","protected":false,"verified":false,"followers_count":25736,"friends_count":176,"listed_count":112,"favourites_count":20411,"statuses_count":17948,"created_at":"Mon Nov 20 18:21:46 +0000 2017","utc_offset":null,"time_zone":null,"geo_enabled":true,"lang":"en","contributors_enabled":false,"is_translator":false,"profile_background_color":"000000","profile_background_image_url":"http://abs.twimg.com/images/themes/theme1/bg.png","profile_background_image_url_https":"https://abs.twimg.com/images/themes/theme1/bg.png","profile_background_tile":false,"profile_link_color":"FAB81E","profile_sidebar_border_color":"000000","profile_sidebar_fill_color":"000000","profile_text_color":"000000","profile_use_background_image":false,"profile_image_url":"http://pbs.twimg.com/profile_images/932680310336180226/PXZJpu93_normal.jpg","profile_image_url_https":"https://pbs.twimg.com/profile_images/932680310336180226/PXZJpu93_normal.jpg","profile_banner_url":"https://pbs.twimg.com/profile_banners/932675351913926656/1511203272","default_profile":false,"default_profile_image":false,"following":null,"follow_request_sent":null,"notifications":null},"geo":null,"coordinates":null,"place":null,"contributors":null,"retweeted_status":{"created_at":"Mon Jan 07 15:09:50 +0000 2019","id":1082293236843139100,"id_str":"1082293236843139073","text":"Vale demais a leitura. https://t.co/lJgFN2sdT5","display_text_range":[0,22],"source":"<a href=\"http://twitter.com\" rel=\"nofollow\">Twitter Web Client</a>","truncated":false,"in_reply_to_status_id":null,"in_reply_to_status_id_str":null,"in_reply_to_user_id":null,"in_reply_to_user_id_str":null,"in_reply_to_screen_name":null,"user":{"id":44960896,"id_str":"44960896","name":"Gonzaguinha","screen_name":"GuliPetry","location":"Curitiba, Brasil","url":null,"description":"Tentando entender o que se passa","translator_type":"none","protected":false,"verified":false,"followers_count":149,"friends_count":157,"listed_count":1,"favourites_count":2120,"statuses_count":801,"created_at":"Fri Jun 05 18:38:03 +0000 2009","utc_offset":null,"time_zone":null,"geo_enabled":false,"lang":"pt","contributors_enabled":false,"is_translator":false,"profile_background_color":"000000","profile_background_image_url":"http://abs.twimg.com/images/themes/theme9/bg.gif","profile_background_image_url_https":"https://abs.twimg.com/images/themes/theme9/bg.gif","profile_background_tile":false,"profile_link_color":"FAB81E","profile_sidebar_border_color":"000000","profile_sidebar_fill_color":"000000","profile_text_color":"000000","profile_use_background_image":false,"profile_image_url":"http://pbs.twimg.com/profile_images/1051887019243139076/QjJMS4ee_normal.jpg","profile_image_url_https":"https://pbs.twimg.com/profile_images/1051887019243139076/QjJMS4ee_normal.jpg","profile_banner_url":"https://pbs.twimg.com/profile_banners/44960896/1539717266","default_profile":false,"default_profile_image":false,"following":null,"follow_request_sent":null,"notifications":null},"geo":null,"coordinates":null,"place":null,"contributors":null,"quoted_status_id":1082284329340940300,"quoted_status_id_str":"1082284329340940288","quoted_status":{"created_at":"Mon Jan 07 14:34:26 +0000 2019","id":1082284329340940300,"id_str":"1082284329340940288","text":"Você já ouviu que precisa saber onde quer chegar? Ter um GPS da vida? \n\nJá ouviu que precisa calcular quanto ganhar… https://t.co/Ch4nFruPOM","source":"<a href=\"http://twitter.com\" rel=\"nofollow\">Twitter Web Client</a>","truncated":true,"in_reply_to_status_id":null,"in_reply_to_status_id_str":null,"in_reply_to_user_id":null,"in_reply_to_user_id_str":null,"in_reply_to_screen_name":null,"user":{"id":932675351913926700,"id_str":"932675351913926656","name":"Startupdareal","screen_name":"startupdareal","location":"San Francisco, CA","url":"https://medium.com/startup-da-real","description":"#1 lugar livro de empreendedorismo mais vendido na Amazon, com \"Este livro não vai te deixar rico\"","translator_type":"none","protected":false,"verified":false,"followers_count":25736,"friends_count":176,"listed_count":112,"favourites_count":20411,"statuses_count":17948,"created_at":"Mon Nov 20 18:21:46 +0000 2017","utc_offset":null,"time_zone":null,"geo_enabled":true,"lang":"en","contributors_enabled":false,"is_translator":false,"profile_background_color":"000000","profile_background_image_url":"http://abs.twimg.com/images/themes/theme1/bg.png","profile_background_image_url_https":"https://abs.twimg.com/images/themes/theme1/bg.png","profile_background_tile":false,"profile_link_color":"FAB81E","profile_sidebar_border_color":"000000","profile_sidebar_fill_color":"000000","profile_text_color":"000000","profile_use_background_image":false,"profile_image_url":"http://pbs.twimg.com/profile_images/932680310336180226/PXZJpu93_normal.jpg","profile_image_url_https":"https://pbs.twimg.com/profile_images/932680310336180226/PXZJpu93_normal.jpg","profile_banner_url":"https://pbs.twimg.com/profile_banners/932675351913926656/1511203272","default_profile":false,"default_profile_image":false,"following":null,"follow_request_sent":null,"notifications":null},"geo":null,"coordinates":null,"place":null,"contributors":null,"is_quote_status":false,"extended_tweet":{"full_text":"Você já ouviu que precisa saber onde quer chegar? Ter um GPS da vida? \n\nJá ouviu que precisa calcular quanto ganharia num excelente emprego e que, para sustentar o estilo de vida ideal, a única saída é empreender?\n\nTenho um recado para você. \n \nhttps://t.co/NdMEtjpvdn","display_text_range":[0,268],"entities":{"hashtags":[],"urls":[{"url":"https://t.co/NdMEtjpvdn","expanded_url":"https://medium.com/startup-da-real/como-n%C3%A3o-planejar-uma-vida-de-sucesso-3dc8433162be","display_url":"medium.com/startup-da-rea…","indices":[245,268]}],"user_mentions":[],"symbols":[]}},"quote_count":0,"reply_count":60,"retweet_count":239,"favorite_count":852,"entities":{"hashtags":[],"urls":[{"url":"https://t.co/Ch4nFruPOM","expanded_url":"https://twitter.com/i/web/status/1082284329340940288","display_url":"twitter.com/i/web/status/1…","indices":[117,140]}],"user_mentions":[],"symbols":[]},"favorited":false,"retweeted":false,"possibly_sensitive":false,"filter_level":"low","lang":"pt"},"quoted_status_permalink":{"url":"https://t.co/lJgFN2sdT5","expanded":"https://twitter.com/startupdareal/status/1082284329340940288","display":"twitter.com/startupdareal/…"},"is_quote_status":true,"quote_count":0,"reply_count":0,"retweet_count":2,"favorite_count":5,"entities":{"hashtags":[],"urls":[{"url":"https://t.co/lJgFN2sdT5","expanded_url":"https://twitter.com/startupdareal/status/1082284329340940288","display_url":"twitter.com/startupdareal/…","indices":[23,46]}],"user_mentions":[],"symbols":[]},"favorited":false,"retweeted":false,"possibly_sensitive":false,"filter_level":"low","lang":"pt"},"quoted_status_id":1082284329340940300,"quoted_status_id_str":"1082284329340940288","quoted_status":{"created_at":"Mon Jan 07 14:34:26 +0000 2019","id":1082284329340940300,"id_str":"1082284329340940288","text":"Você já ouviu que precisa saber onde quer chegar? Ter um GPS da vida? \n\nJá ouviu que precisa calcular quanto ganhar… https://t.co/Ch4nFruPOM","source":"<a href=\"http://twitter.com\" rel=\"nofollow\">Twitter Web Client</a>","truncated":true,"in_reply_to_status_id":null,"in_reply_to_status_id_str":null,"in_reply_to_user_id":null,"in_reply_to_user_id_str":null,"in_reply_to_screen_name":null,"user":{"id":932675351913926700,"id_str":"932675351913926656","name":"Startupdareal","screen_name":"startupdareal","location":"San Francisco, CA","url":"https://medium.com/startup-da-real","description":"#1 lugar livro de empreendedorismo mais vendido na Amazon, com \"Este livro não vai te deixar rico\"","translator_type":"none","protected":false,"verified":false,"followers_count":25736,"friends_count":176,"listed_count":112,"favourites_count":20411,"statuses_count":17948,"created_at":"Mon Nov 20 18:21:46 +0000 2017","utc_offset":null,"time_zone":null,"geo_enabled":true,"lang":"en","contributors_enabled":false,"is_translator":false,"profile_background_color":"000000","profile_background_image_url":"http://abs.twimg.com/images/themes/theme1/bg.png","profile_background_image_url_https":"https://abs.twimg.com/images/themes/theme1/bg.png","profile_background_tile":false,"profile_link_color":"FAB81E","profile_sidebar_border_color":"000000","profile_sidebar_fill_color":"000000","profile_text_color":"000000","profile_use_background_image":false,"profile_image_url":"http://pbs.twimg.com/profile_images/932680310336180226/PXZJpu93_normal.jpg","profile_image_url_https":"https://pbs.twimg.com/profile_images/932680310336180226/PXZJpu93_normal.jpg","profile_banner_url":"https://pbs.twimg.com/profile_banners/932675351913926656/1511203272","default_profile":false,"default_profile_image":false,"following":null,"follow_request_sent":null,"notifications":null},"geo":null,"coordinates":null,"place":null,"contributors":null,"is_quote_status":false,"extended_tweet":{"full_text":"Você já ouviu que precisa saber onde quer chegar? Ter um GPS da vida? \n\nJá ouviu que precisa calcular quanto ganharia num excelente emprego e que, para sustentar o estilo de vida ideal, a única saída é empreender?\n\nTenho um recado para você. \n \nhttps://t.co/NdMEtjpvdn","display_text_range":[0,268],"entities":{"hashtags":[],"urls":[{"url":"https://t.co/NdMEtjpvdn","expanded_url":"https://medium.com/startup-da-real/como-n%C3%A3o-planejar-uma-vida-de-sucesso-3dc8433162be","display_url":"medium.com/startup-da-rea…","indices":[245,268]}],"user_mentions":[],"symbols":[]}},"quote_count":0,"reply_count":60,"retweet_count":239,"favorite_count":852,"entities":{"hashtags":[],"urls":[{"url":"https://t.co/Ch4nFruPOM","expanded_url":"https://twitter.com/i/web/status/1082284329340940288","display_url":"twitter.com/i/web/status/1…","indices":[117,140]}],"user_mentions":[],"symbols":[]},"favorited":false,"retweeted":false,"possibly_sensitive":false,"filter_level":"low","lang":"pt"},"quoted_status_permalink":{"url":"https://t.co/lJgFN2sdT5","expanded":"https://twitter.com/startupdareal/status/1082284329340940288","display":"twitter.com/startupdareal/…"},"is_quote_status":true,"quote_count":0,"reply_count":0,"retweet_count":0,"favorite_count":0,"entities":{"hashtags":[],"urls":[{"url":"https://t.co/lJgFN2sdT5","expanded_url":"https://twitter.com/startupdareal/status/1082284329340940288","display_url":"twitter.com/startupdareal/…","indices":[38,61]}],"user_mentions":[{"screen_name":"GuliPetry","name":"Gonzaguinha","id":44960896,"id_str":"44960896","indices":[3,13]}],"symbols":[]},"favorited":false,"retweeted":false,"possibly_sensitive":false,"filter_level":"low","lang":"pt","matching_rules":[{"tag":null}]}