{"created_at":"Tue Jan 08 01:02:31 +0000 2019","id":1082442391997558800,"id_str":"1082442391997558784","text":"@mateussmohamed po, parece promissor","display_text_range":[16,36],"source":"<a href=\"http://twitter.com\" rel=\"nofollow\">Twitter Web Client</a>","truncated":false,"in_reply_to_status_id":1082441767801311200,"in_reply_to_status_id_str":"1082441767801311233","in_reply_to_user_id":72998946,"in_reply_to_user_id_str":"72998946","in_reply_to_screen_name":"mateussmohamed","user":{"id":932675351913926700,"id_str":"932675351913926656","name":"Startupdareal","screen_name":"startupdareal","location":"San Francisco, CA","url":"https://medium.com/startup-da-real","description":"#1 lugar livro de empreendedorismo mais vendido na Amazon, com \"Este livro não vai te deixar rico\"","translator_type":"none","protected":false,"verified":false,"followers_count":25736,"friends_count":176,"listed_count":112,"favourites_count":20411,"statuses_count":17948,"created_at":"Mon Nov 20 18:21:46 +0000 2017","utc_offset":null,"time_zone":null,"geo_enabled":true,"lang":"en","contributors_enabled":false,"is_translator":false,"profile_background_color":"000000","profile_background_image_url":"http://abs.twimg.com/images/themes/theme1/bg.png","profile_background_image_url_https":"https://abs.twimg.com/images/themes/theme1/bg.png","profile_background_tile":false,"profile_link_color":"FAB81E","profile_sidebar_border_color":"000000","profile_sidebar_fill_color":"000000","profile_text_color":"000000","profile_use_background_image":false,"profile_image_url":"http://pbs.twimg.com/profile_images/932680310336180226/PXZJpu93_normal.jpg","profile_image_url_https":"https://pbs.twimg.com/profile_images/932680310336180226/PXZJpu93_normal.jpg","profile_banner_url":"https://pbs.twimg.com/profile_banners/932675351913926656/1511203272","default_profile":false,"default_profile_image":false,"following":null,"follow_request_sent":null,"notifications":null},"geo":null,"coordinates":null,"place":null,"contributors":null,"is_quote_status":false,"quote_count":0,"reply_count":0,"retweet_count":0,"favorite_count":1,"entities":{"hashtags":[],"urls":[],"user_mentions":[{"screen_name":"mateussmohamed","name":"nós até sem chuteira, é só gol do meio de campo.","id":72998946,"id_str":"72998946","indices":[0,15]}],"symbols":[]},"favorited":false,"retweeted":false,"filter_level":"low","lang":"pt","matching_rules":[{"tag":null}]}