{"created_at":"Mon Jan 07 22:39:59 +0000 2019","id":1082406522905391100,"id_str":"1082406522905391104","text":"RT @ArrombadoNo: @startupdareal Que texto sensacional. Isso precisa ser mostrado pra muita gente, especialmente quem quer empreender ou emp…","source":"<a href=\"http://twitter.com\" rel=\"nofollow\">Twitter Web Client</a>","truncated":false,"in_reply_to_status_id":null,"in_reply_to_status_id_str":null,"in_reply_to_user_id":null,"in_reply_to_user_id_str":null,"in_reply_to_screen_name":null,"user":{"id":932675351913926700,"id_str":"932675351913926656","name":"Startupdareal","screen_name":"startupdareal","location":"San Francisco, CA","url":"https://medium.com/startup-da-real","description":"#1 lugar livro de empreendedorismo mais vendido na Amazon, com \"Este livro não vai te deixar rico\"","translator_type":"none","protected":false,"verified":false,"followers_count":25736,"friends_count":176,"listed_count":112,"favourites_count":20411,"statuses_count":17948,"created_at":"Mon Nov 20 18:21:46 +0000 2017","utc_offset":null,"time_zone":null,"geo_enabled":true,"lang":"en","contributors_enabled":false,"is_translator":false,"profile_background_color":"000000","profile_background_image_url":"http://abs.twimg.com/images/themes/theme1/bg.png","profile_background_image_url_https":"https://abs.twimg.com/images/themes/theme1/bg.png","profile_background_tile":false,"profile_link_color":"FAB81E","profile_sidebar_border_color":"000000","profile_sidebar_fill_color":"000000","profile_text_color":"000000","profile_use_background_image":false,"profile_image_url":"http://pbs.twimg.com/profile_images/932680310336180226/PXZJpu93_normal.jpg","profile_image_url_https":"https://pbs.twimg.com/profile_images/932680310336180226/PXZJpu93_normal.jpg","profile_banner_url":"https://pbs.twimg.com/profile_banners/932675351913926656/1511203272","default_profile":false,"default_profile_image":false,"following":null,"follow_request_sent":null,"notifications":null},"geo":null,"coordinates":null,"place":null,"contributors":null,"retweeted_status":{"created_at":"Mon Jan 07 22:33:44 +0000 2019","id":1082404950527955000,"id_str":"1082404950527954944","text":"@startupdareal Que texto sensacional. Isso precisa ser mostrado pra muita gente, especialmente quem quer empreender… https://t.co/JUFmxME6LB","display_text_range":[15,140],"source":"<a href=\"http://twitter.com\" rel=\"nofollow\">Twitter Web Client</a>","truncated":true,"in_reply_to_status_id":1082284329340940300,"in_reply_to_status_id_str":"1082284329340940288","in_reply_to_user_id":932675351913926700,"in_reply_to_user_id_str":"932675351913926656","in_reply_to_screen_name":"startupdareal","user":{"id":1080961632543621100,"id_str":"1080961632543621120","name":"Post arrombado no LinkedIn","screen_name":"arrombLinkedIn","location":null,"url":null,"description":"Não dá pra aguentar tanto post ridículo e puxa saco no LinkedIn. Aquele Ricky Chester então é criação dos puxa sacos.","translator_type":"none","protected":false,"verified":false,"followers_count":444,"friends_count":15,"listed_count":0,"favourites_count":368,"statuses_count":394,"created_at":"Thu Jan 03 22:58:31 +0000 2019","utc_offset":null,"time_zone":null,"geo_enabled":false,"lang":"en","contributors_enabled":false,"is_translator":false,"profile_background_color":"F5F8FA","profile_background_image_url":"","profile_background_image_url_https":"","profile_background_tile":false,"profile_link_color":"1DA1F2","profile_sidebar_border_color":"C0DEED","profile_sidebar_fill_color":"DDEEF6","profile_text_color":"333333","profile_use_background_image":true,"profile_image_url":"http://pbs.twimg.com/profile_images/1080962273886105600/RNzcYysf_normal.png","profile_image_url_https":"https://pbs.twimg.com/profile_images/1080962273886105600/RNzcYysf_normal.png","default_profile":true,"default_profile_image":false,"following":null,"follow_request_sent":null,"notifications":null},"geo":null,"coordinates":null,"place":null,"contributors":null,"is_quote_status":false,"extended_tweet":{"full_text":"@startupdareal Que texto sensacional. Isso precisa ser mostrado pra muita gente, especialmente quem quer empreender ou empreende e acha que é tudo na base do \"high stakes\". Não é a toa que poucas empresas sobrevivem ao primeiro ano de vida. Leva tempo pra empresa dar lucro.","display_text_range":[15,274],"entities":{"hashtags":[],"urls":[],"user_mentions":[{"screen_name":"startupdareal","name":"Startupdareal","id":932675351913926700,"id_str":"932675351913926656","indices":[0,14]}],"symbols":[]}},"quote_count":0,"reply_count":0,"retweet_count":1,"favorite_count":20,"entities":{"hashtags":[],"urls":[{"url":"https://t.co/JUFmxME6LB","expanded_url":"https://twitter.com/i/web/status/1082404950527954944","display_url":"twitter.com/i/web/status/1…","indices":[117,140]}],"user_mentions":[{"screen_name":"startupdareal","name":"Startupdareal","id":932675351913926700,"id_str":"932675351913926656","indices":[0,14]}],"symbols":[]},"favorited":false,"retweeted":false,"filter_level":"low","lang":"pt"},"is_quote_status":false,"quote_count":0,"reply_count":0,"retweet_count":0,"favorite_count":0,"entities":{"hashtags":[],"urls":[],"user_mentions":[{"screen_name":"ArrombadoNo","name":null,"id":null,"id_str":null,"indices":[3,15]},{"screen_name":"startupdareal","name":"Startupdareal","id":932675351913926700,"id_str":"932675351913926656","indices":[17,31]}],"symbols":[]},"favorited":false,"retweeted":false,"filter_level":"low","lang":"pt","matching_rules":[{"tag":null}]}