{"created_at":"Wed Jan 09 11:47:37 +0000 2019","id":1082967122291183600,"id_str":"1082967122291183616","text":"Já é comprovado que escritório aberto é o jeito mais fácil de matar a produtividade de um time. Mas para empresa o… https://t.co/jvXOmxeqjT","display_text_range":[0,140],"source":"<a href=\"http://twitter.com\" rel=\"nofollow\">Twitter Web Client</a>","truncated":true,"in_reply_to_status_id":null,"in_reply_to_status_id_str":null,"in_reply_to_user_id":null,"in_reply_to_user_id_str":null,"in_reply_to_screen_name":null,"user":{"id":932675351913926700,"id_str":"932675351913926656","name":"Startupdareal","screen_name":"startupdareal","location":"San Francisco, CA","url":"https://medium.com/startup-da-real","description":"#1 lugar livro de empreendedorismo mais vendido na Amazon, com \"Este livro não vai te deixar rico\"","translator_type":"none","protected":false,"verified":false,"followers_count":25736,"friends_count":176,"listed_count":112,"favourites_count":20411,"statuses_count":17948,"created_at":"Mon Nov 20 18:21:46 +0000 2017","utc_offset":null,"time_zone":null,"geo_enabled":true,"lang":"en","contributors_enabled":false,"is_translator":false,"profile_background_color":"000000","profile_background_image_url":"http://abs.twimg.com/images/themes/theme1/bg.png","profile_background_image_url_https":"https://abs.twimg.com/images/themes/theme1/bg.png","profile_background_tile":false,"profile_link_color":"FAB81E","profile_sidebar_border_color":"000000","profile_sidebar_fill_color":"000000","profile_text_color":"000000","profile_use_background_image":false,"profile_image_url":"http://pbs.twimg.com/profile_images/932680310336180226/PXZJpu93_normal.jpg","profile_image_url_https":"https://pbs.twimg.com/profile_images/932680310336180226/PXZJpu93_normal.jpg","profile_banner_url":"https://pbs.twimg.com/profile_banners/932675351913926656/1511203272","default_profile":false,"default_profile_image":false,"following":null,"follow_request_sent":null,"notifications":null},"geo":null,"coordinates":null,"place":null,"contributors":null,"quoted_status_id":1082962928796602400,"quoted_status_id_str":"1082962928796602369","quoted_status":{"created_at":"Wed Jan 09 11:30:57 +0000 2019","id":1082962928796602400,"id_str":"1082962928796602369","text":"@startupdareal https://t.co/4g14DK1JOR","display_text_range":[0,14],"source":"<a href=\"http://twitter.com/download/android\" rel=\"nofollow\">Twitter for Android</a>","truncated":false,"in_reply_to_status_id":null,"in_reply_to_status_id_str":null,"in_reply_to_user_id":932675351913926700,"in_reply_to_user_id_str":"932675351913926656","in_reply_to_screen_name":"startupdareal","user":{"id":15378234,"id_str":"15378234","name":"Victor Hogemann","screen_name":"vhogemann","location":"Dublin City, Ireland","url":"http://victor.hogemann.com","description":"I'm a product of the 80's. Grown up playing Atari, programming MSX Basic and watching Looney Tunes, Thundercats and Changemen on TV.","translator_type":"none","protected":false,"verified":false,"followers_count":323,"friends_count":273,"listed_count":18,"favourites_count":3421,"statuses_count":10019,"created_at":"Thu Jul 10 14:48:22 +0000 2008","utc_offset":null,"time_zone":null,"geo_enabled":true,"lang":"en","contributors_enabled":false,"is_translator":false,"profile_background_color":"3C2C22","profile_background_image_url":"http://abs.twimg.com/images/themes/theme9/bg.gif","profile_background_image_url_https":"https://abs.twimg.com/images/themes/theme9/bg.gif","profile_background_tile":false,"profile_link_color":"ABB8C2","profile_sidebar_border_color":"7A5C45","profile_sidebar_fill_color":"281E17","profile_text_color":"54493E","profile_use_background_image":true,"profile_image_url":"http://pbs.twimg.com/profile_images/1071537307482800129/1TJvTOK0_normal.jpg","profile_image_url_https":"https://pbs.twimg.com/profile_images/1071537307482800129/1TJvTOK0_normal.jpg","profile_banner_url":"https://pbs.twimg.com/profile_banners/15378234/1545930645","default_profile":false,"default_profile_image":false,"following":null,"follow_request_sent":null,"notifications":null},"geo":null,"coordinates":null,"place":null,"contributors":null,"quoted_status_id":1082877066192678900,"quoted_status_id_str":"1082877066192678913","is_quote_status":true,"quote_count":0,"reply_count":1,"retweet_count":0,"favorite_count":7,"entities":{"hashtags":[],"urls":[{"url":"https://t.co/4g14DK1JOR","expanded_url":"https://twitter.com/Carnage4Life/status/1082877066192678913","display_url":"twitter.com/Carnage4Life/s…","indices":[15,38]}],"user_mentions":[{"screen_name":"startupdareal","name":"Startupdareal","id":932675351913926700,"id_str":"932675351913926656","indices":[0,14]}],"symbols":[]},"favorited":false,"retweeted":false,"possibly_sensitive":false,"filter_level":"low","lang":"und"},"quoted_status_permalink":{"url":"https://t.co/pnmKM9sluB","expanded":"https://twitter.com/vhogemann/status/1082962928796602369","display":"twitter.com/vhogemann/stat…"},"is_quote_status":true,"extended_tweet":{"full_text":"Já é comprovado que escritório aberto é o jeito mais fácil de matar a produtividade de um time. Mas para empresa o que importa é economizar. https://t.co/pnmKM9sluB","display_text_range":[0,140],"entities":{"hashtags":[],"urls":[{"url":"https://t.co/pnmKM9sluB","expanded_url":"https://twitter.com/vhogemann/status/1082962928796602369","display_url":"twitter.com/vhogemann/stat…","indices":[141,164]}],"user_mentions":[],"symbols":[]}},"quote_count":0,"reply_count":7,"retweet_count":4,"favorite_count":50,"entities":{"hashtags":[],"urls":[{"url":"https://t.co/jvXOmxeqjT","expanded_url":"https://twitter.com/i/web/status/1082967122291183616","display_url":"twitter.com/i/web/status/1…","indices":[116,139]}],"user_mentions":[],"symbols":[]},"favorited":false,"retweeted":false,"possibly_sensitive":false,"filter_level":"low","lang":"pt","matching_rules":[{"tag":null}]}