{"created_at":"Mon Jan 07 11:13:17 +0000 2019","id":1082233706297913300,"id_str":"1082233706297913344","text":"RT @zenobocardo: @startupdareal 🙂 https://t.co/cUmB2HO3bn","source":"<a href=\"http://twitter.com\" rel=\"nofollow\">Twitter Web Client</a>","truncated":false,"in_reply_to_status_id":null,"in_reply_to_status_id_str":null,"in_reply_to_user_id":null,"in_reply_to_user_id_str":null,"in_reply_to_screen_name":null,"user":{"id":932675351913926700,"id_str":"932675351913926656","name":"Startupdareal","screen_name":"startupdareal","location":"San Francisco, CA","url":"https://medium.com/startup-da-real","description":"#1 lugar livro de empreendedorismo mais vendido na Amazon, com \"Este livro não vai te deixar rico\"","translator_type":"none","protected":false,"verified":false,"followers_count":25736,"friends_count":176,"listed_count":112,"favourites_count":20411,"statuses_count":17948,"created_at":"Mon Nov 20 18:21:46 +0000 2017","utc_offset":null,"time_zone":null,"geo_enabled":true,"lang":"en","contributors_enabled":false,"is_translator":false,"profile_background_color":"000000","profile_background_image_url":"http://abs.twimg.com/images/themes/theme1/bg.png","profile_background_image_url_https":"https://abs.twimg.com/images/themes/theme1/bg.png","profile_background_tile":false,"profile_link_color":"FAB81E","profile_sidebar_border_color":"000000","profile_sidebar_fill_color":"000000","profile_text_color":"000000","profile_use_background_image":false,"profile_image_url":"http://pbs.twimg.com/profile_images/932680310336180226/PXZJpu93_normal.jpg","profile_image_url_https":"https://pbs.twimg.com/profile_images/932680310336180226/PXZJpu93_normal.jpg","profile_banner_url":"https://pbs.twimg.com/profile_banners/932675351913926656/1511203272","default_profile":false,"default_profile_image":false,"following":null,"follow_request_sent":null,"notifications":null},"geo":null,"coordinates":null,"place":null,"contributors":null,"retweeted_status":{"created_at":"Mon Jan 07 11:11:39 +0000 2019","id":1082233298183733200,"id_str":"1082233298183733248","text":"@startupdareal 🙂 https://t.co/cUmB2HO3bn","display_text_range":[15,16],"source":"<a href=\"http://twitter.com\" rel=\"nofollow\">Twitter Web Client</a>","truncated":false,"in_reply_to_status_id":1082228832143360000,"in_reply_to_status_id_str":"1082228832143360000","in_reply_to_user_id":932675351913926700,"in_reply_to_user_id_str":"932675351913926656","in_reply_to_screen_name":"startupdareal","user":{"id":103771241,"id_str":"103771241","name":"Zeno Bocardo","screen_name":"zenobocardo","location":null,"url":"https://www.instagram.com/zenobocardo/","description":"Admiro bits e bytes sociáveis","translator_type":"none","protected":false,"verified":false,"followers_count":360,"friends_count":262,"listed_count":20,"favourites_count":2644,"statuses_count":6112,"created_at":"Mon Jan 11 05:46:57 +0000 2010","utc_offset":null,"time_zone":null,"geo_enabled":false,"lang":"pt","contributors_enabled":false,"is_translator":false,"profile_background_color":"B2DFDA","profile_background_image_url":"http://abs.twimg.com/images/themes/theme13/bg.gif","profile_background_image_url_https":"https://abs.twimg.com/images/themes/theme13/bg.gif","profile_background_tile":false,"profile_link_color":"93A644","profile_sidebar_border_color":"EEEEEE","profile_sidebar_fill_color":"FFFFFF","profile_text_color":"333333","profile_use_background_image":true,"profile_image_url":"http://pbs.twimg.com/profile_images/896181634583736320/PjIk79wR_normal.jpg","profile_image_url_https":"https://pbs.twimg.com/profile_images/896181634583736320/PjIk79wR_normal.jpg","profile_banner_url":"https://pbs.twimg.com/profile_banners/103771241/1512265766","default_profile":false,"default_profile_image":false,"following":null,"follow_request_sent":null,"notifications":null},"geo":null,"coordinates":null,"place":null,"contributors":null,"is_quote_status":false,"quote_count":0,"reply_count":1,"retweet_count":2,"favorite_count":21,"entities":{"hashtags":[],"urls":[],"user_mentions":[{"screen_name":"startupdareal","name":"Startupdareal","id":932675351913926700,"id_str":"932675351913926656","indices":[0,14]}],"symbols":[],"media":[{"id":1082233252327407600,"id_str":"1082233252327407616","indices":[17,40],"media_url":"http://pbs.twimg.com/media/DwTdaLkXQAAsO3e.jpg","media_url_https":"https://pbs.twimg.com/media/DwTdaLkXQAAsO3e.jpg","url":"https://t.co/cUmB2HO3bn","display_url":"pic.twitter.com/cUmB2HO3bn","expanded_url":"https://twitter.com/zenobocardo/status/1082233298183733248/photo/1","type":"photo","sizes":{"medium":{"w":185,"h":281,"resize":"fit"},"thumb":{"w":150,"h":150,"resize":"crop"},"small":{"w":185,"h":281,"resize":"fit"},"large":{"w":185,"h":281,"resize":"fit"}}}]},"extended_entities":{"media":[{"id":1082233252327407600,"id_str":"1082233252327407616","indices":[17,40],"media_url":"http://pbs.twimg.com/media/DwTdaLkXQAAsO3e.jpg","media_url_https":"https://pbs.twimg.com/media/DwTdaLkXQAAsO3e.jpg","url":"https://t.co/cUmB2HO3bn","display_url":"pic.twitter.com/cUmB2HO3bn","expanded_url":"https://twitter.com/zenobocardo/status/1082233298183733248/photo/1","type":"photo","sizes":{"medium":{"w":185,"h":281,"resize":"fit"},"thumb":{"w":150,"h":150,"resize":"crop"},"small":{"w":185,"h":281,"resize":"fit"},"large":{"w":185,"h":281,"resize":"fit"}}}]},"favorited":false,"retweeted":false,"possibly_sensitive":false,"filter_level":"low","lang":"und"},"is_quote_status":false,"quote_count":0,"reply_count":0,"retweet_count":0,"favorite_count":0,"entities":{"hashtags":[],"urls":[],"user_mentions":[{"screen_name":"zenobocardo","name":"Zeno Bocardo","id":103771241,"id_str":"103771241","indices":[3,15]},{"screen_name":"startupdareal","name":"Startupdareal","id":932675351913926700,"id_str":"932675351913926656","indices":[17,31]}],"symbols":[],"media":[{"id":1082233252327407600,"id_str":"1082233252327407616","indices":[34,57],"media_url":"http://pbs.twimg.com/media/DwTdaLkXQAAsO3e.jpg","media_url_https":"https://pbs.twimg.com/media/DwTdaLkXQAAsO3e.jpg","url":"https://t.co/cUmB2HO3bn","display_url":"pic.twitter.com/cUmB2HO3bn","expanded_url":"https://twitter.com/zenobocardo/status/1082233298183733248/photo/1","type":"photo","sizes":{"medium":{"w":185,"h":281,"resize":"fit"},"thumb":{"w":150,"h":150,"resize":"crop"},"small":{"w":185,"h":281,"resize":"fit"},"large":{"w":185,"h":281,"resize":"fit"}},"source_status_id":1082233298183733200,"source_status_id_str":"1082233298183733248","source_user_id":103771241,"source_user_id_str":"103771241"}]},"extended_entities":{"media":[{"id":1082233252327407600,"id_str":"1082233252327407616","indices":[34,57],"media_url":"http://pbs.twimg.com/media/DwTdaLkXQAAsO3e.jpg","media_url_https":"https://pbs.twimg.com/media/DwTdaLkXQAAsO3e.jpg","url":"https://t.co/cUmB2HO3bn","display_url":"pic.twitter.com/cUmB2HO3bn","expanded_url":"https://twitter.com/zenobocardo/status/1082233298183733248/photo/1","type":"photo","sizes":{"medium":{"w":185,"h":281,"resize":"fit"},"thumb":{"w":150,"h":150,"resize":"crop"},"small":{"w":185,"h":281,"resize":"fit"},"large":{"w":185,"h":281,"resize":"fit"}},"source_status_id":1082233298183733200,"source_status_id_str":"1082233298183733248","source_user_id":103771241,"source_user_id_str":"103771241"}]},"favorited":false,"retweeted":false,"possibly_sensitive":false,"filter_level":"low","lang":"und","matching_rules":[{"tag":null}]}