{"created_at":"Tue Jan 08 17:47:31 +0000 2019","id":1082695308818161700,"id_str":"1082695308818161664","text":"RT @irarref_: @startupdareal  HOLD MY BABY https://t.co/zb7R1G1zBm","source":"<a href=\"http://twitter.com\" rel=\"nofollow\">Twitter Web Client</a>","truncated":false,"in_reply_to_status_id":null,"in_reply_to_status_id_str":null,"in_reply_to_user_id":null,"in_reply_to_user_id_str":null,"in_reply_to_screen_name":null,"user":{"id":932675351913926700,"id_str":"932675351913926656","name":"Startupdareal","screen_name":"startupdareal","location":"San Francisco, CA","url":"https://medium.com/startup-da-real","description":"#1 lugar livro de empreendedorismo mais vendido na Amazon, com \"Este livro não vai te deixar rico\"","translator_type":"none","protected":false,"verified":false,"followers_count":25736,"friends_count":176,"listed_count":112,"favourites_count":20411,"statuses_count":17948,"created_at":"Mon Nov 20 18:21:46 +0000 2017","utc_offset":null,"time_zone":null,"geo_enabled":true,"lang":"en","contributors_enabled":false,"is_translator":false,"profile_background_color":"000000","profile_background_image_url":"http://abs.twimg.com/images/themes/theme1/bg.png","profile_background_image_url_https":"https://abs.twimg.com/images/themes/theme1/bg.png","profile_background_tile":false,"profile_link_color":"FAB81E","profile_sidebar_border_color":"000000","profile_sidebar_fill_color":"000000","profile_text_color":"000000","profile_use_background_image":false,"profile_image_url":"http://pbs.twimg.com/profile_images/932680310336180226/PXZJpu93_normal.jpg","profile_image_url_https":"https://pbs.twimg.com/profile_images/932680310336180226/PXZJpu93_normal.jpg","profile_banner_url":"https://pbs.twimg.com/profile_banners/932675351913926656/1511203272","default_profile":false,"default_profile_image":false,"following":null,"follow_request_sent":null,"notifications":null},"geo":null,"coordinates":null,"place":null,"contributors":null,"retweeted_status":{"created_at":"Tue Jan 08 17:28:04 +0000 2019","id":1082690414723952600,"id_str":"1082690414723952640","text":"@startupdareal  HOLD MY BABY https://t.co/zb7R1G1zBm","display_text_range":[0,28],"source":"<a href=\"http://twitter.com\" rel=\"nofollow\">Twitter Web Client</a>","truncated":false,"in_reply_to_status_id":null,"in_reply_to_status_id_str":null,"in_reply_to_user_id":932675351913926700,"in_reply_to_user_id_str":"932675351913926656","in_reply_to_screen_name":"startupdareal","user":{"id":161092158,"id_str":"161092158","name":"Ministério da comunicação da URSAL","screen_name":"irarref_","location":"Porto Alegre, Brazil","url":"http://felipeferrarif13.wixsite.com/felipe-ferrari","description":"frase de efeito!!!","translator_type":"none","protected":false,"verified":false,"followers_count":123,"friends_count":224,"listed_count":0,"favourites_count":240,"statuses_count":3073,"created_at":"Tue Jun 29 23:52:27 +0000 2010","utc_offset":null,"time_zone":null,"geo_enabled":false,"lang":"en","contributors_enabled":false,"is_translator":false,"profile_background_color":"C0DEED","profile_background_image_url":"http://abs.twimg.com/images/themes/theme1/bg.png","profile_background_image_url_https":"https://abs.twimg.com/images/themes/theme1/bg.png","profile_background_tile":false,"profile_link_color":"000000","profile_sidebar_border_color":"C0DEED","profile_sidebar_fill_color":"DDEEF6","profile_text_color":"333333","profile_use_background_image":true,"profile_image_url":"http://pbs.twimg.com/profile_images/1879855358/def_leppard_x_front_normal.jpg","profile_image_url_https":"https://pbs.twimg.com/profile_images/1879855358/def_leppard_x_front_normal.jpg","profile_banner_url":"https://pbs.twimg.com/profile_banners/161092158/1505496593","default_profile":false,"default_profile_image":false,"following":null,"follow_request_sent":null,"notifications":null},"geo":null,"coordinates":null,"place":null,"contributors":null,"is_quote_status":false,"quote_count":0,"reply_count":1,"retweet_count":2,"favorite_count":10,"entities":{"hashtags":[],"urls":[],"user_mentions":[{"screen_name":"startupdareal","name":"Startupdareal","id":932675351913926700,"id_str":"932675351913926656","indices":[0,14]}],"symbols":[],"media":[{"id":1082690372495687700,"id_str":"1082690372495687681","indices":[29,52],"media_url":"http://pbs.twimg.com/media/DwZ9KE5XQAExIco.jpg","media_url_https":"https://pbs.twimg.com/media/DwZ9KE5XQAExIco.jpg","url":"https://t.co/zb7R1G1zBm","display_url":"pic.twitter.com/zb7R1G1zBm","expanded_url":"https://twitter.com/irarref_/status/1082690414723952640/photo/1","type":"photo","sizes":{"small":{"w":680,"h":646,"resize":"fit"},"thumb":{"w":150,"h":150,"resize":"crop"},"medium":{"w":750,"h":712,"resize":"fit"},"large":{"w":750,"h":712,"resize":"fit"}}}]},"extended_entities":{"media":[{"id":1082690372495687700,"id_str":"1082690372495687681","indices":[29,52],"media_url":"http://pbs.twimg.com/media/DwZ9KE5XQAExIco.jpg","media_url_https":"https://pbs.twimg.com/media/DwZ9KE5XQAExIco.jpg","url":"https://t.co/zb7R1G1zBm","display_url":"pic.twitter.com/zb7R1G1zBm","expanded_url":"https://twitter.com/irarref_/status/1082690414723952640/photo/1","type":"photo","sizes":{"small":{"w":680,"h":646,"resize":"fit"},"thumb":{"w":150,"h":150,"resize":"crop"},"medium":{"w":750,"h":712,"resize":"fit"},"large":{"w":750,"h":712,"resize":"fit"}}}]},"favorited":false,"retweeted":false,"possibly_sensitive":false,"filter_level":"low","lang":"en"},"is_quote_status":false,"quote_count":0,"reply_count":0,"retweet_count":0,"favorite_count":0,"entities":{"hashtags":[],"urls":[],"user_mentions":[{"screen_name":"irarref_","name":"Ministério da comunicação da URSAL","id":161092158,"id_str":"161092158","indices":[3,12]},{"screen_name":"startupdareal","name":"Startupdareal","id":932675351913926700,"id_str":"932675351913926656","indices":[14,28]}],"symbols":[],"media":[{"id":1082690372495687700,"id_str":"1082690372495687681","indices":[43,66],"media_url":"http://pbs.twimg.com/media/DwZ9KE5XQAExIco.jpg","media_url_https":"https://pbs.twimg.com/media/DwZ9KE5XQAExIco.jpg","url":"https://t.co/zb7R1G1zBm","display_url":"pic.twitter.com/zb7R1G1zBm","expanded_url":"https://twitter.com/irarref_/status/1082690414723952640/photo/1","type":"photo","sizes":{"small":{"w":680,"h":646,"resize":"fit"},"thumb":{"w":150,"h":150,"resize":"crop"},"medium":{"w":750,"h":712,"resize":"fit"},"large":{"w":750,"h":712,"resize":"fit"}},"source_status_id":1082690414723952600,"source_status_id_str":"1082690414723952640","source_user_id":161092158,"source_user_id_str":"161092158"}]},"extended_entities":{"media":[{"id":1082690372495687700,"id_str":"1082690372495687681","indices":[43,66],"media_url":"http://pbs.twimg.com/media/DwZ9KE5XQAExIco.jpg","media_url_https":"https://pbs.twimg.com/media/DwZ9KE5XQAExIco.jpg","url":"https://t.co/zb7R1G1zBm","display_url":"pic.twitter.com/zb7R1G1zBm","expanded_url":"https://twitter.com/irarref_/status/1082690414723952640/photo/1","type":"photo","sizes":{"small":{"w":680,"h":646,"resize":"fit"},"thumb":{"w":150,"h":150,"resize":"crop"},"medium":{"w":750,"h":712,"resize":"fit"},"large":{"w":750,"h":712,"resize":"fit"}},"source_status_id":1082690414723952600,"source_status_id_str":"1082690414723952640","source_user_id":161092158,"source_user_id_str":"161092158"}]},"favorited":false,"retweeted":false,"possibly_sensitive":false,"filter_level":"low","lang":"en","matching_rules":[{"tag":null}]}