{"created_at":"Mon Jan 07 20:18:34 +0000 2019","id":1082370930670780400,"id_str":"1082370930670780419","text":"@gabrieelbarbosa @LucianaLaura4 https://t.co/eMHH8zf97c","display_text_range":[31,31],"source":"<a href=\"http://twitter.com\" rel=\"nofollow\">Twitter Web Client</a>","truncated":false,"in_reply_to_status_id":1082369976244359200,"in_reply_to_status_id_str":"1082369976244359168","in_reply_to_user_id":2596773536,"in_reply_to_user_id_str":"2596773536","in_reply_to_screen_name":"gabrieelbarbosa","user":{"id":932675351913926700,"id_str":"932675351913926656","name":"Startupdareal","screen_name":"startupdareal","location":"San Francisco, CA","url":"https://medium.com/startup-da-real","description":"#1 lugar livro de empreendedorismo mais vendido na Amazon, com \"Este livro não vai te deixar rico\"","translator_type":"none","protected":false,"verified":false,"followers_count":25736,"friends_count":176,"listed_count":112,"favourites_count":20411,"statuses_count":17948,"created_at":"Mon Nov 20 18:21:46 +0000 2017","utc_offset":null,"time_zone":null,"geo_enabled":true,"lang":"en","contributors_enabled":false,"is_translator":false,"profile_background_color":"000000","profile_background_image_url":"http://abs.twimg.com/images/themes/theme1/bg.png","profile_background_image_url_https":"https://abs.twimg.com/images/themes/theme1/bg.png","profile_background_tile":false,"profile_link_color":"FAB81E","profile_sidebar_border_color":"000000","profile_sidebar_fill_color":"000000","profile_text_color":"000000","profile_use_background_image":false,"profile_image_url":"http://pbs.twimg.com/profile_images/932680310336180226/PXZJpu93_normal.jpg","profile_image_url_https":"https://pbs.twimg.com/profile_images/932680310336180226/PXZJpu93_normal.jpg","profile_banner_url":"https://pbs.twimg.com/profile_banners/932675351913926656/1511203272","default_profile":false,"default_profile_image":false,"following":null,"follow_request_sent":null,"notifications":null},"geo":null,"coordinates":null,"place":null,"contributors":null,"is_quote_status":false,"quote_count":0,"reply_count":0,"retweet_count":0,"favorite_count":1,"entities":{"hashtags":[],"urls":[],"user_mentions":[{"screen_name":"gabrieelbarbosa","name":"Gabriel Barbosa","id":2596773536,"id_str":"2596773536","indices":[0,16]},{"screen_name":"LucianaLaura4","name":"Luciana Laura","id":713347539156746200,"id_str":"713347539156746241","indices":[17,31]}],"symbols":[],"media":[{"id":1082370922856833000,"id_str":"1082370922856833024","indices":[32,55],"media_url":"http://pbs.twimg.com/tweet_video_thumb/DwVanqQX4AASF2o.jpg","media_url_https":"https://pbs.twimg.com/tweet_video_thumb/DwVanqQX4AASF2o.jpg","url":"https://t.co/eMHH8zf97c","display_url":"pic.twitter.com/eMHH8zf97c","expanded_url":"https://twitter.com/startupdareal/status/1082370930670780419/photo/1","type":"photo","sizes":{"large":{"w":200,"h":114,"resize":"fit"},"thumb":{"w":114,"h":114,"resize":"crop"},"small":{"w":200,"h":114,"resize":"fit"},"medium":{"w":200,"h":114,"resize":"fit"}}}]},"extended_entities":{"media":[{"id":1082370922856833000,"id_str":"1082370922856833024","indices":[32,55],"media_url":"http://pbs.twimg.com/tweet_video_thumb/DwVanqQX4AASF2o.jpg","media_url_https":"https://pbs.twimg.com/tweet_video_thumb/DwVanqQX4AASF2o.jpg","url":"https://t.co/eMHH8zf97c","display_url":"pic.twitter.com/eMHH8zf97c","expanded_url":"https://twitter.com/startupdareal/status/1082370930670780419/photo/1","type":"animated_gif","video_info":{"aspect_ratio":[100,57],"variants":[{"bitrate":0,"content_type":"video/mp4","url":"https://video.twimg.com/tweet_video/DwVanqQX4AASF2o.mp4"}]},"sizes":{"large":{"w":200,"h":114,"resize":"fit"},"thumb":{"w":114,"h":114,"resize":"crop"},"small":{"w":200,"h":114,"resize":"fit"},"medium":{"w":200,"h":114,"resize":"fit"}}}]},"favorited":false,"retweeted":false,"possibly_sensitive":false,"filter_level":"low","lang":"und","matching_rules":[{"tag":null}]}