{"created_at":"Mon Jan 07 17:29:37 +0000 2019","id":1082328416165212200,"id_str":"1082328416165212160","text":"RT @cleysonph: Como não planejar uma vida de sucesso, texto incrível da @startupdareal  https://t.co/3QWEskiPH0","source":"<a href=\"http://twitter.com\" rel=\"nofollow\">Twitter Web Client</a>","truncated":false,"in_reply_to_status_id":null,"in_reply_to_status_id_str":null,"in_reply_to_user_id":null,"in_reply_to_user_id_str":null,"in_reply_to_screen_name":null,"user":{"id":932675351913926700,"id_str":"932675351913926656","name":"Startupdareal","screen_name":"startupdareal","location":"San Francisco, CA","url":"https://medium.com/startup-da-real","description":"#1 lugar livro de empreendedorismo mais vendido na Amazon, com \"Este livro não vai te deixar rico\"","translator_type":"none","protected":false,"verified":false,"followers_count":25736,"friends_count":176,"listed_count":112,"favourites_count":20411,"statuses_count":17948,"created_at":"Mon Nov 20 18:21:46 +0000 2017","utc_offset":null,"time_zone":null,"geo_enabled":true,"lang":"en","contributors_enabled":false,"is_translator":false,"profile_background_color":"000000","profile_background_image_url":"http://abs.twimg.com/images/themes/theme1/bg.png","profile_background_image_url_https":"https://abs.twimg.com/images/themes/theme1/bg.png","profile_background_tile":false,"profile_link_color":"FAB81E","profile_sidebar_border_color":"000000","profile_sidebar_fill_color":"000000","profile_text_color":"000000","profile_use_background_image":false,"profile_image_url":"http://pbs.twimg.com/profile_images/932680310336180226/PXZJpu93_normal.jpg","profile_image_url_https":"https://pbs.twimg.com/profile_images/932680310336180226/PXZJpu93_normal.jpg","profile_banner_url":"https://pbs.twimg.com/profile_banners/932675351913926656/1511203272","default_profile":false,"default_profile_image":false,"following":null,"follow_request_sent":null,"notifications":null},"geo":null,"coordinates":null,"place":null,"contributors":null,"retweeted_status":{"created_at":"Mon Jan 07 17:20:54 +0000 2019","id":1082326222225526800,"id_str":"1082326222225526785","text":"Como não planejar uma vida de sucesso, texto incrível da @startupdareal  https://t.co/3QWEskiPH0","source":"<a href=\"https://mobile.twitter.com\" rel=\"nofollow\">Twitter Web App</a>","truncated":false,"in_reply_to_status_id":null,"in_reply_to_status_id_str":null,"in_reply_to_user_id":null,"in_reply_to_user_id_str":null,"in_reply_to_screen_name":null,"user":{"id":734951262303756300,"id_str":"734951262303756289","name":"Cleyson Lima","screen_name":"cleysonph","location":"Teresina, Brasil","url":"http://cleysonph.github.io","description":"📖 Licenciatura em Informática\n📍 Teresina - PI\n👱 22 Anos\n🐍 Pythonista\nfrom coffee import *","translator_type":"none","protected":false,"verified":false,"followers_count":27,"friends_count":207,"listed_count":2,"favourites_count":4590,"statuses_count":728,"created_at":"Tue May 24 03:36:50 +0000 2016","utc_offset":null,"time_zone":null,"geo_enabled":false,"lang":"pt","contributors_enabled":false,"is_translator":false,"profile_background_color":"F5F8FA","profile_background_image_url":"","profile_background_image_url_https":"","profile_background_tile":false,"profile_link_color":"1DA1F2","profile_sidebar_border_color":"C0DEED","profile_sidebar_fill_color":"DDEEF6","profile_text_color":"333333","profile_use_background_image":true,"profile_image_url":"http://pbs.twimg.com/profile_images/1086814494561574912/xoyJJtyq_normal.jpg","profile_image_url_https":"https://pbs.twimg.com/profile_images/1086814494561574912/xoyJJtyq_normal.jpg","profile_banner_url":"https://pbs.twimg.com/profile_banners/734951262303756289/1543173317","default_profile":true,"default_profile_image":false,"following":null,"follow_request_sent":null,"notifications":null},"geo":null,"coordinates":null,"place":null,"contributors":null,"is_quote_status":false,"quote_count":0,"reply_count":0,"retweet_count":4,"favorite_count":8,"entities":{"hashtags":[],"urls":[{"url":"https://t.co/3QWEskiPH0","expanded_url":"https://link.medium.com/XtO1YmPXhT","display_url":"link.medium.com/XtO1YmPXhT","indices":[73,96]}],"user_mentions":[{"screen_name":"startupdareal","name":"Startupdareal","id":932675351913926700,"id_str":"932675351913926656","indices":[57,71]}],"symbols":[]},"favorited":false,"retweeted":false,"possibly_sensitive":false,"filter_level":"low","lang":"pt"},"is_quote_status":false,"quote_count":0,"reply_count":0,"retweet_count":0,"favorite_count":0,"entities":{"hashtags":[],"urls":[{"url":"https://t.co/3QWEskiPH0","expanded_url":"https://link.medium.com/XtO1YmPXhT","display_url":"link.medium.com/XtO1YmPXhT","indices":[88,111]}],"user_mentions":[{"screen_name":"cleysonph","name":"Cleyson Lima","id":734951262303756300,"id_str":"734951262303756289","indices":[3,13]},{"screen_name":"startupdareal","name":"Startupdareal","id":932675351913926700,"id_str":"932675351913926656","indices":[72,86]}],"symbols":[]},"favorited":false,"retweeted":false,"possibly_sensitive":false,"filter_level":"low","lang":"pt","matching_rules":[{"tag":null}]}