{"created_at":"Tue Jan 08 00:49:13 +0000 2019","id":1082439045517586400,"id_str":"1082439045517586432","text":"Aí você você fala o que tem vontade de fazer e acham que é extremista https://t.co/3dgarHNPdH","display_text_range":[0,69],"source":"<a href=\"http://twitter.com/download/iphone\" rel=\"nofollow\">Twitter for iPhone</a>","truncated":false,"in_reply_to_status_id":null,"in_reply_to_status_id_str":null,"in_reply_to_user_id":null,"in_reply_to_user_id_str":null,"in_reply_to_screen_name":null,"user":{"id":932675351913926700,"id_str":"932675351913926656","name":"Startupdareal","screen_name":"startupdareal","location":"San Francisco, CA","url":"https://medium.com/startup-da-real","description":"#1 lugar livro de empreendedorismo mais vendido na Amazon, com \"Este livro não vai te deixar rico\"","translator_type":"none","protected":false,"verified":false,"followers_count":25736,"friends_count":176,"listed_count":112,"favourites_count":20411,"statuses_count":17948,"created_at":"Mon Nov 20 18:21:46 +0000 2017","utc_offset":null,"time_zone":null,"geo_enabled":true,"lang":"en","contributors_enabled":false,"is_translator":false,"profile_background_color":"000000","profile_background_image_url":"http://abs.twimg.com/images/themes/theme1/bg.png","profile_background_image_url_https":"https://abs.twimg.com/images/themes/theme1/bg.png","profile_background_tile":false,"profile_link_color":"FAB81E","profile_sidebar_border_color":"000000","profile_sidebar_fill_color":"000000","profile_text_color":"000000","profile_use_background_image":false,"profile_image_url":"http://pbs.twimg.com/profile_images/932680310336180226/PXZJpu93_normal.jpg","profile_image_url_https":"https://pbs.twimg.com/profile_images/932680310336180226/PXZJpu93_normal.jpg","profile_banner_url":"https://pbs.twimg.com/profile_banners/932675351913926656/1511203272","default_profile":false,"default_profile_image":false,"following":null,"follow_request_sent":null,"notifications":null},"geo":null,"coordinates":null,"place":null,"contributors":null,"quoted_status_id":1082306008326651900,"quoted_status_id_str":"1082306008326651905","quoted_status":{"created_at":"Mon Jan 07 16:00:35 +0000 2019","id":1082306008326651900,"id_str":"1082306008326651905","text":"my coworkers complained that the look of my breasts post-mastectomy is making them uncomfortable https://t.co/3QrJVFJDqx","source":"<a href=\"https://dlvrit.com/\" rel=\"nofollow\">dlvr.it</a>","truncated":false,"in_reply_to_status_id":null,"in_reply_to_status_id_str":null,"in_reply_to_user_id":null,"in_reply_to_user_id_str":null,"in_reply_to_screen_name":null,"user":{"id":15951681,"id_str":"15951681","name":"Ask a Manager","screen_name":"AskAManager","location":"Washington, DC","url":"http://askamanager.org","description":"Not sure what the hell your manager is thinking, how to ask for a raise, whether you might be in danger of getting fired, or more?  Ask away.","translator_type":"none","protected":false,"verified":true,"followers_count":45455,"friends_count":6698,"listed_count":1363,"favourites_count":11783,"statuses_count":14874,"created_at":"Fri Aug 22 23:30:39 +0000 2008","utc_offset":null,"time_zone":null,"geo_enabled":false,"lang":"en","contributors_enabled":false,"is_translator":false,"profile_background_color":"135779","profile_background_image_url":"http://abs.twimg.com/images/themes/theme6/bg.gif","profile_background_image_url_https":"https://abs.twimg.com/images/themes/theme6/bg.gif","profile_background_tile":true,"profile_link_color":"66B4AB","profile_sidebar_border_color":"328184","profile_sidebar_fill_color":"A5E6D7","profile_text_color":"060C4A","profile_use_background_image":false,"profile_image_url":"http://pbs.twimg.com/profile_images/890276334324396032/52IXM-Yr_normal.jpg","profile_image_url_https":"https://pbs.twimg.com/profile_images/890276334324396032/52IXM-Yr_normal.jpg","profile_banner_url":"https://pbs.twimg.com/profile_banners/15951681/1525274774","default_profile":false,"default_profile_image":false,"following":null,"follow_request_sent":null,"notifications":null},"geo":null,"coordinates":null,"place":null,"contributors":null,"is_quote_status":false,"quote_count":0,"reply_count":199,"retweet_count":254,"favorite_count":590,"entities":{"hashtags":[],"urls":[{"url":"https://t.co/3QrJVFJDqx","expanded_url":"http://dlvr.it/Qw8QS7","display_url":"dlvr.it/Qw8QS7","indices":[97,120]}],"user_mentions":[],"symbols":[]},"favorited":false,"retweeted":false,"possibly_sensitive":false,"filter_level":"low","lang":"en"},"quoted_status_permalink":{"url":"https://t.co/3dgarHNPdH","expanded":"https://twitter.com/AskAManager/status/1082306008326651905","display":"twitter.com/AskAManager/st…"},"is_quote_status":true,"quote_count":0,"reply_count":2,"retweet_count":5,"favorite_count":52,"entities":{"hashtags":[],"urls":[{"url":"https://t.co/3dgarHNPdH","expanded_url":"https://twitter.com/AskAManager/status/1082306008326651905","display_url":"twitter.com/AskAManager/st…","indices":[70,93]}],"user_mentions":[],"symbols":[]},"favorited":false,"retweeted":false,"possibly_sensitive":false,"filter_level":"low","lang":"pt","matching_rules":[{"tag":null}]}