{"created_at":"Tue Jan 08 20:26:22 +0000 2019","id":1082735283530027000,"id_str":"1082735283530027008","text":"RT @vhogemann: @startupdareal boa oportunidade no Rio pra quem está começando em TI. https://t.co/YPF0hlfKQN","source":"<a href=\"http://twitter.com\" rel=\"nofollow\">Twitter Web Client</a>","truncated":false,"in_reply_to_status_id":null,"in_reply_to_status_id_str":null,"in_reply_to_user_id":null,"in_reply_to_user_id_str":null,"in_reply_to_screen_name":null,"user":{"id":932675351913926700,"id_str":"932675351913926656","name":"Startupdareal","screen_name":"startupdareal","location":"San Francisco, CA","url":"https://medium.com/startup-da-real","description":"#1 lugar livro de empreendedorismo mais vendido na Amazon, com \"Este livro não vai te deixar rico\"","translator_type":"none","protected":false,"verified":false,"followers_count":25736,"friends_count":176,"listed_count":112,"favourites_count":20411,"statuses_count":17948,"created_at":"Mon Nov 20 18:21:46 +0000 2017","utc_offset":null,"time_zone":null,"geo_enabled":true,"lang":"en","contributors_enabled":false,"is_translator":false,"profile_background_color":"000000","profile_background_image_url":"http://abs.twimg.com/images/themes/theme1/bg.png","profile_background_image_url_https":"https://abs.twimg.com/images/themes/theme1/bg.png","profile_background_tile":false,"profile_link_color":"FAB81E","profile_sidebar_border_color":"000000","profile_sidebar_fill_color":"000000","profile_text_color":"000000","profile_use_background_image":false,"profile_image_url":"http://pbs.twimg.com/profile_images/932680310336180226/PXZJpu93_normal.jpg","profile_image_url_https":"https://pbs.twimg.com/profile_images/932680310336180226/PXZJpu93_normal.jpg","profile_banner_url":"https://pbs.twimg.com/profile_banners/932675351913926656/1511203272","default_profile":false,"default_profile_image":false,"following":null,"follow_request_sent":null,"notifications":null},"geo":null,"coordinates":null,"place":null,"contributors":null,"retweeted_status":{"created_at":"Tue Jan 08 20:25:58 +0000 2019","id":1082735184192131100,"id_str":"1082735184192131073","text":"@startupdareal boa oportunidade no Rio pra quem está começando em TI. https://t.co/YPF0hlfKQN","display_text_range":[0,69],"source":"<a href=\"http://twitter.com/download/android\" rel=\"nofollow\">Twitter for Android</a>","truncated":false,"in_reply_to_status_id":null,"in_reply_to_status_id_str":null,"in_reply_to_user_id":932675351913926700,"in_reply_to_user_id_str":"932675351913926656","in_reply_to_screen_name":"startupdareal","user":{"id":15378234,"id_str":"15378234","name":"Victor Hogemann","screen_name":"vhogemann","location":"Dublin City, Ireland","url":"http://victor.hogemann.com","description":"I'm a product of the 80's. Grown up playing Atari, programming MSX Basic and watching Looney Tunes, Thundercats and Changemen on TV.","translator_type":"none","protected":false,"verified":false,"followers_count":323,"friends_count":273,"listed_count":18,"favourites_count":3421,"statuses_count":10019,"created_at":"Thu Jul 10 14:48:22 +0000 2008","utc_offset":null,"time_zone":null,"geo_enabled":true,"lang":"en","contributors_enabled":false,"is_translator":false,"profile_background_color":"3C2C22","profile_background_image_url":"http://abs.twimg.com/images/themes/theme9/bg.gif","profile_background_image_url_https":"https://abs.twimg.com/images/themes/theme9/bg.gif","profile_background_tile":false,"profile_link_color":"ABB8C2","profile_sidebar_border_color":"7A5C45","profile_sidebar_fill_color":"281E17","profile_text_color":"54493E","profile_use_background_image":true,"profile_image_url":"http://pbs.twimg.com/profile_images/1071537307482800129/1TJvTOK0_normal.jpg","profile_image_url_https":"https://pbs.twimg.com/profile_images/1071537307482800129/1TJvTOK0_normal.jpg","profile_banner_url":"https://pbs.twimg.com/profile_banners/15378234/1545930645","default_profile":false,"default_profile_image":false,"following":null,"follow_request_sent":null,"notifications":null},"geo":null,"coordinates":null,"place":null,"contributors":null,"quoted_status_id":1082703884500521000,"quoted_status_id_str":"1082703884500520961","quoted_status":{"created_at":"Tue Jan 08 18:21:36 +0000 2019","id":1082703884500521000,"id_str":"1082703884500520961","text":"Fala galera,\n\nAs inscrições estão abertas para o Programa de Estágio em TI aqui da B2W Digital!\n\nhttps://t.co/F9xykrZISR","source":"<a href=\"http://twitter.com\" rel=\"nofollow\">Twitter Web Client</a>","truncated":false,"in_reply_to_status_id":null,"in_reply_to_status_id_str":null,"in_reply_to_user_id":null,"in_reply_to_user_id_str":null,"in_reply_to_screen_name":null,"user":{"id":75085322,"id_str":"75085322","name":"Anny Mayara","screen_name":"annymayara","location":"Rio de Janeiro - Brasil","url":"http://about.me/annymayara","description":"Nerd assumida!","translator_type":"none","protected":false,"verified":false,"followers_count":344,"friends_count":498,"listed_count":12,"favourites_count":129,"statuses_count":3125,"created_at":"Thu Sep 17 18:55:06 +0000 2009","utc_offset":null,"time_zone":null,"geo_enabled":true,"lang":"en","contributors_enabled":false,"is_translator":false,"profile_background_color":"000000","profile_background_image_url":"http://abs.twimg.com/images/themes/theme14/bg.gif","profile_background_image_url_https":"https://abs.twimg.com/images/themes/theme14/bg.gif","profile_background_tile":false,"profile_link_color":"555555","profile_sidebar_border_color":"000000","profile_sidebar_fill_color":"000000","profile_text_color":"000000","profile_use_background_image":false,"profile_image_url":"http://pbs.twimg.com/profile_images/1061022423552790529/V4WJ-jln_normal.jpg","profile_image_url_https":"https://pbs.twimg.com/profile_images/1061022423552790529/V4WJ-jln_normal.jpg","profile_banner_url":"https://pbs.twimg.com/profile_banners/75085322/1441196839","default_profile":false,"default_profile_image":false,"following":null,"follow_request_sent":null,"notifications":null},"geo":null,"coordinates":null,"place":null,"contributors":null,"is_quote_status":false,"quote_count":0,"reply_count":4,"retweet_count":12,"favorite_count":10,"entities":{"hashtags":[],"urls":[{"url":"https://t.co/F9xykrZISR","expanded_url":"http://estagiobit.b2w.io","display_url":"estagiobit.b2w.io","indices":[97,120]}],"user_mentions":[],"symbols":[]},"favorited":false,"retweeted":false,"possibly_sensitive":false,"filter_level":"low","lang":"pt"},"quoted_status_permalink":{"url":"https://t.co/YPF0hlfKQN","expanded":"https://twitter.com/annymayara/status/1082703884500520961","display":"twitter.com/annymayara/sta…"},"is_quote_status":true,"quote_count":0,"reply_count":0,"retweet_count":1,"favorite_count":3,"entities":{"hashtags":[],"urls":[{"url":"https://t.co/YPF0hlfKQN","expanded_url":"https://twitter.com/annymayara/status/1082703884500520961","display_url":"twitter.com/annymayara/sta…","indices":[70,93]}],"user_mentions":[{"screen_name":"startupdareal","name":"Startupdareal","id":932675351913926700,"id_str":"932675351913926656","indices":[0,14]}],"symbols":[]},"favorited":false,"retweeted":false,"possibly_sensitive":false,"filter_level":"low","lang":"pt"},"quoted_status_id":1082703884500521000,"quoted_status_id_str":"1082703884500520961","quoted_status":{"created_at":"Tue Jan 08 18:21:36 +0000 2019","id":1082703884500521000,"id_str":"1082703884500520961","text":"Fala galera,\n\nAs inscrições estão abertas para o Programa de Estágio em TI aqui da B2W Digital!\n\nhttps://t.co/F9xykrZISR","source":"<a href=\"http://twitter.com\" rel=\"nofollow\">Twitter Web Client</a>","truncated":false,"in_reply_to_status_id":null,"in_reply_to_status_id_str":null,"in_reply_to_user_id":null,"in_reply_to_user_id_str":null,"in_reply_to_screen_name":null,"user":{"id":75085322,"id_str":"75085322","name":"Anny Mayara","screen_name":"annymayara","location":"Rio de Janeiro - Brasil","url":"http://about.me/annymayara","description":"Nerd assumida!","translator_type":"none","protected":false,"verified":false,"followers_count":344,"friends_count":498,"listed_count":12,"favourites_count":129,"statuses_count":3125,"created_at":"Thu Sep 17 18:55:06 +0000 2009","utc_offset":null,"time_zone":null,"geo_enabled":true,"lang":"en","contributors_enabled":false,"is_translator":false,"profile_background_color":"000000","profile_background_image_url":"http://abs.twimg.com/images/themes/theme14/bg.gif","profile_background_image_url_https":"https://abs.twimg.com/images/themes/theme14/bg.gif","profile_background_tile":false,"profile_link_color":"555555","profile_sidebar_border_color":"000000","profile_sidebar_fill_color":"000000","profile_text_color":"000000","profile_use_background_image":false,"profile_image_url":"http://pbs.twimg.com/profile_images/1061022423552790529/V4WJ-jln_normal.jpg","profile_image_url_https":"https://pbs.twimg.com/profile_images/1061022423552790529/V4WJ-jln_normal.jpg","profile_banner_url":"https://pbs.twimg.com/profile_banners/75085322/1441196839","default_profile":false,"default_profile_image":false,"following":null,"follow_request_sent":null,"notifications":null},"geo":null,"coordinates":null,"place":null,"contributors":null,"is_quote_status":false,"quote_count":0,"reply_count":4,"retweet_count":12,"favorite_count":10,"entities":{"hashtags":[],"urls":[{"url":"https://t.co/F9xykrZISR","expanded_url":"http://estagiobit.b2w.io","display_url":"estagiobit.b2w.io","indices":[97,120]}],"user_mentions":[],"symbols":[]},"favorited":false,"retweeted":false,"possibly_sensitive":false,"filter_level":"low","lang":"pt"},"quoted_status_permalink":{"url":"https://t.co/YPF0hlfKQN","expanded":"https://twitter.com/annymayara/status/1082703884500520961","display":"twitter.com/annymayara/sta…"},"is_quote_status":true,"quote_count":0,"reply_count":0,"retweet_count":0,"favorite_count":0,"entities":{"hashtags":[],"urls":[{"url":"https://t.co/YPF0hlfKQN","expanded_url":"https://twitter.com/annymayara/status/1082703884500520961","display_url":"twitter.com/annymayara/sta…","indices":[85,108]}],"user_mentions":[{"screen_name":"vhogemann","name":"Victor Hogemann","id":15378234,"id_str":"15378234","indices":[3,13]},{"screen_name":"startupdareal","name":"Startupdareal","id":932675351913926700,"id_str":"932675351913926656","indices":[15,29]}],"symbols":[]},"favorited":false,"retweeted":false,"possibly_sensitive":false,"filter_level":"low","lang":"pt","matching_rules":[{"tag":null}]}