{"created_at":"Tue Jan 08 21:33:29 +0000 2019","id":1082752175158247400,"id_str":"1082752175158247424","text":"Essa é uma das ideias mais brilhantes que vejo em muito tempo. Se isso rolar bem vai ser lindo demais. https://t.co/EiiuKP4k1l","display_text_range":[0,102],"source":"<a href=\"http://twitter.com/download/iphone\" rel=\"nofollow\">Twitter for iPhone</a>","truncated":false,"in_reply_to_status_id":null,"in_reply_to_status_id_str":null,"in_reply_to_user_id":null,"in_reply_to_user_id_str":null,"in_reply_to_screen_name":null,"user":{"id":932675351913926700,"id_str":"932675351913926656","name":"Startupdareal","screen_name":"startupdareal","location":"San Francisco, CA","url":"https://medium.com/startup-da-real","description":"#1 lugar livro de empreendedorismo mais vendido na Amazon, com \"Este livro não vai te deixar rico\"","translator_type":"none","protected":false,"verified":false,"followers_count":25736,"friends_count":176,"listed_count":112,"favourites_count":20411,"statuses_count":17948,"created_at":"Mon Nov 20 18:21:46 +0000 2017","utc_offset":null,"time_zone":null,"geo_enabled":true,"lang":"en","contributors_enabled":false,"is_translator":false,"profile_background_color":"000000","profile_background_image_url":"http://abs.twimg.com/images/themes/theme1/bg.png","profile_background_image_url_https":"https://abs.twimg.com/images/themes/theme1/bg.png","profile_background_tile":false,"profile_link_color":"FAB81E","profile_sidebar_border_color":"000000","profile_sidebar_fill_color":"000000","profile_text_color":"000000","profile_use_background_image":false,"profile_image_url":"http://pbs.twimg.com/profile_images/932680310336180226/PXZJpu93_normal.jpg","profile_image_url_https":"https://pbs.twimg.com/profile_images/932680310336180226/PXZJpu93_normal.jpg","profile_banner_url":"https://pbs.twimg.com/profile_banners/932675351913926656/1511203272","default_profile":false,"default_profile_image":false,"following":null,"follow_request_sent":null,"notifications":null},"geo":null,"coordinates":null,"place":null,"contributors":null,"quoted_status_id":1082681178627493900,"quoted_status_id_str":"1082681178627493888","quoted_status":{"created_at":"Tue Jan 08 16:51:22 +0000 2019","id":1082681178627493900,"id_str":"1082681178627493888","text":"Há gatinhos e cachorrinhos próximos de você que precisam de um lar, sabia?\n\nDe MATCH❤️ num animalzinho em situação… https://t.co/mWOqR2Khrb","display_text_range":[0,140],"source":"<a href=\"http://twitter.com/download/android\" rel=\"nofollow\">Twitter for Android</a>","truncated":true,"in_reply_to_status_id":null,"in_reply_to_status_id_str":null,"in_reply_to_user_id":null,"in_reply_to_user_id_str":null,"in_reply_to_screen_name":null,"user":{"id":38079558,"id_str":"38079558","name":"Marcos Gervazoni","screen_name":"MarcosGervazoni","location":"Farroupilha - RS","url":null,"description":"Apaixonado por Marketing, Comunicação e Gestão Comercial. Estudante. Curioso por novas tecnologias e histórias de empreendedorismo.","translator_type":"none","protected":false,"verified":false,"followers_count":539,"friends_count":277,"listed_count":4,"favourites_count":9605,"statuses_count":1552,"created_at":"Wed May 06 01:34:29 +0000 2009","utc_offset":null,"time_zone":null,"geo_enabled":true,"lang":"pt","contributors_enabled":false,"is_translator":false,"profile_background_color":"DBE9ED","profile_background_image_url":"http://abs.twimg.com/images/themes/theme17/bg.gif","profile_background_image_url_https":"https://abs.twimg.com/images/themes/theme17/bg.gif","profile_background_tile":false,"profile_link_color":"CC3366","profile_sidebar_border_color":"DBE9ED","profile_sidebar_fill_color":"E6F6F9","profile_text_color":"333333","profile_use_background_image":true,"profile_image_url":"http://pbs.twimg.com/profile_images/1077541494498697216/4Q9JSpna_normal.jpg","profile_image_url_https":"https://pbs.twimg.com/profile_images/1077541494498697216/4Q9JSpna_normal.jpg","default_profile":false,"default_profile_image":false,"following":null,"follow_request_sent":null,"notifications":null},"geo":null,"coordinates":null,"place":null,"contributors":null,"is_quote_status":false,"extended_tweet":{"full_text":"Há gatinhos e cachorrinhos próximos de você que precisam de um lar, sabia?\n\nDe MATCH❤️ num animalzinho em situação de adoção e coloque um amigo leal na sua vida.\n\nConheça o ADOG (https://t.co/3if4uiyy6r) — app para doação e adoção responsável de PETs :)\n\n🔁 pra ajudar https://t.co/OsO3IUOFVL","display_text_range":[0,267],"entities":{"hashtags":[],"urls":[{"url":"https://t.co/3if4uiyy6r","expanded_url":"http://www.adog.com.br","display_url":"adog.com.br","indices":[179,202]}],"user_mentions":[],"symbols":[],"media":[{"id":1082681166732378100,"id_str":"1082681166732378112","indices":[268,291],"media_url":"http://pbs.twimg.com/tweet_video_thumb/DwZ0yOwWwAAUCGu.jpg","media_url_https":"https://pbs.twimg.com/tweet_video_thumb/DwZ0yOwWwAAUCGu.jpg","url":"https://t.co/OsO3IUOFVL","display_url":"pic.twitter.com/OsO3IUOFVL","expanded_url":"https://twitter.com/MarcosGervazoni/status/1082681178627493888/photo/1","type":"animated_gif","video_info":{"aspect_ratio":[165,169],"variants":[{"bitrate":0,"content_type":"video/mp4","url":"https://video.twimg.com/tweet_video/DwZ0yOwWwAAUCGu.mp4"}]},"sizes":{"medium":{"w":330,"h":338,"resize":"fit"},"thumb":{"w":150,"h":150,"resize":"crop"},"large":{"w":330,"h":338,"resize":"fit"},"small":{"w":330,"h":338,"resize":"fit"}}}]},"extended_entities":{"media":[{"id":1082681166732378100,"id_str":"1082681166732378112","indices":[268,291],"media_url":"http://pbs.twimg.com/tweet_video_thumb/DwZ0yOwWwAAUCGu.jpg","media_url_https":"https://pbs.twimg.com/tweet_video_thumb/DwZ0yOwWwAAUCGu.jpg","url":"https://t.co/OsO3IUOFVL","display_url":"pic.twitter.com/OsO3IUOFVL","expanded_url":"https://twitter.com/MarcosGervazoni/status/1082681178627493888/photo/1","type":"animated_gif","video_info":{"aspect_ratio":[165,169],"variants":[{"bitrate":0,"content_type":"video/mp4","url":"https://video.twimg.com/tweet_video/DwZ0yOwWwAAUCGu.mp4"}]},"sizes":{"medium":{"w":330,"h":338,"resize":"fit"},"thumb":{"w":150,"h":150,"resize":"crop"},"large":{"w":330,"h":338,"resize":"fit"},"small":{"w":330,"h":338,"resize":"fit"}}}]}},"quote_count":0,"reply_count":10,"retweet_count":260,"favorite_count":304,"entities":{"hashtags":[],"urls":[{"url":"https://t.co/mWOqR2Khrb","expanded_url":"https://twitter.com/i/web/status/1082681178627493888","display_url":"twitter.com/i/web/status/1…","indices":[116,139]}],"user_mentions":[],"symbols":[]},"favorited":false,"retweeted":false,"possibly_sensitive":false,"filter_level":"low","lang":"pt"},"quoted_status_permalink":{"url":"https://t.co/EiiuKP4k1l","expanded":"https://twitter.com/MarcosGervazoni/status/1082681178627493888","display":"twitter.com/MarcosGervazon…"},"is_quote_status":true,"quote_count":0,"reply_count":3,"retweet_count":9,"favorite_count":73,"entities":{"hashtags":[],"urls":[{"url":"https://t.co/EiiuKP4k1l","expanded_url":"https://twitter.com/MarcosGervazoni/status/1082681178627493888","display_url":"twitter.com/MarcosGervazon…","indices":[103,126]}],"user_mentions":[],"symbols":[]},"favorited":false,"retweeted":false,"possibly_sensitive":false,"filter_level":"low","lang":"pt","matching_rules":[{"tag":null}]}