{"created_at":"Mon Jan 07 18:35:11 +0000 2019","id":1082344914178977800,"id_str":"1082344914178977792","text":"RT @rd_monteiro: Esse fato que o @startupdareal traz é assustador e reconfortante, como todo o texto: https://t.co/Sl2RwZr3cz https://t.co/…","source":"<a href=\"http://twitter.com\" rel=\"nofollow\">Twitter Web Client</a>","truncated":false,"in_reply_to_status_id":null,"in_reply_to_status_id_str":null,"in_reply_to_user_id":null,"in_reply_to_user_id_str":null,"in_reply_to_screen_name":null,"user":{"id":932675351913926700,"id_str":"932675351913926656","name":"Startupdareal","screen_name":"startupdareal","location":"San Francisco, CA","url":"https://medium.com/startup-da-real","description":"#1 lugar livro de empreendedorismo mais vendido na Amazon, com \"Este livro não vai te deixar rico\"","translator_type":"none","protected":false,"verified":false,"followers_count":25736,"friends_count":176,"listed_count":112,"favourites_count":20411,"statuses_count":17948,"created_at":"Mon Nov 20 18:21:46 +0000 2017","utc_offset":null,"time_zone":null,"geo_enabled":true,"lang":"en","contributors_enabled":false,"is_translator":false,"profile_background_color":"000000","profile_background_image_url":"http://abs.twimg.com/images/themes/theme1/bg.png","profile_background_image_url_https":"https://abs.twimg.com/images/themes/theme1/bg.png","profile_background_tile":false,"profile_link_color":"FAB81E","profile_sidebar_border_color":"000000","profile_sidebar_fill_color":"000000","profile_text_color":"000000","profile_use_background_image":false,"profile_image_url":"http://pbs.twimg.com/profile_images/932680310336180226/PXZJpu93_normal.jpg","profile_image_url_https":"https://pbs.twimg.com/profile_images/932680310336180226/PXZJpu93_normal.jpg","profile_banner_url":"https://pbs.twimg.com/profile_banners/932675351913926656/1511203272","default_profile":false,"default_profile_image":false,"following":null,"follow_request_sent":null,"notifications":null},"geo":null,"coordinates":null,"place":null,"contributors":null,"retweeted_status":{"created_at":"Mon Jan 07 18:34:43 +0000 2019","id":1082344798537871400,"id_str":"1082344798537871361","text":"Esse fato que o @startupdareal traz é assustador e reconfortante, como todo o texto: https://t.co/Sl2RwZr3cz https://t.co/O7UIDrgl1R","display_text_range":[0,108],"source":"<a href=\"http://twitter.com/download/android\" rel=\"nofollow\">Twitter for Android</a>","truncated":false,"in_reply_to_status_id":null,"in_reply_to_status_id_str":null,"in_reply_to_user_id":null,"in_reply_to_user_id_str":null,"in_reply_to_screen_name":null,"user":{"id":98255810,"id_str":"98255810","name":"Rodrigo Monteiro","screen_name":"rd_monteiro","location":"Praia Grande, Brasil","url":null,"description":"Twitteiro Semi Profissional | Estrategista de Conteúdo | Fundador da @mr42_","translator_type":"none","protected":false,"verified":false,"followers_count":403,"friends_count":379,"listed_count":14,"favourites_count":5969,"statuses_count":21840,"created_at":"Mon Dec 21 02:01:46 +0000 2009","utc_offset":null,"time_zone":null,"geo_enabled":true,"lang":"pt","contributors_enabled":false,"is_translator":false,"profile_background_color":"A16710","profile_background_image_url":"http://abs.twimg.com/images/themes/theme17/bg.gif","profile_background_image_url_https":"https://abs.twimg.com/images/themes/theme17/bg.gif","profile_background_tile":false,"profile_link_color":"FF691F","profile_sidebar_border_color":"FFFFFF","profile_sidebar_fill_color":"FFFFFF","profile_text_color":"000000","profile_use_background_image":false,"profile_image_url":"http://pbs.twimg.com/profile_images/831838036572901376/1yWtvdbA_normal.jpg","profile_image_url_https":"https://pbs.twimg.com/profile_images/831838036572901376/1yWtvdbA_normal.jpg","profile_banner_url":"https://pbs.twimg.com/profile_banners/98255810/1348077691","default_profile":false,"default_profile_image":false,"following":null,"follow_request_sent":null,"notifications":null},"geo":null,"coordinates":null,"place":null,"contributors":null,"is_quote_status":false,"quote_count":0,"reply_count":2,"retweet_count":3,"favorite_count":38,"entities":{"hashtags":[],"urls":[{"url":"https://t.co/Sl2RwZr3cz","expanded_url":"https://medium.com/startup-da-real/como-n%C3%A3o-planejar-uma-vida-de-sucesso-3dc8433162be","display_url":"medium.com/startup-da-rea…","indices":[85,108]}],"user_mentions":[{"screen_name":"startupdareal","name":"Startupdareal","id":932675351913926700,"id_str":"932675351913926656","indices":[16,30]}],"symbols":[],"media":[{"id":1082344792753930200,"id_str":"1082344792753930241","indices":[109,132],"media_url":"http://pbs.twimg.com/media/DwVC2sCXgAEVIVU.jpg","media_url_https":"https://pbs.twimg.com/media/DwVC2sCXgAEVIVU.jpg","url":"https://t.co/O7UIDrgl1R","display_url":"pic.twitter.com/O7UIDrgl1R","expanded_url":"https://twitter.com/rd_monteiro/status/1082344798537871361/photo/1","type":"photo","sizes":{"thumb":{"w":150,"h":150,"resize":"crop"},"small":{"w":680,"h":305,"resize":"fit"},"large":{"w":1080,"h":484,"resize":"fit"},"medium":{"w":1080,"h":484,"resize":"fit"}}}]},"extended_entities":{"media":[{"id":1082344792753930200,"id_str":"1082344792753930241","indices":[109,132],"media_url":"http://pbs.twimg.com/media/DwVC2sCXgAEVIVU.jpg","media_url_https":"https://pbs.twimg.com/media/DwVC2sCXgAEVIVU.jpg","url":"https://t.co/O7UIDrgl1R","display_url":"pic.twitter.com/O7UIDrgl1R","expanded_url":"https://twitter.com/rd_monteiro/status/1082344798537871361/photo/1","type":"photo","sizes":{"thumb":{"w":150,"h":150,"resize":"crop"},"small":{"w":680,"h":305,"resize":"fit"},"large":{"w":1080,"h":484,"resize":"fit"},"medium":{"w":1080,"h":484,"resize":"fit"}}}]},"favorited":false,"retweeted":false,"possibly_sensitive":false,"filter_level":"low","lang":"pt"},"is_quote_status":false,"quote_count":0,"reply_count":0,"retweet_count":0,"favorite_count":0,"entities":{"hashtags":[],"urls":[{"url":"https://t.co/Sl2RwZr3cz","expanded_url":"https://medium.com/startup-da-real/como-n%C3%A3o-planejar-uma-vida-de-sucesso-3dc8433162be","display_url":"medium.com/startup-da-rea…","indices":[102,125]}],"user_mentions":[{"screen_name":"rd_monteiro","name":"Rodrigo Monteiro","id":98255810,"id_str":"98255810","indices":[3,15]},{"screen_name":"startupdareal","name":"Startupdareal","id":932675351913926700,"id_str":"932675351913926656","indices":[33,47]}],"symbols":[]},"favorited":false,"retweeted":false,"possibly_sensitive":false,"filter_level":"low","lang":"pt","matching_rules":[{"tag":null}]}