{"created_at":"Tue Jan 08 21:11:45 +0000 2019","id":1082746706175975400,"id_str":"1082746706175975425","text":"RT @limavits: @startupdareal\nMELHOR PERFIL\nDeu até curiosidade de poder seguir no perfil pessoal que diz ser ainda mais crítico e firme htt…","source":"<a href=\"http://twitter.com\" rel=\"nofollow\">Twitter Web Client</a>","truncated":false,"in_reply_to_status_id":null,"in_reply_to_status_id_str":null,"in_reply_to_user_id":null,"in_reply_to_user_id_str":null,"in_reply_to_screen_name":null,"user":{"id":932675351913926700,"id_str":"932675351913926656","name":"Startupdareal","screen_name":"startupdareal","location":"San Francisco, CA","url":"https://medium.com/startup-da-real","description":"#1 lugar livro de empreendedorismo mais vendido na Amazon, com \"Este livro não vai te deixar rico\"","translator_type":"none","protected":false,"verified":false,"followers_count":25736,"friends_count":176,"listed_count":112,"favourites_count":20411,"statuses_count":17948,"created_at":"Mon Nov 20 18:21:46 +0000 2017","utc_offset":null,"time_zone":null,"geo_enabled":true,"lang":"en","contributors_enabled":false,"is_translator":false,"profile_background_color":"000000","profile_background_image_url":"http://abs.twimg.com/images/themes/theme1/bg.png","profile_background_image_url_https":"https://abs.twimg.com/images/themes/theme1/bg.png","profile_background_tile":false,"profile_link_color":"FAB81E","profile_sidebar_border_color":"000000","profile_sidebar_fill_color":"000000","profile_text_color":"000000","profile_use_background_image":false,"profile_image_url":"http://pbs.twimg.com/profile_images/932680310336180226/PXZJpu93_normal.jpg","profile_image_url_https":"https://pbs.twimg.com/profile_images/932680310336180226/PXZJpu93_normal.jpg","profile_banner_url":"https://pbs.twimg.com/profile_banners/932675351913926656/1511203272","default_profile":false,"default_profile_image":false,"following":null,"follow_request_sent":null,"notifications":null},"geo":null,"coordinates":null,"place":null,"contributors":null,"retweeted_status":{"created_at":"Tue Jan 08 21:11:01 +0000 2019","id":1082746521387520000,"id_str":"1082746521387520001","text":"@startupdareal\nMELHOR PERFIL\nDeu até curiosidade de poder seguir no perfil pessoal que diz ser ainda mais crítico e… https://t.co/CEakObhEL9","display_text_range":[0,140],"source":"<a href=\"http://twitter.com/download/android\" rel=\"nofollow\">Twitter for Android</a>","truncated":true,"in_reply_to_status_id":null,"in_reply_to_status_id_str":null,"in_reply_to_user_id":932675351913926700,"in_reply_to_user_id_str":"932675351913926656","in_reply_to_screen_name":"startupdareal","user":{"id":767808469827190800,"id_str":"767808469827190784","name":"vi que","screen_name":"limavits","location":"Belo Horizonte, Brasil","url":"http://Instagram.com/limavits","description":"você não é tão bom assim, é um fracassado; @elderbl9 de ppk","translator_type":"none","protected":false,"verified":false,"followers_count":173,"friends_count":289,"listed_count":0,"favourites_count":14024,"statuses_count":10444,"created_at":"Mon Aug 22 19:39:39 +0000 2016","utc_offset":null,"time_zone":null,"geo_enabled":true,"lang":"pt","contributors_enabled":false,"is_translator":false,"profile_background_color":"F5F8FA","profile_background_image_url":"","profile_background_image_url_https":"","profile_background_tile":false,"profile_link_color":"1DA1F2","profile_sidebar_border_color":"C0DEED","profile_sidebar_fill_color":"DDEEF6","profile_text_color":"333333","profile_use_background_image":true,"profile_image_url":"http://pbs.twimg.com/profile_images/1092615886006087680/tE4FXXpU_normal.jpg","profile_image_url_https":"https://pbs.twimg.com/profile_images/1092615886006087680/tE4FXXpU_normal.jpg","profile_banner_url":"https://pbs.twimg.com/profile_banners/767808469827190784/1548813051","default_profile":true,"default_profile_image":false,"following":null,"follow_request_sent":null,"notifications":null},"geo":null,"coordinates":null,"place":{"id":"46bda2f68abcc7d2","url":"https://api.twitter.com/1.1/geo/id/46bda2f68abcc7d2.json","place_type":"city","name":"Contagem","full_name":"Contagem, Brasil","country_code":"BR","country":"Brazil","bounding_box":{"type":"Polygon","coordinates":[[[-44.162658,-19.983614],[-44.162658,-19.798724],[-44.005055,-19.798724],[-44.005055,-19.983614]]]},"attributes":{}},"contributors":null,"is_quote_status":false,"extended_tweet":{"full_text":"@startupdareal\nMELHOR PERFIL\nDeu até curiosidade de poder seguir no perfil pessoal que diz ser ainda mais crítico e firme https://t.co/0TuMbwjpgc","display_text_range":[0,121],"entities":{"hashtags":[],"urls":[],"user_mentions":[{"screen_name":"startupdareal","name":"Startupdareal","id":932675351913926700,"id_str":"932675351913926656","indices":[0,14]}],"symbols":[],"media":[{"id":1082746505692356600,"id_str":"1082746505692356608","indices":[122,145],"media_url":"http://pbs.twimg.com/media/DwawNdWWoAAMGvN.jpg","media_url_https":"https://pbs.twimg.com/media/DwawNdWWoAAMGvN.jpg","url":"https://t.co/0TuMbwjpgc","display_url":"pic.twitter.com/0TuMbwjpgc","expanded_url":"https://twitter.com/limavits/status/1082746521387520001/photo/1","type":"photo","sizes":{"thumb":{"w":150,"h":150,"resize":"crop"},"medium":{"w":675,"h":1200,"resize":"fit"},"small":{"w":383,"h":680,"resize":"fit"},"large":{"w":1080,"h":1920,"resize":"fit"}}}]},"extended_entities":{"media":[{"id":1082746505692356600,"id_str":"1082746505692356608","indices":[122,145],"media_url":"http://pbs.twimg.com/media/DwawNdWWoAAMGvN.jpg","media_url_https":"https://pbs.twimg.com/media/DwawNdWWoAAMGvN.jpg","url":"https://t.co/0TuMbwjpgc","display_url":"pic.twitter.com/0TuMbwjpgc","expanded_url":"https://twitter.com/limavits/status/1082746521387520001/photo/1","type":"photo","sizes":{"thumb":{"w":150,"h":150,"resize":"crop"},"medium":{"w":675,"h":1200,"resize":"fit"},"small":{"w":383,"h":680,"resize":"fit"},"large":{"w":1080,"h":1920,"resize":"fit"}}}]}},"quote_count":0,"reply_count":1,"retweet_count":1,"favorite_count":13,"entities":{"hashtags":[],"urls":[{"url":"https://t.co/CEakObhEL9","expanded_url":"https://twitter.com/i/web/status/1082746521387520001","display_url":"twitter.com/i/web/status/1…","indices":[117,140]}],"user_mentions":[{"screen_name":"startupdareal","name":"Startupdareal","id":932675351913926700,"id_str":"932675351913926656","indices":[0,14]}],"symbols":[]},"favorited":false,"retweeted":false,"possibly_sensitive":false,"filter_level":"low","lang":"pt"},"is_quote_status":false,"quote_count":0,"reply_count":0,"retweet_count":0,"favorite_count":0,"entities":{"hashtags":[],"urls":[],"user_mentions":[{"screen_name":"limavits","name":"vi que","id":767808469827190800,"id_str":"767808469827190784","indices":[3,12]},{"screen_name":"startupdareal","name":"Startupdareal","id":932675351913926700,"id_str":"932675351913926656","indices":[14,28]}],"symbols":[]},"favorited":false,"retweeted":false,"filter_level":"low","lang":"pt","matching_rules":[{"tag":null}]}