{"created_at":"Tue Jan 08 17:52:56 +0000 2019","id":1082696671606259700,"id_str":"1082696671606259718","text":"RT @caioloup: Perfeito, como tudo do @startupdareal\n\nComo não planejar uma vida de sucesso by Startup da Real https://t.co/pNzNrYIG0h","source":"<a href=\"http://twitter.com\" rel=\"nofollow\">Twitter Web Client</a>","truncated":false,"in_reply_to_status_id":null,"in_reply_to_status_id_str":null,"in_reply_to_user_id":null,"in_reply_to_user_id_str":null,"in_reply_to_screen_name":null,"user":{"id":932675351913926700,"id_str":"932675351913926656","name":"Startupdareal","screen_name":"startupdareal","location":"San Francisco, CA","url":"https://medium.com/startup-da-real","description":"#1 lugar livro de empreendedorismo mais vendido na Amazon, com \"Este livro não vai te deixar rico\"","translator_type":"none","protected":false,"verified":false,"followers_count":25736,"friends_count":176,"listed_count":112,"favourites_count":20411,"statuses_count":17948,"created_at":"Mon Nov 20 18:21:46 +0000 2017","utc_offset":null,"time_zone":null,"geo_enabled":true,"lang":"en","contributors_enabled":false,"is_translator":false,"profile_background_color":"000000","profile_background_image_url":"http://abs.twimg.com/images/themes/theme1/bg.png","profile_background_image_url_https":"https://abs.twimg.com/images/themes/theme1/bg.png","profile_background_tile":false,"profile_link_color":"FAB81E","profile_sidebar_border_color":"000000","profile_sidebar_fill_color":"000000","profile_text_color":"000000","profile_use_background_image":false,"profile_image_url":"http://pbs.twimg.com/profile_images/932680310336180226/PXZJpu93_normal.jpg","profile_image_url_https":"https://pbs.twimg.com/profile_images/932680310336180226/PXZJpu93_normal.jpg","profile_banner_url":"https://pbs.twimg.com/profile_banners/932675351913926656/1511203272","default_profile":false,"default_profile_image":false,"following":null,"follow_request_sent":null,"notifications":null},"geo":null,"coordinates":null,"place":null,"contributors":null,"retweeted_status":{"created_at":"Tue Jan 08 17:51:29 +0000 2019","id":1082696305510617100,"id_str":"1082696305510617089","text":"Perfeito, como tudo do @startupdareal\n\nComo não planejar uma vida de sucesso by Startup da Real https://t.co/pNzNrYIG0h","source":"<a href=\"http://twitter.com\" rel=\"nofollow\">Twitter Web Client</a>","truncated":false,"in_reply_to_status_id":null,"in_reply_to_status_id_str":null,"in_reply_to_user_id":null,"in_reply_to_user_id_str":null,"in_reply_to_screen_name":null,"user":{"id":4046431235,"id_str":"4046431235","name":"caio","screen_name":"caioloup","location":"Deathworld","url":null,"description":"black metal jazzist.","translator_type":"none","protected":false,"verified":false,"followers_count":1089,"friends_count":918,"listed_count":6,"favourites_count":58215,"statuses_count":45565,"created_at":"Mon Oct 26 13:29:46 +0000 2015","utc_offset":null,"time_zone":null,"geo_enabled":true,"lang":"pt","contributors_enabled":false,"is_translator":false,"profile_background_color":"000000","profile_background_image_url":"http://abs.twimg.com/images/themes/theme1/bg.png","profile_background_image_url_https":"https://abs.twimg.com/images/themes/theme1/bg.png","profile_background_tile":false,"profile_link_color":"E81C4F","profile_sidebar_border_color":"000000","profile_sidebar_fill_color":"000000","profile_text_color":"000000","profile_use_background_image":false,"profile_image_url":"http://pbs.twimg.com/profile_images/1090681751628853249/M4ID8bG9_normal.jpg","profile_image_url_https":"https://pbs.twimg.com/profile_images/1090681751628853249/M4ID8bG9_normal.jpg","profile_banner_url":"https://pbs.twimg.com/profile_banners/4046431235/1509675834","default_profile":false,"default_profile_image":false,"following":null,"follow_request_sent":null,"notifications":null},"geo":null,"coordinates":null,"place":null,"contributors":null,"is_quote_status":false,"quote_count":0,"reply_count":0,"retweet_count":2,"favorite_count":11,"entities":{"hashtags":[],"urls":[{"url":"https://t.co/pNzNrYIG0h","expanded_url":"https://link.medium.com/maJEa1ZEjT","display_url":"link.medium.com/maJEa1ZEjT","indices":[96,119]}],"user_mentions":[{"screen_name":"startupdareal","name":"Startupdareal","id":932675351913926700,"id_str":"932675351913926656","indices":[23,37]}],"symbols":[]},"favorited":false,"retweeted":false,"possibly_sensitive":false,"filter_level":"low","lang":"pt"},"is_quote_status":false,"quote_count":0,"reply_count":0,"retweet_count":0,"favorite_count":0,"entities":{"hashtags":[],"urls":[{"url":"https://t.co/pNzNrYIG0h","expanded_url":"https://link.medium.com/maJEa1ZEjT","display_url":"link.medium.com/maJEa1ZEjT","indices":[110,133]}],"user_mentions":[{"screen_name":"caioloup","name":"caio","id":4046431235,"id_str":"4046431235","indices":[3,12]},{"screen_name":"startupdareal","name":"Startupdareal","id":932675351913926700,"id_str":"932675351913926656","indices":[37,51]}],"symbols":[]},"favorited":false,"retweeted":false,"possibly_sensitive":false,"filter_level":"low","lang":"pt","matching_rules":[{"tag":null}]}