{"created_at":"Mon Jan 07 12:43:25 +0000 2019","id":1082256391258234900,"id_str":"1082256391258234880","text":"Leiam isso https://t.co/izbZsQTu6r","display_text_range":[0,10],"source":"<a href=\"http://twitter.com/download/iphone\" rel=\"nofollow\">Twitter for iPhone</a>","truncated":false,"in_reply_to_status_id":null,"in_reply_to_status_id_str":null,"in_reply_to_user_id":null,"in_reply_to_user_id_str":null,"in_reply_to_screen_name":null,"user":{"id":932675351913926700,"id_str":"932675351913926656","name":"Startupdareal","screen_name":"startupdareal","location":"San Francisco, CA","url":"https://medium.com/startup-da-real","description":"#1 lugar livro de empreendedorismo mais vendido na Amazon, com \"Este livro não vai te deixar rico\"","translator_type":"none","protected":false,"verified":false,"followers_count":25736,"friends_count":176,"listed_count":112,"favourites_count":20411,"statuses_count":17948,"created_at":"Mon Nov 20 18:21:46 +0000 2017","utc_offset":null,"time_zone":null,"geo_enabled":true,"lang":"en","contributors_enabled":false,"is_translator":false,"profile_background_color":"000000","profile_background_image_url":"http://abs.twimg.com/images/themes/theme1/bg.png","profile_background_image_url_https":"https://abs.twimg.com/images/themes/theme1/bg.png","profile_background_tile":false,"profile_link_color":"FAB81E","profile_sidebar_border_color":"000000","profile_sidebar_fill_color":"000000","profile_text_color":"000000","profile_use_background_image":false,"profile_image_url":"http://pbs.twimg.com/profile_images/932680310336180226/PXZJpu93_normal.jpg","profile_image_url_https":"https://pbs.twimg.com/profile_images/932680310336180226/PXZJpu93_normal.jpg","profile_banner_url":"https://pbs.twimg.com/profile_banners/932675351913926656/1511203272","default_profile":false,"default_profile_image":false,"following":null,"follow_request_sent":null,"notifications":null},"geo":null,"coordinates":null,"place":null,"contributors":null,"quoted_status_id":1082063513961533400,"quoted_status_id_str":"1082063513961533440","quoted_status":{"created_at":"Sun Jan 06 23:57:00 +0000 2019","id":1082063513961533400,"id_str":"1082063513961533440","text":"Let me give the most concentrated lecture about statistics/Data Science.\n\nStatistics is about avoiding the mistake… https://t.co/L0UJ0gDGKe","display_text_range":[0,140],"source":"<a href=\"http://twitter.com\" rel=\"nofollow\">Twitter Web Client</a>","truncated":true,"in_reply_to_status_id":null,"in_reply_to_status_id_str":null,"in_reply_to_user_id":null,"in_reply_to_user_id_str":null,"in_reply_to_screen_name":null,"user":{"id":381289719,"id_str":"381289719","name":"Nassim Nicholas Taleb","screen_name":"nntaleb","location":null,"url":"http://www.realworldrisk.com","description":"Flaneur: focus on probability (philosophy), probability (mathematics), probability (logic),probability (reallife), deadlifts, Phoenician wine, dead languages.","translator_type":"none","protected":false,"verified":true,"followers_count":348085,"friends_count":864,"listed_count":6069,"favourites_count":30371,"statuses_count":17058,"created_at":"Wed Sep 28 02:19:07 +0000 2011","utc_offset":null,"time_zone":null,"geo_enabled":true,"lang":"en","contributors_enabled":false,"is_translator":false,"profile_background_color":"C0DEED","profile_background_image_url":"http://abs.twimg.com/images/themes/theme1/bg.png","profile_background_image_url_https":"https://abs.twimg.com/images/themes/theme1/bg.png","profile_background_tile":false,"profile_link_color":"0084B4","profile_sidebar_border_color":"FFFFFF","profile_sidebar_fill_color":"DDEEF6","profile_text_color":"333333","profile_use_background_image":false,"profile_image_url":"http://pbs.twimg.com/profile_images/764806062545436672/chnF2k5l_normal.jpg","profile_image_url_https":"https://pbs.twimg.com/profile_images/764806062545436672/chnF2k5l_normal.jpg","profile_banner_url":"https://pbs.twimg.com/profile_banners/381289719/1402489958","default_profile":false,"default_profile_image":false,"following":null,"follow_request_sent":null,"notifications":null},"geo":null,"coordinates":null,"place":null,"contributors":null,"is_quote_status":false,"extended_tweet":{"full_text":"Let me give the most concentrated lecture about statistics/Data Science.\n\nStatistics is about avoiding the mistake below. The rest is (more or less complicated) footnotes. https://t.co/xLYPE6pcAf","display_text_range":[0,171],"entities":{"hashtags":[],"urls":[],"user_mentions":[],"symbols":[],"media":[{"id":1082062802741850100,"id_str":"1082062802741850118","indices":[172,195],"media_url":"http://pbs.twimg.com/media/DwRCYtYXcAYAPgU.jpg","media_url_https":"https://pbs.twimg.com/media/DwRCYtYXcAYAPgU.jpg","url":"https://t.co/xLYPE6pcAf","display_url":"pic.twitter.com/xLYPE6pcAf","expanded_url":"https://twitter.com/nntaleb/status/1082063513961533440/photo/1","type":"photo","sizes":{"thumb":{"w":150,"h":150,"resize":"crop"},"small":{"w":680,"h":322,"resize":"fit"},"large":{"w":1938,"h":918,"resize":"fit"},"medium":{"w":1200,"h":568,"resize":"fit"}}}]},"extended_entities":{"media":[{"id":1082062802741850100,"id_str":"1082062802741850118","indices":[172,195],"media_url":"http://pbs.twimg.com/media/DwRCYtYXcAYAPgU.jpg","media_url_https":"https://pbs.twimg.com/media/DwRCYtYXcAYAPgU.jpg","url":"https://t.co/xLYPE6pcAf","display_url":"pic.twitter.com/xLYPE6pcAf","expanded_url":"https://twitter.com/nntaleb/status/1082063513961533440/photo/1","type":"photo","sizes":{"thumb":{"w":150,"h":150,"resize":"crop"},"small":{"w":680,"h":322,"resize":"fit"},"large":{"w":1938,"h":918,"resize":"fit"},"medium":{"w":1200,"h":568,"resize":"fit"}}}]}},"quote_count":0,"reply_count":126,"retweet_count":1258,"favorite_count":3605,"entities":{"hashtags":[],"urls":[{"url":"https://t.co/L0UJ0gDGKe","expanded_url":"https://twitter.com/i/web/status/1082063513961533440","display_url":"twitter.com/i/web/status/1…","indices":[116,139]}],"user_mentions":[],"symbols":[]},"favorited":false,"retweeted":false,"possibly_sensitive":false,"filter_level":"low","lang":"en"},"quoted_status_permalink":{"url":"https://t.co/izbZsQTu6r","expanded":"https://twitter.com/nntaleb/status/1082063513961533440","display":"twitter.com/nntaleb/status…"},"is_quote_status":true,"quote_count":0,"reply_count":5,"retweet_count":1,"favorite_count":31,"entities":{"hashtags":[],"urls":[{"url":"https://t.co/izbZsQTu6r","expanded_url":"https://twitter.com/nntaleb/status/1082063513961533440","display_url":"twitter.com/nntaleb/status…","indices":[11,34]}],"user_mentions":[],"symbols":[]},"favorited":false,"retweeted":false,"possibly_sensitive":false,"filter_level":"low","lang":"pt","matching_rules":[{"tag":null}]}