{"created_at":"Tue Jan 08 03:48:35 +0000 2019","id":1082484181165396000,"id_str":"1082484181165395969","text":"RT @gabriel_tva: Ótimo artigo do @startupdareal sobre empreendedorismo! https://t.co/lU8ivUnzyK","source":"<a href=\"http://twitter.com\" rel=\"nofollow\">Twitter Web Client</a>","truncated":false,"in_reply_to_status_id":null,"in_reply_to_status_id_str":null,"in_reply_to_user_id":null,"in_reply_to_user_id_str":null,"in_reply_to_screen_name":null,"user":{"id":932675351913926700,"id_str":"932675351913926656","name":"Startupdareal","screen_name":"startupdareal","location":"San Francisco, CA","url":"https://medium.com/startup-da-real","description":"#1 lugar livro de empreendedorismo mais vendido na Amazon, com \"Este livro não vai te deixar rico\"","translator_type":"none","protected":false,"verified":false,"followers_count":25736,"friends_count":176,"listed_count":112,"favourites_count":20411,"statuses_count":17948,"created_at":"Mon Nov 20 18:21:46 +0000 2017","utc_offset":null,"time_zone":null,"geo_enabled":true,"lang":"en","contributors_enabled":false,"is_translator":false,"profile_background_color":"000000","profile_background_image_url":"http://abs.twimg.com/images/themes/theme1/bg.png","profile_background_image_url_https":"https://abs.twimg.com/images/themes/theme1/bg.png","profile_background_tile":false,"profile_link_color":"FAB81E","profile_sidebar_border_color":"000000","profile_sidebar_fill_color":"000000","profile_text_color":"000000","profile_use_background_image":false,"profile_image_url":"http://pbs.twimg.com/profile_images/932680310336180226/PXZJpu93_normal.jpg","profile_image_url_https":"https://pbs.twimg.com/profile_images/932680310336180226/PXZJpu93_normal.jpg","profile_banner_url":"https://pbs.twimg.com/profile_banners/932675351913926656/1511203272","default_profile":false,"default_profile_image":false,"following":null,"follow_request_sent":null,"notifications":null},"geo":null,"coordinates":null,"place":null,"contributors":null,"retweeted_status":{"created_at":"Tue Jan 08 03:44:33 +0000 2019","id":1082483168521973800,"id_str":"1082483168521973760","text":"Ótimo artigo do @startupdareal sobre empreendedorismo! https://t.co/lU8ivUnzyK","source":"<a href=\"http://twitter.com/download/iphone\" rel=\"nofollow\">Twitter for iPhone</a>","truncated":false,"in_reply_to_status_id":null,"in_reply_to_status_id_str":null,"in_reply_to_user_id":null,"in_reply_to_user_id_str":null,"in_reply_to_screen_name":null,"user":{"id":251116954,"id_str":"251116954","name":"Gabriel Stafoca","screen_name":"gabriel_tva","location":"São Paulo, Brasil","url":"http://www.colossusgamestudio.com","description":"Game developer at Colossus Game Studio.","translator_type":"none","protected":false,"verified":false,"followers_count":109,"friends_count":374,"listed_count":3,"favourites_count":438,"statuses_count":1900,"created_at":"Sat Feb 12 13:36:05 +0000 2011","utc_offset":null,"time_zone":null,"geo_enabled":false,"lang":"pt","contributors_enabled":false,"is_translator":false,"profile_background_color":"9AE4E8","profile_background_image_url":"http://abs.twimg.com/images/themes/theme16/bg.gif","profile_background_image_url_https":"https://abs.twimg.com/images/themes/theme16/bg.gif","profile_background_tile":false,"profile_link_color":"0084B4","profile_sidebar_border_color":"000000","profile_sidebar_fill_color":"DDFFCC","profile_text_color":"333333","profile_use_background_image":true,"profile_image_url":"http://pbs.twimg.com/profile_images/378800000303591563/d2fd3470feec807fd3c518bbed2ec2a9_normal.jpeg","profile_image_url_https":"https://pbs.twimg.com/profile_images/378800000303591563/d2fd3470feec807fd3c518bbed2ec2a9_normal.jpeg","profile_banner_url":"https://pbs.twimg.com/profile_banners/251116954/1519171017","default_profile":false,"default_profile_image":false,"following":null,"follow_request_sent":null,"notifications":null},"geo":null,"coordinates":null,"place":null,"contributors":null,"is_quote_status":false,"quote_count":0,"reply_count":0,"retweet_count":2,"favorite_count":23,"entities":{"hashtags":[],"urls":[{"url":"https://t.co/lU8ivUnzyK","expanded_url":"https://medium.com/startup-da-real/como-n%C3%A3o-planejar-uma-vida-de-sucesso-3dc8433162be","display_url":"medium.com/startup-da-rea…","indices":[55,78]}],"user_mentions":[{"screen_name":"startupdareal","name":"Startupdareal","id":932675351913926700,"id_str":"932675351913926656","indices":[16,30]}],"symbols":[]},"favorited":false,"retweeted":false,"possibly_sensitive":false,"filter_level":"low","lang":"pt"},"is_quote_status":false,"quote_count":0,"reply_count":0,"retweet_count":0,"favorite_count":0,"entities":{"hashtags":[],"urls":[{"url":"https://t.co/lU8ivUnzyK","expanded_url":"https://medium.com/startup-da-real/como-n%C3%A3o-planejar-uma-vida-de-sucesso-3dc8433162be","display_url":"medium.com/startup-da-rea…","indices":[72,95]}],"user_mentions":[{"screen_name":"gabriel_tva","name":"Gabriel Stafoca","id":251116954,"id_str":"251116954","indices":[3,15]},{"screen_name":"startupdareal","name":"Startupdareal","id":932675351913926700,"id_str":"932675351913926656","indices":[33,47]}],"symbols":[]},"favorited":false,"retweeted":false,"possibly_sensitive":false,"filter_level":"low","lang":"pt","matching_rules":[{"tag":null}]}