{"created_at":"Wed Jan 09 02:51:19 +0000 2019","id":1082832158580973600,"id_str":"1082832158580973569","text":"RT @PrincesaDende: @startupdareal Ser um desserviço para o emprendorismo de palco (ou apenas ruim) tem que ser considerado um elogio. \n\nFiq…","source":"<a href=\"http://twitter.com/download/iphone\" rel=\"nofollow\">Twitter for iPhone</a>","truncated":false,"in_reply_to_status_id":null,"in_reply_to_status_id_str":null,"in_reply_to_user_id":null,"in_reply_to_user_id_str":null,"in_reply_to_screen_name":null,"user":{"id":932675351913926700,"id_str":"932675351913926656","name":"Startupdareal","screen_name":"startupdareal","location":"San Francisco, CA","url":"https://medium.com/startup-da-real","description":"#1 lugar livro de empreendedorismo mais vendido na Amazon, com \"Este livro não vai te deixar rico\"","translator_type":"none","protected":false,"verified":false,"followers_count":25736,"friends_count":176,"listed_count":112,"favourites_count":20411,"statuses_count":17948,"created_at":"Mon Nov 20 18:21:46 +0000 2017","utc_offset":null,"time_zone":null,"geo_enabled":true,"lang":"en","contributors_enabled":false,"is_translator":false,"profile_background_color":"000000","profile_background_image_url":"http://abs.twimg.com/images/themes/theme1/bg.png","profile_background_image_url_https":"https://abs.twimg.com/images/themes/theme1/bg.png","profile_background_tile":false,"profile_link_color":"FAB81E","profile_sidebar_border_color":"000000","profile_sidebar_fill_color":"000000","profile_text_color":"000000","profile_use_background_image":false,"profile_image_url":"http://pbs.twimg.com/profile_images/932680310336180226/PXZJpu93_normal.jpg","profile_image_url_https":"https://pbs.twimg.com/profile_images/932680310336180226/PXZJpu93_normal.jpg","profile_banner_url":"https://pbs.twimg.com/profile_banners/932675351913926656/1511203272","default_profile":false,"default_profile_image":false,"following":null,"follow_request_sent":null,"notifications":null},"geo":null,"coordinates":null,"place":null,"contributors":null,"retweeted_status":{"created_at":"Wed Jan 09 02:27:01 +0000 2019","id":1082826042312740900,"id_str":"1082826042312740864","text":"@startupdareal Ser um desserviço para o emprendorismo de palco (ou apenas ruim) tem que ser considerado um elogio.… https://t.co/DnHxYVNXqK","display_text_range":[15,140],"source":"<a href=\"http://twitter.com/download/android\" rel=\"nofollow\">Twitter for Android</a>","truncated":true,"in_reply_to_status_id":1082807811699032000,"in_reply_to_status_id_str":"1082807811699032064","in_reply_to_user_id":932675351913926700,"in_reply_to_user_id_str":"932675351913926656","in_reply_to_screen_name":"startupdareal","user":{"id":76145492,"id_str":"76145492","name":"Nova Lora do Tchan","screen_name":"PrincesaDende","location":"Salvador, Bahia, Brasil","url":"http://calabocatati.tumblr.com","description":"Sαραŧãø | Cαятσσиzєiяα | Dєzαiиєя | Ela","translator_type":"regular","protected":false,"verified":false,"followers_count":454,"friends_count":673,"listed_count":26,"favourites_count":7839,"statuses_count":10155,"created_at":"Mon Sep 21 21:12:10 +0000 2009","utc_offset":null,"time_zone":null,"geo_enabled":true,"lang":"pt","contributors_enabled":false,"is_translator":false,"profile_background_color":"131516","profile_background_image_url":"http://abs.twimg.com/images/themes/theme14/bg.gif","profile_background_image_url_https":"https://abs.twimg.com/images/themes/theme14/bg.gif","profile_background_tile":true,"profile_link_color":"1B95E0","profile_sidebar_border_color":"FFFFFF","profile_sidebar_fill_color":"E3E2DE","profile_text_color":"634047","profile_use_background_image":true,"profile_image_url":"http://pbs.twimg.com/profile_images/1005997498626953217/9dS1jyOc_normal.jpg","profile_image_url_https":"https://pbs.twimg.com/profile_images/1005997498626953217/9dS1jyOc_normal.jpg","profile_banner_url":"https://pbs.twimg.com/profile_banners/76145492/1508800053","default_profile":false,"default_profile_image":false,"following":null,"follow_request_sent":null,"notifications":null},"geo":null,"coordinates":null,"place":null,"contributors":null,"is_quote_status":false,"extended_tweet":{"full_text":"@startupdareal Ser um desserviço para o emprendorismo de palco (ou apenas ruim) tem que ser considerado um elogio. \n\nFique feliz pro saber que vc não contribui pra essa merda se proliferar.","display_text_range":[15,189],"entities":{"hashtags":[],"urls":[],"user_mentions":[{"screen_name":"startupdareal","name":"Startupdareal","id":932675351913926700,"id_str":"932675351913926656","indices":[0,14]}],"symbols":[]}},"quote_count":0,"reply_count":1,"retweet_count":1,"favorite_count":15,"entities":{"hashtags":[],"urls":[{"url":"https://t.co/DnHxYVNXqK","expanded_url":"https://twitter.com/i/web/status/1082826042312740864","display_url":"twitter.com/i/web/status/1…","indices":[116,139]}],"user_mentions":[{"screen_name":"startupdareal","name":"Startupdareal","id":932675351913926700,"id_str":"932675351913926656","indices":[0,14]}],"symbols":[]},"favorited":false,"retweeted":false,"filter_level":"low","lang":"pt"},"is_quote_status":false,"quote_count":0,"reply_count":0,"retweet_count":0,"favorite_count":0,"entities":{"hashtags":[],"urls":[],"user_mentions":[{"screen_name":"PrincesaDende","name":"Nova Lora do Tchan","id":76145492,"id_str":"76145492","indices":[3,17]},{"screen_name":"startupdareal","name":"Startupdareal","id":932675351913926700,"id_str":"932675351913926656","indices":[19,33]}],"symbols":[]},"favorited":false,"retweeted":false,"filter_level":"low","lang":"pt","matching_rules":[{"tag":null}]}