{"created_at":"Mon Jan 07 15:29:43 +0000 2019","id":1082298243235627000,"id_str":"1082298243235627008","text":"RT @marcciet: Não alcançar esses sonhos idealistas não significa que você será menos feliz, pelo contrário, alcançar todos estes sonhos nor…","source":"<a href=\"http://twitter.com/download/iphone\" rel=\"nofollow\">Twitter for iPhone</a>","truncated":false,"in_reply_to_status_id":null,"in_reply_to_status_id_str":null,"in_reply_to_user_id":null,"in_reply_to_user_id_str":null,"in_reply_to_screen_name":null,"user":{"id":932675351913926700,"id_str":"932675351913926656","name":"Startupdareal","screen_name":"startupdareal","location":"San Francisco, CA","url":"https://medium.com/startup-da-real","description":"#1 lugar livro de empreendedorismo mais vendido na Amazon, com \"Este livro não vai te deixar rico\"","translator_type":"none","protected":false,"verified":false,"followers_count":25736,"friends_count":176,"listed_count":112,"favourites_count":20411,"statuses_count":17948,"created_at":"Mon Nov 20 18:21:46 +0000 2017","utc_offset":null,"time_zone":null,"geo_enabled":true,"lang":"en","contributors_enabled":false,"is_translator":false,"profile_background_color":"000000","profile_background_image_url":"http://abs.twimg.com/images/themes/theme1/bg.png","profile_background_image_url_https":"https://abs.twimg.com/images/themes/theme1/bg.png","profile_background_tile":false,"profile_link_color":"FAB81E","profile_sidebar_border_color":"000000","profile_sidebar_fill_color":"000000","profile_text_color":"000000","profile_use_background_image":false,"profile_image_url":"http://pbs.twimg.com/profile_images/932680310336180226/PXZJpu93_normal.jpg","profile_image_url_https":"https://pbs.twimg.com/profile_images/932680310336180226/PXZJpu93_normal.jpg","profile_banner_url":"https://pbs.twimg.com/profile_banners/932675351913926656/1511203272","default_profile":false,"default_profile_image":false,"following":null,"follow_request_sent":null,"notifications":null},"geo":null,"coordinates":null,"place":null,"contributors":null,"retweeted_status":{"created_at":"Mon Jan 07 15:22:17 +0000 2019","id":1082296372039245800,"id_str":"1082296372039245824","text":"Não alcançar esses sonhos idealistas não significa que você será menos feliz, pelo contrário, alcançar todos estes… https://t.co/B6Rqm70OIO","source":"<a href=\"http://twitter.com\" rel=\"nofollow\">Twitter Web Client</a>","truncated":true,"in_reply_to_status_id":null,"in_reply_to_status_id_str":null,"in_reply_to_user_id":null,"in_reply_to_user_id_str":null,"in_reply_to_screen_name":null,"user":{"id":455131195,"id_str":"455131195","name":"Marcela","screen_name":"marcciet","location":"São José dos Campos, Brasil","url":null,"description":null,"translator_type":"regular","protected":false,"verified":false,"followers_count":511,"friends_count":308,"listed_count":6,"favourites_count":422,"statuses_count":11097,"created_at":"Wed Jan 04 19:29:53 +0000 2012","utc_offset":null,"time_zone":null,"geo_enabled":false,"lang":"pt","contributors_enabled":false,"is_translator":false,"profile_background_color":"000000","profile_background_image_url":"http://abs.twimg.com/images/themes/theme14/bg.gif","profile_background_image_url_https":"https://abs.twimg.com/images/themes/theme14/bg.gif","profile_background_tile":true,"profile_link_color":"F58EA8","profile_sidebar_border_color":"000000","profile_sidebar_fill_color":"EFEFEF","profile_text_color":"333333","profile_use_background_image":false,"profile_image_url":"http://pbs.twimg.com/profile_images/1027504945971507200/AQRcAEfC_normal.jpg","profile_image_url_https":"https://pbs.twimg.com/profile_images/1027504945971507200/AQRcAEfC_normal.jpg","default_profile":false,"default_profile_image":false,"following":null,"follow_request_sent":null,"notifications":null},"geo":null,"coordinates":null,"place":null,"contributors":null,"is_quote_status":false,"extended_tweet":{"full_text":"Não alcançar esses sonhos idealistas não significa que você será menos feliz, pelo contrário, alcançar todos estes sonhos normalmente não te deixará mais feliz. | https://t.co/JegsZQBmN8\n\nvia @startupdareal","display_text_range":[0,206],"entities":{"hashtags":[],"urls":[{"url":"https://t.co/JegsZQBmN8","expanded_url":"https://link.medium.com/FzJONEsPhT","display_url":"link.medium.com/FzJONEsPhT","indices":[163,186]}],"user_mentions":[{"screen_name":"startupdareal","name":"Startupdareal","id":932675351913926700,"id_str":"932675351913926656","indices":[192,206]}],"symbols":[]}},"quote_count":0,"reply_count":0,"retweet_count":4,"favorite_count":12,"entities":{"hashtags":[],"urls":[{"url":"https://t.co/B6Rqm70OIO","expanded_url":"https://twitter.com/i/web/status/1082296372039245824","display_url":"twitter.com/i/web/status/1…","indices":[116,139]}],"user_mentions":[],"symbols":[]},"favorited":false,"retweeted":false,"possibly_sensitive":false,"filter_level":"low","lang":"pt"},"is_quote_status":false,"quote_count":0,"reply_count":0,"retweet_count":0,"favorite_count":0,"entities":{"hashtags":[],"urls":[],"user_mentions":[{"screen_name":"marcciet","name":"Marcela","id":455131195,"id_str":"455131195","indices":[3,12]}],"symbols":[]},"favorited":false,"retweeted":false,"filter_level":"low","lang":"pt","matching_rules":[{"tag":null}]}