{"created_at":"Wed Jan 09 11:09:36 +0000 2019","id":1082957557466128400,"id_str":"1082957557466128384","text":"Tudo maquiagem https://t.co/93gHYyiO6M","display_text_range":[0,14],"source":"<a href=\"http://twitter.com/download/iphone\" rel=\"nofollow\">Twitter for iPhone</a>","truncated":false,"in_reply_to_status_id":null,"in_reply_to_status_id_str":null,"in_reply_to_user_id":null,"in_reply_to_user_id_str":null,"in_reply_to_screen_name":null,"user":{"id":932675351913926700,"id_str":"932675351913926656","name":"Startupdareal","screen_name":"startupdareal","location":"San Francisco, CA","url":"https://medium.com/startup-da-real","description":"#1 lugar livro de empreendedorismo mais vendido na Amazon, com \"Este livro não vai te deixar rico\"","translator_type":"none","protected":false,"verified":false,"followers_count":25736,"friends_count":176,"listed_count":112,"favourites_count":20411,"statuses_count":17948,"created_at":"Mon Nov 20 18:21:46 +0000 2017","utc_offset":null,"time_zone":null,"geo_enabled":true,"lang":"en","contributors_enabled":false,"is_translator":false,"profile_background_color":"000000","profile_background_image_url":"http://abs.twimg.com/images/themes/theme1/bg.png","profile_background_image_url_https":"https://abs.twimg.com/images/themes/theme1/bg.png","profile_background_tile":false,"profile_link_color":"FAB81E","profile_sidebar_border_color":"000000","profile_sidebar_fill_color":"000000","profile_text_color":"000000","profile_use_background_image":false,"profile_image_url":"http://pbs.twimg.com/profile_images/932680310336180226/PXZJpu93_normal.jpg","profile_image_url_https":"https://pbs.twimg.com/profile_images/932680310336180226/PXZJpu93_normal.jpg","profile_banner_url":"https://pbs.twimg.com/profile_banners/932675351913926656/1511203272","default_profile":false,"default_profile_image":false,"following":null,"follow_request_sent":null,"notifications":null},"geo":null,"coordinates":null,"place":null,"contributors":null,"quoted_status_id":1082944454825250800,"quoted_status_id_str":"1082944454825250816","quoted_status":{"created_at":"Wed Jan 09 10:17:32 +0000 2019","id":1082944454825250800,"id_str":"1082944454825250816","text":"Pra mim essas listas de melhores lugares para se trabalhar é uma piada!\n@startupdareal qual sua opinião?","source":"<a href=\"http://twitter.com/download/android\" rel=\"nofollow\">Twitter for Android</a>","truncated":false,"in_reply_to_status_id":null,"in_reply_to_status_id_str":null,"in_reply_to_user_id":null,"in_reply_to_user_id_str":null,"in_reply_to_screen_name":null,"user":{"id":113364687,"id_str":"113364687","name":"Haaaaaaaave you met Denis?","screen_name":"denispiaia","location":"Campinas/SP","url":null,"description":"Designer no maior FoodTech da América latina, pai da Catarina,  Local Leader do IxDA Campinas e ex viciado em futebol.","translator_type":"none","protected":false,"verified":false,"followers_count":383,"friends_count":216,"listed_count":9,"favourites_count":1246,"statuses_count":9439,"created_at":"Thu Feb 11 14:37:58 +0000 2010","utc_offset":null,"time_zone":null,"geo_enabled":true,"lang":"pt","contributors_enabled":false,"is_translator":false,"profile_background_color":"000000","profile_background_image_url":"http://abs.twimg.com/images/themes/theme15/bg.png","profile_background_image_url_https":"https://abs.twimg.com/images/themes/theme15/bg.png","profile_background_tile":false,"profile_link_color":"ABB8C2","profile_sidebar_border_color":"000000","profile_sidebar_fill_color":"000000","profile_text_color":"000000","profile_use_background_image":false,"profile_image_url":"http://pbs.twimg.com/profile_images/1070044069777326081/IdjMm2mp_normal.jpg","profile_image_url_https":"https://pbs.twimg.com/profile_images/1070044069777326081/IdjMm2mp_normal.jpg","profile_banner_url":"https://pbs.twimg.com/profile_banners/113364687/1543953340","default_profile":false,"default_profile_image":false,"following":null,"follow_request_sent":null,"notifications":null},"geo":null,"coordinates":null,"place":null,"contributors":null,"is_quote_status":false,"quote_count":0,"reply_count":0,"retweet_count":0,"favorite_count":1,"entities":{"hashtags":[],"urls":[],"user_mentions":[{"screen_name":"startupdareal","name":"Startupdareal","id":932675351913926700,"id_str":"932675351913926656","indices":[72,86]}],"symbols":[]},"favorited":false,"retweeted":false,"filter_level":"low","lang":"pt"},"quoted_status_permalink":{"url":"https://t.co/93gHYyiO6M","expanded":"https://twitter.com/denispiaia/status/1082944454825250816","display":"twitter.com/denispiaia/sta…"},"is_quote_status":true,"quote_count":0,"reply_count":8,"retweet_count":2,"favorite_count":27,"entities":{"hashtags":[],"urls":[{"url":"https://t.co/93gHYyiO6M","expanded_url":"https://twitter.com/denispiaia/status/1082944454825250816","display_url":"twitter.com/denispiaia/sta…","indices":[15,38]}],"user_mentions":[],"symbols":[]},"favorited":false,"retweeted":false,"possibly_sensitive":false,"filter_level":"low","lang":"pt","matching_rules":[{"tag":null}]}