{"created_at":"Tue Jan 08 20:26:38 +0000 2019","id":1082735348768301000,"id_str":"1082735348768301059","text":"RT @equivocossauro: @startupdareal Nesse pensamento, o sujeito vai perder toda a obra de Lynch, Cronenberg, Kubrick e Kurosawa. Por isso o…","source":"<a href=\"http://twitter.com\" rel=\"nofollow\">Twitter Web Client</a>","truncated":false,"in_reply_to_status_id":null,"in_reply_to_status_id_str":null,"in_reply_to_user_id":null,"in_reply_to_user_id_str":null,"in_reply_to_screen_name":null,"user":{"id":932675351913926700,"id_str":"932675351913926656","name":"Startupdareal","screen_name":"startupdareal","location":"San Francisco, CA","url":"https://medium.com/startup-da-real","description":"#1 lugar livro de empreendedorismo mais vendido na Amazon, com \"Este livro não vai te deixar rico\"","translator_type":"none","protected":false,"verified":false,"followers_count":25736,"friends_count":176,"listed_count":112,"favourites_count":20411,"statuses_count":17948,"created_at":"Mon Nov 20 18:21:46 +0000 2017","utc_offset":null,"time_zone":null,"geo_enabled":true,"lang":"en","contributors_enabled":false,"is_translator":false,"profile_background_color":"000000","profile_background_image_url":"http://abs.twimg.com/images/themes/theme1/bg.png","profile_background_image_url_https":"https://abs.twimg.com/images/themes/theme1/bg.png","profile_background_tile":false,"profile_link_color":"FAB81E","profile_sidebar_border_color":"000000","profile_sidebar_fill_color":"000000","profile_text_color":"000000","profile_use_background_image":false,"profile_image_url":"http://pbs.twimg.com/profile_images/932680310336180226/PXZJpu93_normal.jpg","profile_image_url_https":"https://pbs.twimg.com/profile_images/932680310336180226/PXZJpu93_normal.jpg","profile_banner_url":"https://pbs.twimg.com/profile_banners/932675351913926656/1511203272","default_profile":false,"default_profile_image":false,"following":null,"follow_request_sent":null,"notifications":null},"geo":null,"coordinates":null,"place":null,"contributors":null,"retweeted_status":{"created_at":"Tue Jan 08 19:53:33 +0000 2019","id":1082727025096429600,"id_str":"1082727025096429569","text":"@startupdareal Nesse pensamento, o sujeito vai perder toda a obra de Lynch, Cronenberg, Kubrick e Kurosawa. Por iss… https://t.co/Vod04hiJck","display_text_range":[15,140],"source":"<a href=\"http://twitter.com/download/android\" rel=\"nofollow\">Twitter for Android</a>","truncated":true,"in_reply_to_status_id":1082599355369050100,"in_reply_to_status_id_str":"1082599355369050112","in_reply_to_user_id":932675351913926700,"in_reply_to_user_id_str":"932675351913926656","in_reply_to_screen_name":"startupdareal","user":{"id":307412979,"id_str":"307412979","name":"🗿ʟᴇᴇ","screen_name":"equivocossauro","location":null,"url":null,"description":null,"translator_type":"none","protected":false,"verified":false,"followers_count":33,"friends_count":823,"listed_count":0,"favourites_count":5718,"statuses_count":795,"created_at":"Sun May 29 15:56:43 +0000 2011","utc_offset":null,"time_zone":null,"geo_enabled":false,"lang":"pt","contributors_enabled":false,"is_translator":false,"profile_background_color":"131516","profile_background_image_url":"http://abs.twimg.com/images/themes/theme14/bg.gif","profile_background_image_url_https":"https://abs.twimg.com/images/themes/theme14/bg.gif","profile_background_tile":true,"profile_link_color":"19CF86","profile_sidebar_border_color":"000000","profile_sidebar_fill_color":"000000","profile_text_color":"000000","profile_use_background_image":true,"profile_image_url":"http://pbs.twimg.com/profile_images/1057993261434986498/7UUOEp89_normal.jpg","profile_image_url_https":"https://pbs.twimg.com/profile_images/1057993261434986498/7UUOEp89_normal.jpg","profile_banner_url":"https://pbs.twimg.com/profile_banners/307412979/1540986570","default_profile":false,"default_profile_image":false,"following":null,"follow_request_sent":null,"notifications":null},"geo":null,"coordinates":null,"place":null,"contributors":null,"is_quote_status":false,"extended_tweet":{"full_text":"@startupdareal Nesse pensamento, o sujeito vai perder toda a obra de Lynch, Cronenberg, Kubrick e Kurosawa. Por isso o Adam Sandler faz dinheiro: filmes feitos para essa galera medíocre.","display_text_range":[15,186],"entities":{"hashtags":[],"urls":[],"user_mentions":[{"screen_name":"startupdareal","name":"Startupdareal","id":932675351913926700,"id_str":"932675351913926656","indices":[0,14]}],"symbols":[]}},"quote_count":0,"reply_count":0,"retweet_count":1,"favorite_count":7,"entities":{"hashtags":[],"urls":[{"url":"https://t.co/Vod04hiJck","expanded_url":"https://twitter.com/i/web/status/1082727025096429569","display_url":"twitter.com/i/web/status/1…","indices":[117,140]}],"user_mentions":[{"screen_name":"startupdareal","name":"Startupdareal","id":932675351913926700,"id_str":"932675351913926656","indices":[0,14]}],"symbols":[]},"favorited":false,"retweeted":false,"filter_level":"low","lang":"pt"},"is_quote_status":false,"quote_count":0,"reply_count":0,"retweet_count":0,"favorite_count":0,"entities":{"hashtags":[],"urls":[],"user_mentions":[{"screen_name":"equivocossauro","name":"🗿KGBraza (espião, shh)","id":307412979,"id_str":"307412979","indices":[3,18]},{"screen_name":"startupdareal","name":"Startupdareal","id":932675351913926700,"id_str":"932675351913926656","indices":[20,34]}],"symbols":[]},"favorited":false,"retweeted":false,"filter_level":"low","lang":"pt","matching_rules":[{"tag":null}]}