{"created_at":"Wed Jan 09 11:07:40 +0000 2019","id":1082957068338978800,"id_str":"1082957068338978816","text":"RT @kangaroo5383: “Men’s sexuality is allowed to be explicit with a literal sex robot in the shape of an unrealistically proportioned woman…","source":"<a href=\"http://twitter.com/download/iphone\" rel=\"nofollow\">Twitter for iPhone</a>","truncated":false,"in_reply_to_status_id":null,"in_reply_to_status_id_str":null,"in_reply_to_user_id":null,"in_reply_to_user_id_str":null,"in_reply_to_screen_name":null,"user":{"id":932675351913926700,"id_str":"932675351913926656","name":"Startupdareal","screen_name":"startupdareal","location":"San Francisco, CA","url":"https://medium.com/startup-da-real","description":"#1 lugar livro de empreendedorismo mais vendido na Amazon, com \"Este livro não vai te deixar rico\"","translator_type":"none","protected":false,"verified":false,"followers_count":25736,"friends_count":176,"listed_count":112,"favourites_count":20411,"statuses_count":17948,"created_at":"Mon Nov 20 18:21:46 +0000 2017","utc_offset":null,"time_zone":null,"geo_enabled":true,"lang":"en","contributors_enabled":false,"is_translator":false,"profile_background_color":"000000","profile_background_image_url":"http://abs.twimg.com/images/themes/theme1/bg.png","profile_background_image_url_https":"https://abs.twimg.com/images/themes/theme1/bg.png","profile_background_tile":false,"profile_link_color":"FAB81E","profile_sidebar_border_color":"000000","profile_sidebar_fill_color":"000000","profile_text_color":"000000","profile_use_background_image":false,"profile_image_url":"http://pbs.twimg.com/profile_images/932680310336180226/PXZJpu93_normal.jpg","profile_image_url_https":"https://pbs.twimg.com/profile_images/932680310336180226/PXZJpu93_normal.jpg","profile_banner_url":"https://pbs.twimg.com/profile_banners/932675351913926656/1511203272","default_profile":false,"default_profile_image":false,"following":null,"follow_request_sent":null,"notifications":null},"geo":null,"coordinates":null,"place":null,"contributors":null,"retweeted_status":{"created_at":"Tue Jan 08 23:35:03 +0000 2019","id":1082782768440856600,"id_str":"1082782768440856581","text":"“Men’s sexuality is allowed to be explicit with a literal sex robot in the shape of an unrealistically proportioned… https://t.co/YpJv9xi35g","source":"<a href=\"http://twitter.com/download/iphone\" rel=\"nofollow\">Twitter for iPhone</a>","truncated":true,"in_reply_to_status_id":null,"in_reply_to_status_id_str":null,"in_reply_to_user_id":null,"in_reply_to_user_id_str":null,"in_reply_to_screen_name":null,"user":{"id":15638834,"id_str":"15638834","name":"Jessica Lam🌁💕✈️🍝🍷⚜️","screen_name":"kangaroo5383","location":"San Francisco, CA","url":"https://angel.co/jessica-lam","description":"Engineer mind, artist soul, nomad spirit, entrepreneur drive. Building @_astrid_style 🦄✨; ex @sugarboxio; ex  ; using logic to make magic; I build things.","translator_type":"none","protected":false,"verified":false,"followers_count":2995,"friends_count":2692,"listed_count":195,"favourites_count":20021,"statuses_count":22663,"created_at":"Mon Jul 28 22:50:02 +0000 2008","utc_offset":null,"time_zone":null,"geo_enabled":true,"lang":"en","contributors_enabled":false,"is_translator":false,"profile_background_color":"131516","profile_background_image_url":"http://abs.twimg.com/images/themes/theme18/bg.gif","profile_background_image_url_https":"https://abs.twimg.com/images/themes/theme18/bg.gif","profile_background_tile":false,"profile_link_color":"7B9FD4","profile_sidebar_border_color":"FFFFFF","profile_sidebar_fill_color":"F6F6F6","profile_text_color":"333333","profile_use_background_image":false,"profile_image_url":"http://pbs.twimg.com/profile_images/1074555945038934016/WkVOmQa5_normal.jpg","profile_image_url_https":"https://pbs.twimg.com/profile_images/1074555945038934016/WkVOmQa5_normal.jpg","profile_banner_url":"https://pbs.twimg.com/profile_banners/15638834/1398202931","default_profile":false,"default_profile_image":false,"following":null,"follow_request_sent":null,"notifications":null},"geo":null,"coordinates":null,"place":null,"contributors":null,"is_quote_status":false,"extended_tweet":{"full_text":"“Men’s sexuality is allowed to be explicit with a literal sex robot in the shape of an unrealistically proportioned woman and VR porn in point of pride along the aisle. Female sexuality, on the other hand, is heavily muted if not outright banned.”\n\n😒 https://t.co/UUvKq13gWM","display_text_range":[0,274],"entities":{"hashtags":[],"urls":[{"url":"https://t.co/UUvKq13gWM","expanded_url":"https://techcrunch.com/2019/01/08/ces-revokes-award-from-female-founded-sex-tech-company/","display_url":"techcrunch.com/2019/01/08/ces…","indices":[251,274]}],"user_mentions":[],"symbols":[]}},"quote_count":0,"reply_count":19,"retweet_count":366,"favorite_count":732,"entities":{"hashtags":[],"urls":[{"url":"https://t.co/YpJv9xi35g","expanded_url":"https://twitter.com/i/web/status/1082782768440856581","display_url":"twitter.com/i/web/status/1…","indices":[117,140]}],"user_mentions":[],"symbols":[]},"favorited":false,"retweeted":false,"possibly_sensitive":false,"filter_level":"low","lang":"en"},"is_quote_status":false,"quote_count":0,"reply_count":0,"retweet_count":0,"favorite_count":0,"entities":{"hashtags":[],"urls":[],"user_mentions":[{"screen_name":"kangaroo5383","name":"Jessica Lam🌁💕✈️🍝🍷⚜️","id":15638834,"id_str":"15638834","indices":[3,16]}],"symbols":[]},"favorited":false,"retweeted":false,"filter_level":"low","lang":"en","matching_rules":[{"tag":null}]}