{"created_at":"Tue Jan 08 01:35:19 +0000 2019","id":1082450646106849300,"id_str":"1082450646106849286","text":"RT @leonardo_sousa: Ótimo texto da ⁦@startupdareal⁩! \n\n“Como não planejar uma vida de sucesso” by Startup da Real https://t.co/t0YpsmjWAY","source":"<a href=\"http://twitter.com/download/iphone\" rel=\"nofollow\">Twitter for iPhone</a>","truncated":false,"in_reply_to_status_id":null,"in_reply_to_status_id_str":null,"in_reply_to_user_id":null,"in_reply_to_user_id_str":null,"in_reply_to_screen_name":null,"user":{"id":932675351913926700,"id_str":"932675351913926656","name":"Startupdareal","screen_name":"startupdareal","location":"San Francisco, CA","url":"https://medium.com/startup-da-real","description":"#1 lugar livro de empreendedorismo mais vendido na Amazon, com \"Este livro não vai te deixar rico\"","translator_type":"none","protected":false,"verified":false,"followers_count":25736,"friends_count":176,"listed_count":112,"favourites_count":20411,"statuses_count":17948,"created_at":"Mon Nov 20 18:21:46 +0000 2017","utc_offset":null,"time_zone":null,"geo_enabled":true,"lang":"en","contributors_enabled":false,"is_translator":false,"profile_background_color":"000000","profile_background_image_url":"http://abs.twimg.com/images/themes/theme1/bg.png","profile_background_image_url_https":"https://abs.twimg.com/images/themes/theme1/bg.png","profile_background_tile":false,"profile_link_color":"FAB81E","profile_sidebar_border_color":"000000","profile_sidebar_fill_color":"000000","profile_text_color":"000000","profile_use_background_image":false,"profile_image_url":"http://pbs.twimg.com/profile_images/932680310336180226/PXZJpu93_normal.jpg","profile_image_url_https":"https://pbs.twimg.com/profile_images/932680310336180226/PXZJpu93_normal.jpg","profile_banner_url":"https://pbs.twimg.com/profile_banners/932675351913926656/1511203272","default_profile":false,"default_profile_image":false,"following":null,"follow_request_sent":null,"notifications":null},"geo":null,"coordinates":null,"place":null,"contributors":null,"retweeted_status":{"created_at":"Tue Jan 08 01:31:30 +0000 2019","id":1082449686601048000,"id_str":"1082449686601048067","text":"Ótimo texto da ⁦@startupdareal⁩! \n\n“Como não planejar uma vida de sucesso” by Startup da Real https://t.co/t0YpsmjWAY","source":"<a href=\"http://twitter.com/download/iphone\" rel=\"nofollow\">Twitter for iPhone</a>","truncated":false,"in_reply_to_status_id":null,"in_reply_to_status_id_str":null,"in_reply_to_user_id":null,"in_reply_to_user_id_str":null,"in_reply_to_screen_name":null,"user":{"id":38981962,"id_str":"38981962","name":"pOc em treinamento🦄","screen_name":"leonardo_sousa","location":"Brasil","url":null,"description":"Aguardando treta na internet dar dinheiro!","translator_type":"none","protected":false,"verified":false,"followers_count":118,"friends_count":415,"listed_count":2,"favourites_count":13025,"statuses_count":4957,"created_at":"Sun May 10 02:53:32 +0000 2009","utc_offset":null,"time_zone":null,"geo_enabled":false,"lang":"pt","contributors_enabled":false,"is_translator":false,"profile_background_color":"131516","profile_background_image_url":"http://abs.twimg.com/images/themes/theme14/bg.gif","profile_background_image_url_https":"https://abs.twimg.com/images/themes/theme14/bg.gif","profile_background_tile":true,"profile_link_color":"009999","profile_sidebar_border_color":"EEEEEE","profile_sidebar_fill_color":"EFEFEF","profile_text_color":"333333","profile_use_background_image":true,"profile_image_url":"http://pbs.twimg.com/profile_images/1068252499113664512/2GLDdgnQ_normal.jpg","profile_image_url_https":"https://pbs.twimg.com/profile_images/1068252499113664512/2GLDdgnQ_normal.jpg","profile_banner_url":"https://pbs.twimg.com/profile_banners/38981962/1543526121","default_profile":false,"default_profile_image":false,"following":null,"follow_request_sent":null,"notifications":null},"geo":null,"coordinates":null,"place":null,"contributors":null,"is_quote_status":false,"quote_count":0,"reply_count":0,"retweet_count":2,"favorite_count":8,"entities":{"hashtags":[],"urls":[{"url":"https://t.co/t0YpsmjWAY","expanded_url":"https://link.medium.com/y0z1euZwiT","display_url":"link.medium.com/y0z1euZwiT","indices":[94,117]}],"user_mentions":[{"screen_name":"startupdareal","name":"Startupdareal","id":932675351913926700,"id_str":"932675351913926656","indices":[16,30]}],"symbols":[]},"favorited":false,"retweeted":false,"possibly_sensitive":false,"filter_level":"low","lang":"pt"},"is_quote_status":false,"quote_count":0,"reply_count":0,"retweet_count":0,"favorite_count":0,"entities":{"hashtags":[],"urls":[{"url":"https://t.co/t0YpsmjWAY","expanded_url":"https://link.medium.com/y0z1euZwiT","display_url":"link.medium.com/y0z1euZwiT","indices":[114,137]}],"user_mentions":[{"screen_name":"leonardo_sousa","name":"pOc em treinamento🦄","id":38981962,"id_str":"38981962","indices":[3,18]},{"screen_name":"startupdareal","name":"Startupdareal","id":932675351913926700,"id_str":"932675351913926656","indices":[36,50]}],"symbols":[]},"favorited":false,"retweeted":false,"possibly_sensitive":false,"filter_level":"low","lang":"pt","matching_rules":[{"tag":null}]}