{"created_at":"Mon Jan 07 20:58:15 +0000 2019","id":1082380918810124300,"id_str":"1082380918810124289","text":"caraca, ai foi louco https://t.co/2BoNhpQFVS","display_text_range":[0,20],"source":"<a href=\"http://twitter.com\" rel=\"nofollow\">Twitter Web Client</a>","truncated":false,"in_reply_to_status_id":null,"in_reply_to_status_id_str":null,"in_reply_to_user_id":null,"in_reply_to_user_id_str":null,"in_reply_to_screen_name":null,"user":{"id":932675351913926700,"id_str":"932675351913926656","name":"Startupdareal","screen_name":"startupdareal","location":"San Francisco, CA","url":"https://medium.com/startup-da-real","description":"#1 lugar livro de empreendedorismo mais vendido na Amazon, com \"Este livro não vai te deixar rico\"","translator_type":"none","protected":false,"verified":false,"followers_count":25736,"friends_count":176,"listed_count":112,"favourites_count":20411,"statuses_count":17948,"created_at":"Mon Nov 20 18:21:46 +0000 2017","utc_offset":null,"time_zone":null,"geo_enabled":true,"lang":"en","contributors_enabled":false,"is_translator":false,"profile_background_color":"000000","profile_background_image_url":"http://abs.twimg.com/images/themes/theme1/bg.png","profile_background_image_url_https":"https://abs.twimg.com/images/themes/theme1/bg.png","profile_background_tile":false,"profile_link_color":"FAB81E","profile_sidebar_border_color":"000000","profile_sidebar_fill_color":"000000","profile_text_color":"000000","profile_use_background_image":false,"profile_image_url":"http://pbs.twimg.com/profile_images/932680310336180226/PXZJpu93_normal.jpg","profile_image_url_https":"https://pbs.twimg.com/profile_images/932680310336180226/PXZJpu93_normal.jpg","profile_banner_url":"https://pbs.twimg.com/profile_banners/932675351913926656/1511203272","default_profile":false,"default_profile_image":false,"following":null,"follow_request_sent":null,"notifications":null},"geo":null,"coordinates":null,"place":null,"contributors":null,"quoted_status_id":1082380666329841700,"quoted_status_id_str":"1082380666329841665","quoted_status":{"created_at":"Mon Jan 07 20:57:15 +0000 2019","id":1082380666329841700,"id_str":"1082380666329841665","text":"Será que estão apelando ⁦@Cristiano_Barba⁩ ⁦@startupdareal⁩ https://t.co/qEQr8zIYbr","display_text_range":[0,59],"source":"<a href=\"http://twitter.com/download/iphone\" rel=\"nofollow\">Twitter for iPhone</a>","truncated":false,"in_reply_to_status_id":null,"in_reply_to_status_id_str":null,"in_reply_to_user_id":null,"in_reply_to_user_id_str":null,"in_reply_to_screen_name":null,"user":{"id":29357722,"id_str":"29357722","name":"§noopy","screen_name":"Snoopy_jr","location":"Nashville, TN","url":null,"description":"!","translator_type":"none","protected":false,"verified":false,"followers_count":146,"friends_count":465,"listed_count":2,"favourites_count":1403,"statuses_count":5809,"created_at":"Tue Apr 07 02:28:58 +0000 2009","utc_offset":null,"time_zone":null,"geo_enabled":true,"lang":"en","contributors_enabled":false,"is_translator":false,"profile_background_color":"1A1B1F","profile_background_image_url":"http://abs.twimg.com/images/themes/theme9/bg.gif","profile_background_image_url_https":"https://abs.twimg.com/images/themes/theme9/bg.gif","profile_background_tile":false,"profile_link_color":"2FC2EF","profile_sidebar_border_color":"181A1E","profile_sidebar_fill_color":"252429","profile_text_color":"666666","profile_use_background_image":true,"profile_image_url":"http://pbs.twimg.com/profile_images/1089015324438089728/EasTg9UT_normal.jpg","profile_image_url_https":"https://pbs.twimg.com/profile_images/1089015324438089728/EasTg9UT_normal.jpg","profile_banner_url":"https://pbs.twimg.com/profile_banners/29357722/1548476461","default_profile":false,"default_profile_image":false,"following":null,"follow_request_sent":null,"notifications":null},"geo":null,"coordinates":null,"place":null,"contributors":null,"is_quote_status":false,"quote_count":0,"reply_count":1,"retweet_count":2,"favorite_count":14,"entities":{"hashtags":[],"urls":[],"user_mentions":[{"screen_name":"Cristiano_Barba","name":"🏴 El Fandásdigo BARBA -🎙 Teologia de Boteco","id":115251792,"id_str":"115251792","indices":[25,41]},{"screen_name":"startupdareal","name":"Startupdareal","id":932675351913926700,"id_str":"932675351913926656","indices":[44,58]}],"symbols":[],"media":[{"id":1082380662269771800,"id_str":"1082380662269771777","indices":[60,83],"media_url":"http://pbs.twimg.com/media/DwVjekZXgAEEIJP.jpg","media_url_https":"https://pbs.twimg.com/media/DwVjekZXgAEEIJP.jpg","url":"https://t.co/qEQr8zIYbr","display_url":"pic.twitter.com/qEQr8zIYbr","expanded_url":"https://twitter.com/Snoopy_jr/status/1082380666329841665/photo/1","type":"photo","sizes":{"thumb":{"w":150,"h":150,"resize":"crop"},"small":{"w":618,"h":680,"resize":"fit"},"medium":{"w":750,"h":825,"resize":"fit"},"large":{"w":750,"h":825,"resize":"fit"}}}]},"extended_entities":{"media":[{"id":1082380662269771800,"id_str":"1082380662269771777","indices":[60,83],"media_url":"http://pbs.twimg.com/media/DwVjekZXgAEEIJP.jpg","media_url_https":"https://pbs.twimg.com/media/DwVjekZXgAEEIJP.jpg","url":"https://t.co/qEQr8zIYbr","display_url":"pic.twitter.com/qEQr8zIYbr","expanded_url":"https://twitter.com/Snoopy_jr/status/1082380666329841665/photo/1","type":"photo","sizes":{"thumb":{"w":150,"h":150,"resize":"crop"},"small":{"w":618,"h":680,"resize":"fit"},"medium":{"w":750,"h":825,"resize":"fit"},"large":{"w":750,"h":825,"resize":"fit"}}}]},"favorited":false,"retweeted":false,"possibly_sensitive":false,"filter_level":"low","lang":"pt"},"quoted_status_permalink":{"url":"https://t.co/2BoNhpQFVS","expanded":"https://twitter.com/Snoopy_jr/status/1082380666329841665","display":"twitter.com/Snoopy_jr/stat…"},"is_quote_status":true,"quote_count":0,"reply_count":3,"retweet_count":4,"favorite_count":40,"entities":{"hashtags":[],"urls":[{"url":"https://t.co/2BoNhpQFVS","expanded_url":"https://twitter.com/Snoopy_jr/status/1082380666329841665","display_url":"twitter.com/Snoopy_jr/stat…","indices":[21,44]}],"user_mentions":[],"symbols":[]},"favorited":false,"retweeted":false,"possibly_sensitive":false,"filter_level":"low","lang":"pt","matching_rules":[{"tag":null}]}