{"created_at":"Tue Jan 08 21:42:01 +0000 2019","id":1082754320020455400,"id_str":"1082754320020455424","text":"@ironicsadboy dificil saber porque ainda não lancei livro físico na vida. Mas muita gente veio perguntar sobre vers… https://t.co/KuV7m3tYQ5","display_text_range":[14,140],"source":"<a href=\"http://twitter.com\" rel=\"nofollow\">Twitter Web Client</a>","truncated":true,"in_reply_to_status_id":1082752108380778500,"in_reply_to_status_id_str":"1082752108380778496","in_reply_to_user_id":788903359818436600,"in_reply_to_user_id_str":"788903359818436608","in_reply_to_screen_name":"ironicsadboy","user":{"id":932675351913926700,"id_str":"932675351913926656","name":"Startupdareal","screen_name":"startupdareal","location":"San Francisco, CA","url":"https://medium.com/startup-da-real","description":"#1 lugar livro de empreendedorismo mais vendido na Amazon, com \"Este livro não vai te deixar rico\"","translator_type":"none","protected":false,"verified":false,"followers_count":25736,"friends_count":176,"listed_count":112,"favourites_count":20411,"statuses_count":17948,"created_at":"Mon Nov 20 18:21:46 +0000 2017","utc_offset":null,"time_zone":null,"geo_enabled":true,"lang":"en","contributors_enabled":false,"is_translator":false,"profile_background_color":"000000","profile_background_image_url":"http://abs.twimg.com/images/themes/theme1/bg.png","profile_background_image_url_https":"https://abs.twimg.com/images/themes/theme1/bg.png","profile_background_tile":false,"profile_link_color":"FAB81E","profile_sidebar_border_color":"000000","profile_sidebar_fill_color":"000000","profile_text_color":"000000","profile_use_background_image":false,"profile_image_url":"http://pbs.twimg.com/profile_images/932680310336180226/PXZJpu93_normal.jpg","profile_image_url_https":"https://pbs.twimg.com/profile_images/932680310336180226/PXZJpu93_normal.jpg","profile_banner_url":"https://pbs.twimg.com/profile_banners/932675351913926656/1511203272","default_profile":false,"default_profile_image":false,"following":null,"follow_request_sent":null,"notifications":null},"geo":null,"coordinates":null,"place":null,"contributors":null,"is_quote_status":false,"extended_tweet":{"full_text":"@ironicsadboy dificil saber porque ainda não lancei livro físico na vida. Mas muita gente veio perguntar sobre versão impressa, mais de 200 pelo menos. Então ainda existe essa demanda sim.","display_text_range":[14,188],"entities":{"hashtags":[],"urls":[],"user_mentions":[{"screen_name":"ironicsadboy","name":"agente da KGB","id":788903359818436600,"id_str":"788903359818436608","indices":[0,13]}],"symbols":[]}},"quote_count":0,"reply_count":0,"retweet_count":0,"favorite_count":1,"entities":{"hashtags":[],"urls":[{"url":"https://t.co/KuV7m3tYQ5","expanded_url":"https://twitter.com/i/web/status/1082754320020455424","display_url":"twitter.com/i/web/status/1…","indices":[117,140]}],"user_mentions":[{"screen_name":"ironicsadboy","name":"agente da KGB","id":788903359818436600,"id_str":"788903359818436608","indices":[0,13]}],"symbols":[]},"favorited":false,"retweeted":false,"filter_level":"low","lang":"pt","matching_rules":[{"tag":null}]}