{"created_at":"Mon Jan 07 19:29:09 +0000 2019","id":1082358498694971400,"id_str":"1082358498694971393","text":"hahhahhha acho essa noticia muito zoada https://t.co/qW1qJI1r1L","display_text_range":[0,39],"source":"<a href=\"http://twitter.com\" rel=\"nofollow\">Twitter Web Client</a>","truncated":false,"in_reply_to_status_id":null,"in_reply_to_status_id_str":null,"in_reply_to_user_id":null,"in_reply_to_user_id_str":null,"in_reply_to_screen_name":null,"user":{"id":932675351913926700,"id_str":"932675351913926656","name":"Startupdareal","screen_name":"startupdareal","location":"San Francisco, CA","url":"https://medium.com/startup-da-real","description":"#1 lugar livro de empreendedorismo mais vendido na Amazon, com \"Este livro não vai te deixar rico\"","translator_type":"none","protected":false,"verified":false,"followers_count":25736,"friends_count":176,"listed_count":112,"favourites_count":20411,"statuses_count":17948,"created_at":"Mon Nov 20 18:21:46 +0000 2017","utc_offset":null,"time_zone":null,"geo_enabled":true,"lang":"en","contributors_enabled":false,"is_translator":false,"profile_background_color":"000000","profile_background_image_url":"http://abs.twimg.com/images/themes/theme1/bg.png","profile_background_image_url_https":"https://abs.twimg.com/images/themes/theme1/bg.png","profile_background_tile":false,"profile_link_color":"FAB81E","profile_sidebar_border_color":"000000","profile_sidebar_fill_color":"000000","profile_text_color":"000000","profile_use_background_image":false,"profile_image_url":"http://pbs.twimg.com/profile_images/932680310336180226/PXZJpu93_normal.jpg","profile_image_url_https":"https://pbs.twimg.com/profile_images/932680310336180226/PXZJpu93_normal.jpg","profile_banner_url":"https://pbs.twimg.com/profile_banners/932675351913926656/1511203272","default_profile":false,"default_profile_image":false,"following":null,"follow_request_sent":null,"notifications":null},"geo":null,"coordinates":null,"place":null,"contributors":null,"quoted_status_id":1082357034929045500,"quoted_status_id_str":"1082357034929045510","quoted_status":{"created_at":"Mon Jan 07 19:23:21 +0000 2019","id":1082357034929045500,"id_str":"1082357034929045510","text":"Será que o @startupdareal viu essa? Parece que explica muita coisa... https://t.co/lD832BLdGT","source":"<a href=\"http://twitter.com\" rel=\"nofollow\">Twitter Web Client</a>","truncated":false,"in_reply_to_status_id":null,"in_reply_to_status_id_str":null,"in_reply_to_user_id":null,"in_reply_to_user_id_str":null,"in_reply_to_screen_name":null,"user":{"id":25489798,"id_str":"25489798","name":"Eduardo Pimenta","screen_name":"edpimenta","location":"Santo André, SP, Brasil","url":null,"description":"Botafoguense em Santo André. Mixes pt-br, en-us, fr-fr, es-cl... Computer Engineer. Lousy guitar/piano player. G+, Facebook, Orkut user who prefers Twitter","translator_type":"none","protected":false,"verified":false,"followers_count":730,"friends_count":3330,"listed_count":78,"favourites_count":1583,"statuses_count":16349,"created_at":"Fri Mar 20 11:24:02 +0000 2009","utc_offset":null,"time_zone":null,"geo_enabled":true,"lang":"pt","contributors_enabled":false,"is_translator":false,"profile_background_color":"022330","profile_background_image_url":"http://abs.twimg.com/images/themes/theme2/bg.gif","profile_background_image_url_https":"https://abs.twimg.com/images/themes/theme2/bg.gif","profile_background_tile":false,"profile_link_color":"4A913C","profile_sidebar_border_color":"FFFFFF","profile_sidebar_fill_color":"C6EEDB","profile_text_color":"663B12","profile_use_background_image":true,"profile_image_url":"http://pbs.twimg.com/profile_images/763349549721194501/k6fhRQNe_normal.jpg","profile_image_url_https":"https://pbs.twimg.com/profile_images/763349549721194501/k6fhRQNe_normal.jpg","profile_banner_url":"https://pbs.twimg.com/profile_banners/25489798/1538409561","default_profile":false,"default_profile_image":false,"following":null,"follow_request_sent":null,"notifications":null},"geo":null,"coordinates":null,"place":null,"contributors":null,"is_quote_status":false,"quote_count":0,"reply_count":6,"retweet_count":4,"favorite_count":65,"entities":{"hashtags":[],"urls":[{"url":"https://t.co/lD832BLdGT","expanded_url":"https://revistapegn.globo.com/Empreendedorismo/noticia/2018/08/parasita-encontrado-em-coco-de-gato-aumenta-o-desejo-de-empreender-diz-estudo.html?fbclid=IwAR2MfnbVRhmNjzykCvwvJrulMFdSjf3p7pu3s0Imu8YlxHqjF7ePWn8wWws","display_url":"revistapegn.globo.com/Empreendedoris…","indices":[70,93]}],"user_mentions":[{"screen_name":"startupdareal","name":"Startupdareal","id":932675351913926700,"id_str":"932675351913926656","indices":[11,25]}],"symbols":[]},"favorited":false,"retweeted":false,"possibly_sensitive":false,"filter_level":"low","lang":"pt"},"quoted_status_permalink":{"url":"https://t.co/qW1qJI1r1L","expanded":"https://twitter.com/edpimenta/status/1082357034929045510","display":"twitter.com/edpimenta/stat…"},"is_quote_status":true,"quote_count":0,"reply_count":5,"retweet_count":0,"favorite_count":17,"entities":{"hashtags":[],"urls":[{"url":"https://t.co/qW1qJI1r1L","expanded_url":"https://twitter.com/edpimenta/status/1082357034929045510","display_url":"twitter.com/edpimenta/stat…","indices":[40,63]}],"user_mentions":[],"symbols":[]},"favorited":false,"retweeted":false,"possibly_sensitive":false,"filter_level":"low","lang":"pt","matching_rules":[{"tag":null}]}