{"created_at":"Tue Jan 08 04:02:41 +0000 2019","id":1082487733405261800,"id_str":"1082487733405261824","text":"RT @karlprieb: Muito bom o texto @startupdareal.\nVale muito a pena ler :)\n“Como não planejar uma vida de sucesso” by Startup da Real https:…","source":"<a href=\"http://twitter.com\" rel=\"nofollow\">Twitter Web Client</a>","truncated":false,"in_reply_to_status_id":null,"in_reply_to_status_id_str":null,"in_reply_to_user_id":null,"in_reply_to_user_id_str":null,"in_reply_to_screen_name":null,"user":{"id":932675351913926700,"id_str":"932675351913926656","name":"Startupdareal","screen_name":"startupdareal","location":"San Francisco, CA","url":"https://medium.com/startup-da-real","description":"#1 lugar livro de empreendedorismo mais vendido na Amazon, com \"Este livro não vai te deixar rico\"","translator_type":"none","protected":false,"verified":false,"followers_count":25736,"friends_count":176,"listed_count":112,"favourites_count":20411,"statuses_count":17948,"created_at":"Mon Nov 20 18:21:46 +0000 2017","utc_offset":null,"time_zone":null,"geo_enabled":true,"lang":"en","contributors_enabled":false,"is_translator":false,"profile_background_color":"000000","profile_background_image_url":"http://abs.twimg.com/images/themes/theme1/bg.png","profile_background_image_url_https":"https://abs.twimg.com/images/themes/theme1/bg.png","profile_background_tile":false,"profile_link_color":"FAB81E","profile_sidebar_border_color":"000000","profile_sidebar_fill_color":"000000","profile_text_color":"000000","profile_use_background_image":false,"profile_image_url":"http://pbs.twimg.com/profile_images/932680310336180226/PXZJpu93_normal.jpg","profile_image_url_https":"https://pbs.twimg.com/profile_images/932680310336180226/PXZJpu93_normal.jpg","profile_banner_url":"https://pbs.twimg.com/profile_banners/932675351913926656/1511203272","default_profile":false,"default_profile_image":false,"following":null,"follow_request_sent":null,"notifications":null},"geo":null,"coordinates":null,"place":null,"contributors":null,"retweeted_status":{"created_at":"Tue Jan 08 03:58:16 +0000 2019","id":1082486621419855900,"id_str":"1082486621419855872","text":"Muito bom o texto @startupdareal.\nVale muito a pena ler :)\n“Como não planejar uma vida de sucesso” by Startup da Re… https://t.co/U71mjtZGHA","source":"<a href=\"http://twitter.com/download/android\" rel=\"nofollow\">Twitter for Android</a>","truncated":true,"in_reply_to_status_id":null,"in_reply_to_status_id_str":null,"in_reply_to_user_id":null,"in_reply_to_user_id_str":null,"in_reply_to_screen_name":null,"user":{"id":151264477,"id_str":"151264477","name":"Karl Prieb","screen_name":"karlprieb","location":"Porto Alegre, Brazil","url":null,"description":"Front-End Engineer at Grifo","translator_type":"none","protected":false,"verified":false,"followers_count":180,"friends_count":222,"listed_count":19,"favourites_count":559,"statuses_count":1700,"created_at":"Thu Jun 03 00:54:43 +0000 2010","utc_offset":null,"time_zone":null,"geo_enabled":false,"lang":"en","contributors_enabled":false,"is_translator":false,"profile_background_color":"D8C19E","profile_background_image_url":"http://abs.twimg.com/images/themes/theme15/bg.png","profile_background_image_url_https":"https://abs.twimg.com/images/themes/theme15/bg.png","profile_background_tile":false,"profile_link_color":"ABB8C2","profile_sidebar_border_color":"FFFFFF","profile_sidebar_fill_color":"8C8C8C","profile_text_color":"D1D1D1","profile_use_background_image":true,"profile_image_url":"http://pbs.twimg.com/profile_images/581287389047463936/ewz8CT9c_normal.jpg","profile_image_url_https":"https://pbs.twimg.com/profile_images/581287389047463936/ewz8CT9c_normal.jpg","profile_banner_url":"https://pbs.twimg.com/profile_banners/151264477/1491939408","default_profile":false,"default_profile_image":false,"following":null,"follow_request_sent":null,"notifications":null},"geo":null,"coordinates":null,"place":null,"contributors":null,"is_quote_status":false,"extended_tweet":{"full_text":"Muito bom o texto @startupdareal.\nVale muito a pena ler :)\n“Como não planejar uma vida de sucesso” by Startup da Real https://t.co/vRCFK7NvMf","display_text_range":[0,141],"entities":{"hashtags":[],"urls":[{"url":"https://t.co/vRCFK7NvMf","expanded_url":"https://medium.com/p/3dc8433162be","display_url":"medium.com/p/3dc8433162be","indices":[118,141]}],"user_mentions":[{"screen_name":"startupdareal","name":"Startupdareal","id":932675351913926700,"id_str":"932675351913926656","indices":[18,32]}],"symbols":[]}},"quote_count":0,"reply_count":0,"retweet_count":5,"favorite_count":22,"entities":{"hashtags":[],"urls":[{"url":"https://t.co/U71mjtZGHA","expanded_url":"https://twitter.com/i/web/status/1082486621419855872","display_url":"twitter.com/i/web/status/1…","indices":[117,140]}],"user_mentions":[{"screen_name":"startupdareal","name":"Startupdareal","id":932675351913926700,"id_str":"932675351913926656","indices":[18,32]}],"symbols":[]},"favorited":false,"retweeted":false,"possibly_sensitive":false,"filter_level":"low","lang":"pt"},"is_quote_status":false,"quote_count":0,"reply_count":0,"retweet_count":0,"favorite_count":0,"entities":{"hashtags":[],"urls":[],"user_mentions":[{"screen_name":"karlprieb","name":"Karl Prieb","id":151264477,"id_str":"151264477","indices":[3,13]},{"screen_name":"startupdareal","name":"Startupdareal","id":932675351913926700,"id_str":"932675351913926656","indices":[33,47]}],"symbols":[]},"favorited":false,"retweeted":false,"filter_level":"low","lang":"pt","matching_rules":[{"tag":null}]}