{"created_at":"Wed Jan 09 11:46:11 +0000 2019","id":1082966761811660800,"id_str":"1082966761811660801","text":"RT @MarcosGervazoni: @startupdareal Startupdareal :)\n\nCriamos o perfil aqui no twitter @adoteadog!\n\nSIGAM POR AQUI!\n\nobrigado ❤️❤️❤️\n\n(cria…","source":"<a href=\"http://twitter.com\" rel=\"nofollow\">Twitter Web Client</a>","truncated":false,"in_reply_to_status_id":null,"in_reply_to_status_id_str":null,"in_reply_to_user_id":null,"in_reply_to_user_id_str":null,"in_reply_to_screen_name":null,"user":{"id":932675351913926700,"id_str":"932675351913926656","name":"Startupdareal","screen_name":"startupdareal","location":"San Francisco, CA","url":"https://medium.com/startup-da-real","description":"#1 lugar livro de empreendedorismo mais vendido na Amazon, com \"Este livro não vai te deixar rico\"","translator_type":"none","protected":false,"verified":false,"followers_count":25736,"friends_count":176,"listed_count":112,"favourites_count":20411,"statuses_count":17948,"created_at":"Mon Nov 20 18:21:46 +0000 2017","utc_offset":null,"time_zone":null,"geo_enabled":true,"lang":"en","contributors_enabled":false,"is_translator":false,"profile_background_color":"000000","profile_background_image_url":"http://abs.twimg.com/images/themes/theme1/bg.png","profile_background_image_url_https":"https://abs.twimg.com/images/themes/theme1/bg.png","profile_background_tile":false,"profile_link_color":"FAB81E","profile_sidebar_border_color":"000000","profile_sidebar_fill_color":"000000","profile_text_color":"000000","profile_use_background_image":false,"profile_image_url":"http://pbs.twimg.com/profile_images/932680310336180226/PXZJpu93_normal.jpg","profile_image_url_https":"https://pbs.twimg.com/profile_images/932680310336180226/PXZJpu93_normal.jpg","profile_banner_url":"https://pbs.twimg.com/profile_banners/932675351913926656/1511203272","default_profile":false,"default_profile_image":false,"following":null,"follow_request_sent":null,"notifications":null},"geo":null,"coordinates":null,"place":null,"contributors":null,"retweeted_status":{"created_at":"Wed Jan 09 11:44:42 +0000 2019","id":1082966390976467000,"id_str":"1082966390976466949","text":"@startupdareal Startupdareal :)\n\nCriamos o perfil aqui no twitter @adoteadog!\n\nSIGAM POR AQUI!\n\nobrigado ❤️❤️❤️\n\n(c… https://t.co/NwPD8T0SdX","display_text_range":[15,140],"source":"<a href=\"http://twitter.com/download/android\" rel=\"nofollow\">Twitter for Android</a>","truncated":true,"in_reply_to_status_id":1082752175158247400,"in_reply_to_status_id_str":"1082752175158247424","in_reply_to_user_id":932675351913926700,"in_reply_to_user_id_str":"932675351913926656","in_reply_to_screen_name":"startupdareal","user":{"id":38079558,"id_str":"38079558","name":"Marcos Gervazoni","screen_name":"MarcosGervazoni","location":"Farroupilha - RS","url":null,"description":"Apaixonado por Marketing, Comunicação e Gestão Comercial. Estudante. Curioso por novas tecnologias e histórias de empreendedorismo.","translator_type":"none","protected":false,"verified":false,"followers_count":539,"friends_count":277,"listed_count":4,"favourites_count":9605,"statuses_count":1552,"created_at":"Wed May 06 01:34:29 +0000 2009","utc_offset":null,"time_zone":null,"geo_enabled":true,"lang":"pt","contributors_enabled":false,"is_translator":false,"profile_background_color":"DBE9ED","profile_background_image_url":"http://abs.twimg.com/images/themes/theme17/bg.gif","profile_background_image_url_https":"https://abs.twimg.com/images/themes/theme17/bg.gif","profile_background_tile":false,"profile_link_color":"CC3366","profile_sidebar_border_color":"DBE9ED","profile_sidebar_fill_color":"E6F6F9","profile_text_color":"333333","profile_use_background_image":true,"profile_image_url":"http://pbs.twimg.com/profile_images/1077541494498697216/4Q9JSpna_normal.jpg","profile_image_url_https":"https://pbs.twimg.com/profile_images/1077541494498697216/4Q9JSpna_normal.jpg","default_profile":false,"default_profile_image":false,"following":null,"follow_request_sent":null,"notifications":null},"geo":null,"coordinates":null,"place":null,"contributors":null,"is_quote_status":false,"extended_tweet":{"full_text":"@startupdareal Startupdareal :)\n\nCriamos o perfil aqui no twitter @adoteadog!\n\nSIGAM POR AQUI!\n\nobrigado ❤️❤️❤️\n\n(criamos só hoje pois não imaginamos que a ideia seria tão bem vinda)","display_text_range":[15,182],"entities":{"hashtags":[],"urls":[],"user_mentions":[{"screen_name":"startupdareal","name":"Startupdareal","id":932675351913926700,"id_str":"932675351913926656","indices":[0,14]},{"screen_name":"AdoteAdog","name":"Adote Adog","id":1082956049676730400,"id_str":"1082956049676730368","indices":[66,76]}],"symbols":[]}},"quote_count":0,"reply_count":0,"retweet_count":2,"favorite_count":5,"entities":{"hashtags":[],"urls":[{"url":"https://t.co/NwPD8T0SdX","expanded_url":"https://twitter.com/i/web/status/1082966390976466949","display_url":"twitter.com/i/web/status/1…","indices":[117,140]}],"user_mentions":[{"screen_name":"startupdareal","name":"Startupdareal","id":932675351913926700,"id_str":"932675351913926656","indices":[0,14]},{"screen_name":"AdoteAdog","name":"Adote Adog","id":1082956049676730400,"id_str":"1082956049676730368","indices":[66,76]}],"symbols":[]},"favorited":false,"retweeted":false,"filter_level":"low","lang":"pt"},"is_quote_status":false,"quote_count":0,"reply_count":0,"retweet_count":0,"favorite_count":0,"entities":{"hashtags":[],"urls":[],"user_mentions":[{"screen_name":"MarcosGervazoni","name":"Marcos Gervazoni","id":38079558,"id_str":"38079558","indices":[3,19]},{"screen_name":"startupdareal","name":"Startupdareal","id":932675351913926700,"id_str":"932675351913926656","indices":[21,35]},{"screen_name":"AdoteAdog","name":"Adote Adog","id":1082956049676730400,"id_str":"1082956049676730368","indices":[87,97]}],"symbols":[]},"favorited":false,"retweeted":false,"filter_level":"low","lang":"pt","matching_rules":[{"tag":null}]}