{"created_at":"Tue Jan 08 20:55:46 +0000 2019","id":1082742682957594600,"id_str":"1082742682957594624","text":"Novos reviews do livro na Amazon, muito legal esses feedbacks.\n\nJá mencionei que o livro voltou ao preço promociona… https://t.co/NHJqzcrOQ0","display_text_range":[0,140],"source":"<a href=\"http://twitter.com\" rel=\"nofollow\">Twitter Web Client</a>","truncated":true,"in_reply_to_status_id":null,"in_reply_to_status_id_str":null,"in_reply_to_user_id":null,"in_reply_to_user_id_str":null,"in_reply_to_screen_name":null,"user":{"id":932675351913926700,"id_str":"932675351913926656","name":"Startupdareal","screen_name":"startupdareal","location":"San Francisco, CA","url":"https://medium.com/startup-da-real","description":"#1 lugar livro de empreendedorismo mais vendido na Amazon, com \"Este livro não vai te deixar rico\"","translator_type":"none","protected":false,"verified":false,"followers_count":25736,"friends_count":176,"listed_count":112,"favourites_count":20411,"statuses_count":17948,"created_at":"Mon Nov 20 18:21:46 +0000 2017","utc_offset":null,"time_zone":null,"geo_enabled":true,"lang":"en","contributors_enabled":false,"is_translator":false,"profile_background_color":"000000","profile_background_image_url":"http://abs.twimg.com/images/themes/theme1/bg.png","profile_background_image_url_https":"https://abs.twimg.com/images/themes/theme1/bg.png","profile_background_tile":false,"profile_link_color":"FAB81E","profile_sidebar_border_color":"000000","profile_sidebar_fill_color":"000000","profile_text_color":"000000","profile_use_background_image":false,"profile_image_url":"http://pbs.twimg.com/profile_images/932680310336180226/PXZJpu93_normal.jpg","profile_image_url_https":"https://pbs.twimg.com/profile_images/932680310336180226/PXZJpu93_normal.jpg","profile_banner_url":"https://pbs.twimg.com/profile_banners/932675351913926656/1511203272","default_profile":false,"default_profile_image":false,"following":null,"follow_request_sent":null,"notifications":null},"geo":null,"coordinates":null,"place":null,"contributors":null,"is_quote_status":false,"extended_tweet":{"full_text":"Novos reviews do livro na Amazon, muito legal esses feedbacks.\n\nJá mencionei que o livro voltou ao preço promocional?\n\nhttps://t.co/7N2FE45xY3 https://t.co/PYs3tGkrGn","display_text_range":[0,142],"entities":{"hashtags":[],"urls":[{"url":"https://t.co/7N2FE45xY3","expanded_url":"https://www.amazon.com.br/dp/B07L8QSS8C/ref=sr_1_1?s=digital-text&ie=UTF8&qid=1544525946&sr=1-1&keywords=startupdareal","display_url":"amazon.com.br/dp/B07L8QSS8C/…","indices":[119,142]}],"user_mentions":[],"symbols":[],"media":[{"id":1082742512865947600,"id_str":"1082742512865947649","indices":[143,166],"media_url":"http://pbs.twimg.com/media/DwaslC6WsAEI6jg.jpg","media_url_https":"https://pbs.twimg.com/media/DwaslC6WsAEI6jg.jpg","url":"https://t.co/PYs3tGkrGn","display_url":"pic.twitter.com/PYs3tGkrGn","expanded_url":"https://twitter.com/startupdareal/status/1082742682957594624/photo/1","type":"photo","sizes":{"medium":{"w":1200,"h":687,"resize":"fit"},"thumb":{"w":150,"h":150,"resize":"crop"},"large":{"w":1432,"h":820,"resize":"fit"},"small":{"w":680,"h":389,"resize":"fit"}}}]},"extended_entities":{"media":[{"id":1082742512865947600,"id_str":"1082742512865947649","indices":[143,166],"media_url":"http://pbs.twimg.com/media/DwaslC6WsAEI6jg.jpg","media_url_https":"https://pbs.twimg.com/media/DwaslC6WsAEI6jg.jpg","url":"https://t.co/PYs3tGkrGn","display_url":"pic.twitter.com/PYs3tGkrGn","expanded_url":"https://twitter.com/startupdareal/status/1082742682957594624/photo/1","type":"photo","sizes":{"medium":{"w":1200,"h":687,"resize":"fit"},"thumb":{"w":150,"h":150,"resize":"crop"},"large":{"w":1432,"h":820,"resize":"fit"},"small":{"w":680,"h":389,"resize":"fit"}}}]}},"quote_count":0,"reply_count":3,"retweet_count":0,"favorite_count":9,"entities":{"hashtags":[],"urls":[{"url":"https://t.co/NHJqzcrOQ0","expanded_url":"https://twitter.com/i/web/status/1082742682957594624","display_url":"twitter.com/i/web/status/1…","indices":[117,140]}],"user_mentions":[],"symbols":[]},"favorited":false,"retweeted":false,"possibly_sensitive":false,"filter_level":"low","lang":"pt","matching_rules":[{"tag":null}]}