{"created_at":"Tue Jan 08 11:26:20 +0000 2019","id":1082599381289848800,"id_str":"1082599381289848833","text":"RT @gutoscosta: Excelente texto!  // “Como não planejar uma vida de sucesso” by @startupdareal  https://t.co/nZYBI8Mv3V","source":"<a href=\"http://twitter.com/download/iphone\" rel=\"nofollow\">Twitter for iPhone</a>","truncated":false,"in_reply_to_status_id":null,"in_reply_to_status_id_str":null,"in_reply_to_user_id":null,"in_reply_to_user_id_str":null,"in_reply_to_screen_name":null,"user":{"id":932675351913926700,"id_str":"932675351913926656","name":"Startupdareal","screen_name":"startupdareal","location":"San Francisco, CA","url":"https://medium.com/startup-da-real","description":"#1 lugar livro de empreendedorismo mais vendido na Amazon, com \"Este livro não vai te deixar rico\"","translator_type":"none","protected":false,"verified":false,"followers_count":25736,"friends_count":176,"listed_count":112,"favourites_count":20411,"statuses_count":17948,"created_at":"Mon Nov 20 18:21:46 +0000 2017","utc_offset":null,"time_zone":null,"geo_enabled":true,"lang":"en","contributors_enabled":false,"is_translator":false,"profile_background_color":"000000","profile_background_image_url":"http://abs.twimg.com/images/themes/theme1/bg.png","profile_background_image_url_https":"https://abs.twimg.com/images/themes/theme1/bg.png","profile_background_tile":false,"profile_link_color":"FAB81E","profile_sidebar_border_color":"000000","profile_sidebar_fill_color":"000000","profile_text_color":"000000","profile_use_background_image":false,"profile_image_url":"http://pbs.twimg.com/profile_images/932680310336180226/PXZJpu93_normal.jpg","profile_image_url_https":"https://pbs.twimg.com/profile_images/932680310336180226/PXZJpu93_normal.jpg","profile_banner_url":"https://pbs.twimg.com/profile_banners/932675351913926656/1511203272","default_profile":false,"default_profile_image":false,"following":null,"follow_request_sent":null,"notifications":null},"geo":null,"coordinates":null,"place":null,"contributors":null,"retweeted_status":{"created_at":"Tue Jan 08 11:08:18 +0000 2019","id":1082594843199713300,"id_str":"1082594843199713280","text":"Excelente texto!  // “Como não planejar uma vida de sucesso” by @startupdareal  https://t.co/nZYBI8Mv3V","source":"<a href=\"http://mvilla.it/fenix\" rel=\"nofollow\">Fenix 2</a>","truncated":false,"in_reply_to_status_id":null,"in_reply_to_status_id_str":null,"in_reply_to_user_id":null,"in_reply_to_user_id_str":null,"in_reply_to_screen_name":null,"user":{"id":7339192,"id_str":"7339192","name":"Augusto da S. Costa","screen_name":"gutoscosta","location":"Guaratinguetá, Brasil","url":"http://guto.pro.br","description":"Papai babão, estudante de Engenharia de Computação, Pedagogo, Auxiliar Docente em Informática, interessado em #EdTech, #EDM. Do It Yourself! 🤘","translator_type":"none","protected":false,"verified":false,"followers_count":368,"friends_count":20,"listed_count":12,"favourites_count":1093,"statuses_count":3330,"created_at":"Mon Jul 09 03:45:14 +0000 2007","utc_offset":null,"time_zone":null,"geo_enabled":true,"lang":"pt","contributors_enabled":false,"is_translator":false,"profile_background_color":"000000","profile_background_image_url":"http://abs.twimg.com/images/themes/theme9/bg.gif","profile_background_image_url_https":"https://abs.twimg.com/images/themes/theme9/bg.gif","profile_background_tile":false,"profile_link_color":"ABB8C2","profile_sidebar_border_color":"000000","profile_sidebar_fill_color":"000000","profile_text_color":"000000","profile_use_background_image":false,"profile_image_url":"http://pbs.twimg.com/profile_images/880827113271701505/z8FhXoZ7_normal.jpg","profile_image_url_https":"https://pbs.twimg.com/profile_images/880827113271701505/z8FhXoZ7_normal.jpg","profile_banner_url":"https://pbs.twimg.com/profile_banners/7339192/1497371108","default_profile":false,"default_profile_image":false,"following":null,"follow_request_sent":null,"notifications":null},"geo":null,"coordinates":null,"place":null,"contributors":null,"is_quote_status":false,"quote_count":0,"reply_count":1,"retweet_count":9,"favorite_count":34,"entities":{"hashtags":[],"urls":[{"url":"https://t.co/nZYBI8Mv3V","expanded_url":"https://link.medium.com/r07OCbypiT","display_url":"link.medium.com/r07OCbypiT","indices":[80,103]}],"user_mentions":[{"screen_name":"startupdareal","name":"Startupdareal","id":932675351913926700,"id_str":"932675351913926656","indices":[64,78]}],"symbols":[]},"favorited":false,"retweeted":false,"possibly_sensitive":false,"filter_level":"low","lang":"pt"},"is_quote_status":false,"quote_count":0,"reply_count":0,"retweet_count":0,"favorite_count":0,"entities":{"hashtags":[],"urls":[{"url":"https://t.co/nZYBI8Mv3V","expanded_url":"https://link.medium.com/r07OCbypiT","display_url":"link.medium.com/r07OCbypiT","indices":[96,119]}],"user_mentions":[{"screen_name":"gutoscosta","name":"Augusto da S. Costa","id":7339192,"id_str":"7339192","indices":[3,14]},{"screen_name":"startupdareal","name":"Startupdareal","id":932675351913926700,"id_str":"932675351913926656","indices":[80,94]}],"symbols":[]},"favorited":false,"retweeted":false,"possibly_sensitive":false,"filter_level":"low","lang":"pt","matching_rules":[{"tag":null}]}