{"created_at":"Tue Jan 08 21:08:24 +0000 2019","id":1082745859580805100,"id_str":"1082745859580805127","text":"RT @samusrt: “No fim, ainda citando Taleb, a única métrica para ser bem sucedido é não ter vergonha do que faz para viver.” — @startupdarea…","source":"<a href=\"http://twitter.com\" rel=\"nofollow\">Twitter Web Client</a>","truncated":false,"in_reply_to_status_id":null,"in_reply_to_status_id_str":null,"in_reply_to_user_id":null,"in_reply_to_user_id_str":null,"in_reply_to_screen_name":null,"user":{"id":932675351913926700,"id_str":"932675351913926656","name":"Startupdareal","screen_name":"startupdareal","location":"San Francisco, CA","url":"https://medium.com/startup-da-real","description":"#1 lugar livro de empreendedorismo mais vendido na Amazon, com \"Este livro não vai te deixar rico\"","translator_type":"none","protected":false,"verified":false,"followers_count":25736,"friends_count":176,"listed_count":112,"favourites_count":20411,"statuses_count":17948,"created_at":"Mon Nov 20 18:21:46 +0000 2017","utc_offset":null,"time_zone":null,"geo_enabled":true,"lang":"en","contributors_enabled":false,"is_translator":false,"profile_background_color":"000000","profile_background_image_url":"http://abs.twimg.com/images/themes/theme1/bg.png","profile_background_image_url_https":"https://abs.twimg.com/images/themes/theme1/bg.png","profile_background_tile":false,"profile_link_color":"FAB81E","profile_sidebar_border_color":"000000","profile_sidebar_fill_color":"000000","profile_text_color":"000000","profile_use_background_image":false,"profile_image_url":"http://pbs.twimg.com/profile_images/932680310336180226/PXZJpu93_normal.jpg","profile_image_url_https":"https://pbs.twimg.com/profile_images/932680310336180226/PXZJpu93_normal.jpg","profile_banner_url":"https://pbs.twimg.com/profile_banners/932675351913926656/1511203272","default_profile":false,"default_profile_image":false,"following":null,"follow_request_sent":null,"notifications":null},"geo":null,"coordinates":null,"place":null,"contributors":null,"retweeted_status":{"created_at":"Tue Jan 08 21:02:39 +0000 2019","id":1082744414211059700,"id_str":"1082744414211059713","text":"“No fim, ainda citando Taleb, a única métrica para ser bem sucedido é não ter vergonha do que faz para viver.” —… https://t.co/QvV4aJm4Fr","source":"<a href=\"http://twitter.com\" rel=\"nofollow\">Twitter Web Client</a>","truncated":true,"in_reply_to_status_id":null,"in_reply_to_status_id_str":null,"in_reply_to_user_id":null,"in_reply_to_user_id_str":null,"in_reply_to_screen_name":null,"user":{"id":48387025,"id_str":"48387025","name":"Samu Toaldo","screen_name":"samusrt","location":"Brasil","url":"http://goleirodealuguel.com.br","description":"Criei o app Goleiro de Aluguel e sou pai da Sara e do Théo","translator_type":"none","protected":false,"verified":false,"followers_count":206,"friends_count":176,"listed_count":3,"favourites_count":5093,"statuses_count":3498,"created_at":"Thu Jun 18 15:40:23 +0000 2009","utc_offset":null,"time_zone":null,"geo_enabled":true,"lang":"en","contributors_enabled":false,"is_translator":false,"profile_background_color":"C6E2EE","profile_background_image_url":"http://abs.twimg.com/images/themes/theme2/bg.gif","profile_background_image_url_https":"https://abs.twimg.com/images/themes/theme2/bg.gif","profile_background_tile":false,"profile_link_color":"1F98C7","profile_sidebar_border_color":"C6E2EE","profile_sidebar_fill_color":"DAECF4","profile_text_color":"663B12","profile_use_background_image":true,"profile_image_url":"http://pbs.twimg.com/profile_images/1008811203563540480/fCPy7uLd_normal.jpg","profile_image_url_https":"https://pbs.twimg.com/profile_images/1008811203563540480/fCPy7uLd_normal.jpg","profile_banner_url":"https://pbs.twimg.com/profile_banners/48387025/1464309441","default_profile":false,"default_profile_image":false,"following":null,"follow_request_sent":null,"notifications":null},"geo":null,"coordinates":null,"place":null,"contributors":null,"is_quote_status":false,"extended_tweet":{"full_text":"“No fim, ainda citando Taleb, a única métrica para ser bem sucedido é não ter vergonha do que faz para viver.” — @startupdareal https://t.co/3mqXfVOC66","display_text_range":[0,151],"entities":{"hashtags":[],"urls":[{"url":"https://t.co/3mqXfVOC66","expanded_url":"https://link.medium.com/VUqwDyGSjT","display_url":"link.medium.com/VUqwDyGSjT","indices":[128,151]}],"user_mentions":[{"screen_name":"startupdareal","name":"Startupdareal","id":932675351913926700,"id_str":"932675351913926656","indices":[113,127]}],"symbols":[]}},"quote_count":0,"reply_count":0,"retweet_count":3,"favorite_count":16,"entities":{"hashtags":[],"urls":[{"url":"https://t.co/QvV4aJm4Fr","expanded_url":"https://twitter.com/i/web/status/1082744414211059713","display_url":"twitter.com/i/web/status/1…","indices":[114,137]}],"user_mentions":[],"symbols":[]},"favorited":false,"retweeted":false,"possibly_sensitive":false,"filter_level":"low","lang":"pt"},"is_quote_status":false,"quote_count":0,"reply_count":0,"retweet_count":0,"favorite_count":0,"entities":{"hashtags":[],"urls":[],"user_mentions":[{"screen_name":"samusrt","name":"Samu Toaldo","id":48387025,"id_str":"48387025","indices":[3,11]}],"symbols":[]},"favorited":false,"retweeted":false,"filter_level":"low","lang":"pt","matching_rules":[{"tag":null}]}