{"created_at":"Tue Jan 08 00:17:40 +0000 2019","id":1082431104685142000,"id_str":"1082431104685142016","text":"noss https://t.co/IYW11PlU9v","display_text_range":[0,4],"source":"<a href=\"http://twitter.com\" rel=\"nofollow\">Twitter Web Client</a>","truncated":false,"in_reply_to_status_id":null,"in_reply_to_status_id_str":null,"in_reply_to_user_id":null,"in_reply_to_user_id_str":null,"in_reply_to_screen_name":null,"user":{"id":932675351913926700,"id_str":"932675351913926656","name":"Startupdareal","screen_name":"startupdareal","location":"San Francisco, CA","url":"https://medium.com/startup-da-real","description":"#1 lugar livro de empreendedorismo mais vendido na Amazon, com \"Este livro não vai te deixar rico\"","translator_type":"none","protected":false,"verified":false,"followers_count":25736,"friends_count":176,"listed_count":112,"favourites_count":20411,"statuses_count":17948,"created_at":"Mon Nov 20 18:21:46 +0000 2017","utc_offset":null,"time_zone":null,"geo_enabled":true,"lang":"en","contributors_enabled":false,"is_translator":false,"profile_background_color":"000000","profile_background_image_url":"http://abs.twimg.com/images/themes/theme1/bg.png","profile_background_image_url_https":"https://abs.twimg.com/images/themes/theme1/bg.png","profile_background_tile":false,"profile_link_color":"FAB81E","profile_sidebar_border_color":"000000","profile_sidebar_fill_color":"000000","profile_text_color":"000000","profile_use_background_image":false,"profile_image_url":"http://pbs.twimg.com/profile_images/932680310336180226/PXZJpu93_normal.jpg","profile_image_url_https":"https://pbs.twimg.com/profile_images/932680310336180226/PXZJpu93_normal.jpg","profile_banner_url":"https://pbs.twimg.com/profile_banners/932675351913926656/1511203272","default_profile":false,"default_profile_image":false,"following":null,"follow_request_sent":null,"notifications":null},"geo":null,"coordinates":null,"place":null,"contributors":null,"is_quote_status":false,"quote_count":0,"reply_count":2,"retweet_count":35,"favorite_count":148,"entities":{"hashtags":[],"urls":[],"user_mentions":[],"symbols":[],"media":[{"id":1082431066428846100,"id_str":"1082431066428846080","indices":[5,28],"media_url":"http://pbs.twimg.com/media/DwWRUehWsAAW-dp.jpg","media_url_https":"https://pbs.twimg.com/media/DwWRUehWsAAW-dp.jpg","url":"https://t.co/IYW11PlU9v","display_url":"pic.twitter.com/IYW11PlU9v","expanded_url":"https://twitter.com/startupdareal/status/1082431104685142016/photo/1","type":"photo","sizes":{"thumb":{"w":150,"h":150,"resize":"crop"},"small":{"w":662,"h":680,"resize":"fit"},"medium":{"w":735,"h":755,"resize":"fit"},"large":{"w":735,"h":755,"resize":"fit"}}}]},"extended_entities":{"media":[{"id":1082431066428846100,"id_str":"1082431066428846080","indices":[5,28],"media_url":"http://pbs.twimg.com/media/DwWRUehWsAAW-dp.jpg","media_url_https":"https://pbs.twimg.com/media/DwWRUehWsAAW-dp.jpg","url":"https://t.co/IYW11PlU9v","display_url":"pic.twitter.com/IYW11PlU9v","expanded_url":"https://twitter.com/startupdareal/status/1082431104685142016/photo/1","type":"photo","sizes":{"thumb":{"w":150,"h":150,"resize":"crop"},"small":{"w":662,"h":680,"resize":"fit"},"medium":{"w":735,"h":755,"resize":"fit"},"large":{"w":735,"h":755,"resize":"fit"}}}]},"favorited":false,"retweeted":false,"possibly_sensitive":false,"filter_level":"low","lang":"en","matching_rules":[{"tag":null}]}