{"created_at":"Tue Jan 08 13:17:17 +0000 2019","id":1082627303199383600,"id_str":"1082627303199383552","text":"@joaoviniciusdp Mas de novo. É mais fácil ter grana trabalhando do que abrindo uma empresa. Os dados sobre renda de… https://t.co/1mXle2jHpI","display_text_range":[16,140],"source":"<a href=\"http://twitter.com\" rel=\"nofollow\">Twitter Web Client</a>","truncated":true,"in_reply_to_status_id":1082625773020823600,"in_reply_to_status_id_str":"1082625773020823552","in_reply_to_user_id":1068547962983391200,"in_reply_to_user_id_str":"1068547962983391232","in_reply_to_screen_name":null,"user":{"id":932675351913926700,"id_str":"932675351913926656","name":"Startupdareal","screen_name":"startupdareal","location":"San Francisco, CA","url":"https://medium.com/startup-da-real","description":"#1 lugar livro de empreendedorismo mais vendido na Amazon, com \"Este livro não vai te deixar rico\"","translator_type":"none","protected":false,"verified":false,"followers_count":25736,"friends_count":176,"listed_count":112,"favourites_count":20411,"statuses_count":17948,"created_at":"Mon Nov 20 18:21:46 +0000 2017","utc_offset":null,"time_zone":null,"geo_enabled":true,"lang":"en","contributors_enabled":false,"is_translator":false,"profile_background_color":"000000","profile_background_image_url":"http://abs.twimg.com/images/themes/theme1/bg.png","profile_background_image_url_https":"https://abs.twimg.com/images/themes/theme1/bg.png","profile_background_tile":false,"profile_link_color":"FAB81E","profile_sidebar_border_color":"000000","profile_sidebar_fill_color":"000000","profile_text_color":"000000","profile_use_background_image":false,"profile_image_url":"http://pbs.twimg.com/profile_images/932680310336180226/PXZJpu93_normal.jpg","profile_image_url_https":"https://pbs.twimg.com/profile_images/932680310336180226/PXZJpu93_normal.jpg","profile_banner_url":"https://pbs.twimg.com/profile_banners/932675351913926656/1511203272","default_profile":false,"default_profile_image":false,"following":null,"follow_request_sent":null,"notifications":null},"geo":null,"coordinates":null,"place":null,"contributors":null,"is_quote_status":false,"extended_tweet":{"full_text":"@joaoviniciusdp Mas de novo. É mais fácil ter grana trabalhando do que abrindo uma empresa. Os dados sobre renda de empreendedores é assustador. \n\nMesmo se o cara se formar e virar professor de ensino médio, ele ganha mais do que a maioria esmagadora dos empreendedores. https://t.co/vMrxPt6TTD","display_text_range":[16,270],"entities":{"hashtags":[],"urls":[],"user_mentions":[],"symbols":[],"media":[{"id":1082627293267349500,"id_str":"1082627293267349504","indices":[271,294],"media_url":"http://pbs.twimg.com/media/DwZDyYdX0AAXAwN.jpg","media_url_https":"https://pbs.twimg.com/media/DwZDyYdX0AAXAwN.jpg","url":"https://t.co/vMrxPt6TTD","display_url":"pic.twitter.com/vMrxPt6TTD","expanded_url":"https://twitter.com/startupdareal/status/1082627303199383552/photo/1","type":"photo","sizes":{"thumb":{"w":150,"h":150,"resize":"crop"},"medium":{"w":1200,"h":268,"resize":"fit"},"large":{"w":1514,"h":338,"resize":"fit"},"small":{"w":680,"h":152,"resize":"fit"}}}]},"extended_entities":{"media":[{"id":1082627293267349500,"id_str":"1082627293267349504","indices":[271,294],"media_url":"http://pbs.twimg.com/media/DwZDyYdX0AAXAwN.jpg","media_url_https":"https://pbs.twimg.com/media/DwZDyYdX0AAXAwN.jpg","url":"https://t.co/vMrxPt6TTD","display_url":"pic.twitter.com/vMrxPt6TTD","expanded_url":"https://twitter.com/startupdareal/status/1082627303199383552/photo/1","type":"photo","sizes":{"thumb":{"w":150,"h":150,"resize":"crop"},"medium":{"w":1200,"h":268,"resize":"fit"},"large":{"w":1514,"h":338,"resize":"fit"},"small":{"w":680,"h":152,"resize":"fit"}}}]}},"quote_count":0,"reply_count":1,"retweet_count":0,"favorite_count":1,"entities":{"hashtags":[],"urls":[{"url":"https://t.co/1mXle2jHpI","expanded_url":"https://twitter.com/i/web/status/1082627303199383552","display_url":"twitter.com/i/web/status/1…","indices":[117,140]}],"user_mentions":[],"symbols":[]},"favorited":false,"retweeted":false,"possibly_sensitive":false,"filter_level":"low","lang":"pt","matching_rules":[{"tag":null}]}