{"created_at":"Wed Jan 09 01:06:16 +0000 2019","id":1082805722524594200,"id_str":"1082805722524594176","text":"RT @chatFreitas: @startupdareal Dos ricos que conheço:\n1. Eu exploro todos que posso.\n2. Eu burlo as normas o máximo que posso.\n3. Meus ami…","source":"<a href=\"http://twitter.com\" rel=\"nofollow\">Twitter Web Client</a>","truncated":false,"in_reply_to_status_id":null,"in_reply_to_status_id_str":null,"in_reply_to_user_id":null,"in_reply_to_user_id_str":null,"in_reply_to_screen_name":null,"user":{"id":932675351913926700,"id_str":"932675351913926656","name":"Startupdareal","screen_name":"startupdareal","location":"San Francisco, CA","url":"https://medium.com/startup-da-real","description":"#1 lugar livro de empreendedorismo mais vendido na Amazon, com \"Este livro não vai te deixar rico\"","translator_type":"none","protected":false,"verified":false,"followers_count":25736,"friends_count":176,"listed_count":112,"favourites_count":20411,"statuses_count":17948,"created_at":"Mon Nov 20 18:21:46 +0000 2017","utc_offset":null,"time_zone":null,"geo_enabled":true,"lang":"en","contributors_enabled":false,"is_translator":false,"profile_background_color":"000000","profile_background_image_url":"http://abs.twimg.com/images/themes/theme1/bg.png","profile_background_image_url_https":"https://abs.twimg.com/images/themes/theme1/bg.png","profile_background_tile":false,"profile_link_color":"FAB81E","profile_sidebar_border_color":"000000","profile_sidebar_fill_color":"000000","profile_text_color":"000000","profile_use_background_image":false,"profile_image_url":"http://pbs.twimg.com/profile_images/932680310336180226/PXZJpu93_normal.jpg","profile_image_url_https":"https://pbs.twimg.com/profile_images/932680310336180226/PXZJpu93_normal.jpg","profile_banner_url":"https://pbs.twimg.com/profile_banners/932675351913926656/1511203272","default_profile":false,"default_profile_image":false,"following":null,"follow_request_sent":null,"notifications":null},"geo":null,"coordinates":null,"place":null,"contributors":null,"retweeted_status":{"created_at":"Wed Jan 09 00:57:01 +0000 2019","id":1082803394874622000,"id_str":"1082803394874621952","text":"@startupdareal Dos ricos que conheço:\n1. Eu exploro todos que posso.\n2. Eu burlo as normas o máximo que posso.\n3. M… https://t.co/YBLBpaXwuD","display_text_range":[15,140],"source":"<a href=\"http://twitter.com/download/android\" rel=\"nofollow\">Twitter for Android</a>","truncated":true,"in_reply_to_status_id":1082736710855856100,"in_reply_to_status_id_str":"1082736710855856129","in_reply_to_user_id":932675351913926700,"in_reply_to_user_id_str":"932675351913926656","in_reply_to_screen_name":"startupdareal","user":{"id":905488370574483500,"id_str":"905488370574483460","name":"Channa","screen_name":"chatnoirbh","location":"Belo Horizonte, Brasil","url":null,"description":"O que mais me perturba não é a falta de ter com quem partilhar, mas sim a partilha com todos do que mais me falta e me sinto obrigada a doar.","translator_type":"none","protected":false,"verified":false,"followers_count":9,"friends_count":98,"listed_count":0,"favourites_count":1238,"statuses_count":197,"created_at":"Wed Sep 06 17:50:25 +0000 2017","utc_offset":null,"time_zone":null,"geo_enabled":false,"lang":"pt","contributors_enabled":false,"is_translator":false,"profile_background_color":"000000","profile_background_image_url":"http://abs.twimg.com/images/themes/theme1/bg.png","profile_background_image_url_https":"https://abs.twimg.com/images/themes/theme1/bg.png","profile_background_tile":false,"profile_link_color":"981CEB","profile_sidebar_border_color":"000000","profile_sidebar_fill_color":"000000","profile_text_color":"000000","profile_use_background_image":false,"profile_image_url":"http://pbs.twimg.com/profile_images/1017117636948262913/uMWHdzqL_normal.jpg","profile_image_url_https":"https://pbs.twimg.com/profile_images/1017117636948262913/uMWHdzqL_normal.jpg","profile_banner_url":"https://pbs.twimg.com/profile_banners/905488370574483460/1530413139","default_profile":false,"default_profile_image":false,"following":null,"follow_request_sent":null,"notifications":null},"geo":null,"coordinates":null,"place":null,"contributors":null,"is_quote_status":false,"extended_tweet":{"full_text":"@startupdareal Dos ricos que conheço:\n1. Eu exploro todos que posso.\n2. Eu burlo as normas o máximo que posso.\n3. Meus amigos poderosos facilitam e me abrem caminhos.\n4. Tento te convencer que as diferenças são naturais e que sou totalmente do bem. E ajudo o país. Quase um filantropo.","display_text_range":[15,285],"entities":{"hashtags":[],"urls":[],"user_mentions":[{"screen_name":"startupdareal","name":"Startupdareal","id":932675351913926700,"id_str":"932675351913926656","indices":[0,14]}],"symbols":[]}},"quote_count":0,"reply_count":0,"retweet_count":17,"favorite_count":98,"entities":{"hashtags":[],"urls":[{"url":"https://t.co/YBLBpaXwuD","expanded_url":"https://twitter.com/i/web/status/1082803394874621952","display_url":"twitter.com/i/web/status/1…","indices":[117,140]}],"user_mentions":[{"screen_name":"startupdareal","name":"Startupdareal","id":932675351913926700,"id_str":"932675351913926656","indices":[0,14]}],"symbols":[]},"favorited":false,"retweeted":false,"filter_level":"low","lang":"pt"},"is_quote_status":false,"quote_count":0,"reply_count":0,"retweet_count":0,"favorite_count":0,"entities":{"hashtags":[],"urls":[],"user_mentions":[{"screen_name":"chatFreitas","name":null,"id":null,"id_str":null,"indices":[3,15]},{"screen_name":"startupdareal","name":"Startupdareal","id":932675351913926700,"id_str":"932675351913926656","indices":[17,31]}],"symbols":[]},"favorited":false,"retweeted":false,"filter_level":"low","lang":"pt","matching_rules":[{"tag":null}]}