{"created_at":"Mon Jan 07 16:18:59 +0000 2019","id":1082310638121205800,"id_str":"1082310638121205766","text":"RT @felipemenhem: @startupdareal Sobre a parte do conhecimento e Dunning-Kruger, tem esse artigo do @voxdotcom.\n\nhttps://t.co/AxMiWMFL0l","source":"<a href=\"http://twitter.com\" rel=\"nofollow\">Twitter Web Client</a>","truncated":false,"in_reply_to_status_id":null,"in_reply_to_status_id_str":null,"in_reply_to_user_id":null,"in_reply_to_user_id_str":null,"in_reply_to_screen_name":null,"user":{"id":932675351913926700,"id_str":"932675351913926656","name":"Startupdareal","screen_name":"startupdareal","location":"San Francisco, CA","url":"https://medium.com/startup-da-real","description":"#1 lugar livro de empreendedorismo mais vendido na Amazon, com \"Este livro não vai te deixar rico\"","translator_type":"none","protected":false,"verified":false,"followers_count":25736,"friends_count":176,"listed_count":112,"favourites_count":20411,"statuses_count":17948,"created_at":"Mon Nov 20 18:21:46 +0000 2017","utc_offset":null,"time_zone":null,"geo_enabled":true,"lang":"en","contributors_enabled":false,"is_translator":false,"profile_background_color":"000000","profile_background_image_url":"http://abs.twimg.com/images/themes/theme1/bg.png","profile_background_image_url_https":"https://abs.twimg.com/images/themes/theme1/bg.png","profile_background_tile":false,"profile_link_color":"FAB81E","profile_sidebar_border_color":"000000","profile_sidebar_fill_color":"000000","profile_text_color":"000000","profile_use_background_image":false,"profile_image_url":"http://pbs.twimg.com/profile_images/932680310336180226/PXZJpu93_normal.jpg","profile_image_url_https":"https://pbs.twimg.com/profile_images/932680310336180226/PXZJpu93_normal.jpg","profile_banner_url":"https://pbs.twimg.com/profile_banners/932675351913926656/1511203272","default_profile":false,"default_profile_image":false,"following":null,"follow_request_sent":null,"notifications":null},"geo":null,"coordinates":null,"place":null,"contributors":null,"retweeted_status":{"created_at":"Mon Jan 07 16:14:25 +0000 2019","id":1082309490689654800,"id_str":"1082309490689654784","text":"@startupdareal Sobre a parte do conhecimento e Dunning-Kruger, tem esse artigo do @voxdotcom.\n\nhttps://t.co/AxMiWMFL0l","display_text_range":[15,118],"source":"<a href=\"http://twitter.com/download/android\" rel=\"nofollow\">Twitter for Android</a>","truncated":false,"in_reply_to_status_id":1082284329340940300,"in_reply_to_status_id_str":"1082284329340940288","in_reply_to_user_id":932675351913926700,"in_reply_to_user_id_str":"932675351913926656","in_reply_to_screen_name":"startupdareal","user":{"id":16475883,"id_str":"16475883","name":"Felipe Menhem","screen_name":"felipemenhem","location":"São Paulo, Brazil","url":"http://www.felipemenhem.com.br","description":"Tô ajudando a criar a @42formas. Mais esportes, comunicação, fotografia e mobilidade.","translator_type":"regular","protected":false,"verified":false,"followers_count":702,"friends_count":475,"listed_count":18,"favourites_count":2716,"statuses_count":13601,"created_at":"Fri Sep 26 22:06:08 +0000 2008","utc_offset":null,"time_zone":null,"geo_enabled":false,"lang":"pt","contributors_enabled":false,"is_translator":false,"profile_background_color":"210505","profile_background_image_url":"http://abs.twimg.com/images/themes/theme2/bg.gif","profile_background_image_url_https":"https://abs.twimg.com/images/themes/theme2/bg.gif","profile_background_tile":true,"profile_link_color":"E16E1A","profile_sidebar_border_color":"000000","profile_sidebar_fill_color":"E5DFB6","profile_text_color":"4B472F","profile_use_background_image":true,"profile_image_url":"http://pbs.twimg.com/profile_images/1044696371394224132/saQJh1lh_normal.jpg","profile_image_url_https":"https://pbs.twimg.com/profile_images/1044696371394224132/saQJh1lh_normal.jpg","profile_banner_url":"https://pbs.twimg.com/profile_banners/16475883/1409082755","default_profile":false,"default_profile_image":false,"following":null,"follow_request_sent":null,"notifications":null},"geo":null,"coordinates":null,"place":null,"contributors":null,"is_quote_status":false,"quote_count":0,"reply_count":1,"retweet_count":5,"favorite_count":15,"entities":{"hashtags":[],"urls":[{"url":"https://t.co/AxMiWMFL0l","expanded_url":"https://www.vox.com/science-and-health/2019/1/4/17989224/intellectual-humility-explained-psychology-replication?fbclid=IwAR33-3VB_gjCl4N_W8YyfpcFc27lsygwn2PcGCIMnf0EJ1bOuDRF8Gpe5C4","display_url":"vox.com/science-and-he…","indices":[95,118]}],"user_mentions":[{"screen_name":"startupdareal","name":"Startupdareal","id":932675351913926700,"id_str":"932675351913926656","indices":[0,14]},{"screen_name":"voxdotcom","name":"Vox","id":2347049341,"id_str":"2347049341","indices":[82,92]}],"symbols":[]},"favorited":false,"retweeted":false,"possibly_sensitive":false,"filter_level":"low","lang":"pt"},"is_quote_status":false,"quote_count":0,"reply_count":0,"retweet_count":0,"favorite_count":0,"entities":{"hashtags":[],"urls":[{"url":"https://t.co/AxMiWMFL0l","expanded_url":"https://www.vox.com/science-and-health/2019/1/4/17989224/intellectual-humility-explained-psychology-replication?fbclid=IwAR33-3VB_gjCl4N_W8YyfpcFc27lsygwn2PcGCIMnf0EJ1bOuDRF8Gpe5C4","display_url":"vox.com/science-and-he…","indices":[113,136]}],"user_mentions":[{"screen_name":"felipemenhem","name":"Felipe Menhem","id":16475883,"id_str":"16475883","indices":[3,16]},{"screen_name":"startupdareal","name":"Startupdareal","id":932675351913926700,"id_str":"932675351913926656","indices":[18,32]},{"screen_name":"voxdotcom","name":"Vox","id":2347049341,"id_str":"2347049341","indices":[100,110]}],"symbols":[]},"favorited":false,"retweeted":false,"possibly_sensitive":false,"filter_level":"low","lang":"pt","matching_rules":[{"tag":null}]}