{"created_at":"Mon Jan 07 18:29:53 +0000 2019","id":1082343581711507500,"id_str":"1082343581711507457","text":"RT @rubemmayer: Obrigado @startupdareal por me fazer perder O Jogo. Acho que fazia mais de ano que eu não perdia.\n\nAliás, excelente texto…","source":"<a href=\"http://twitter.com\" rel=\"nofollow\">Twitter Web Client</a>","truncated":false,"in_reply_to_status_id":null,"in_reply_to_status_id_str":null,"in_reply_to_user_id":null,"in_reply_to_user_id_str":null,"in_reply_to_screen_name":null,"user":{"id":932675351913926700,"id_str":"932675351913926656","name":"Startupdareal","screen_name":"startupdareal","location":"San Francisco, CA","url":"https://medium.com/startup-da-real","description":"#1 lugar livro de empreendedorismo mais vendido na Amazon, com \"Este livro não vai te deixar rico\"","translator_type":"none","protected":false,"verified":false,"followers_count":25736,"friends_count":176,"listed_count":112,"favourites_count":20411,"statuses_count":17948,"created_at":"Mon Nov 20 18:21:46 +0000 2017","utc_offset":null,"time_zone":null,"geo_enabled":true,"lang":"en","contributors_enabled":false,"is_translator":false,"profile_background_color":"000000","profile_background_image_url":"http://abs.twimg.com/images/themes/theme1/bg.png","profile_background_image_url_https":"https://abs.twimg.com/images/themes/theme1/bg.png","profile_background_tile":false,"profile_link_color":"FAB81E","profile_sidebar_border_color":"000000","profile_sidebar_fill_color":"000000","profile_text_color":"000000","profile_use_background_image":false,"profile_image_url":"http://pbs.twimg.com/profile_images/932680310336180226/PXZJpu93_normal.jpg","profile_image_url_https":"https://pbs.twimg.com/profile_images/932680310336180226/PXZJpu93_normal.jpg","profile_banner_url":"https://pbs.twimg.com/profile_banners/932675351913926656/1511203272","default_profile":false,"default_profile_image":false,"following":null,"follow_request_sent":null,"notifications":null},"geo":null,"coordinates":null,"place":null,"contributors":null,"retweeted_status":{"created_at":"Mon Jan 07 18:28:37 +0000 2019","id":1082343261019217900,"id_str":"1082343261019217920","text":"Obrigado @startupdareal por me fazer perder O Jogo. Acho que fazia mais de ano que eu não perdia.\n\nAliás, excelente… https://t.co/q9IqtsTdBJ","source":"<a href=\"http://twitter.com\" rel=\"nofollow\">Twitter Web Client</a>","truncated":true,"in_reply_to_status_id":null,"in_reply_to_status_id_str":null,"in_reply_to_user_id":null,"in_reply_to_user_id_str":null,"in_reply_to_screen_name":null,"user":{"id":163862900,"id_str":"163862900","name":"Rubem Mayer","screen_name":"rubemmayer","location":"São Paulo, Brasil","url":"https://rubemmayer.com","description":"Autor, Escritor, Blogueiro e Especialista de Boteco","translator_type":"none","protected":false,"verified":false,"followers_count":557,"friends_count":230,"listed_count":0,"favourites_count":255,"statuses_count":600,"created_at":"Wed Jul 07 13:29:45 +0000 2010","utc_offset":null,"time_zone":null,"geo_enabled":false,"lang":"pt","contributors_enabled":false,"is_translator":false,"profile_background_color":"000000","profile_background_image_url":"http://abs.twimg.com/images/themes/theme1/bg.png","profile_background_image_url_https":"https://abs.twimg.com/images/themes/theme1/bg.png","profile_background_tile":false,"profile_link_color":"000000","profile_sidebar_border_color":"000000","profile_sidebar_fill_color":"000000","profile_text_color":"000000","profile_use_background_image":false,"profile_image_url":"http://pbs.twimg.com/profile_images/1034821113367461888/3S1eN9KJ_normal.jpg","profile_image_url_https":"https://pbs.twimg.com/profile_images/1034821113367461888/3S1eN9KJ_normal.jpg","profile_banner_url":"https://pbs.twimg.com/profile_banners/163862900/1535554678","default_profile":false,"default_profile_image":false,"following":null,"follow_request_sent":null,"notifications":null},"geo":null,"coordinates":null,"place":null,"contributors":null,"is_quote_status":false,"extended_tweet":{"full_text":"Obrigado @startupdareal por me fazer perder O Jogo. Acho que fazia mais de ano que eu não perdia.\n\nAliás, excelente texto\n\nhttps://t.co/v7Qa7w9zz9","display_text_range":[0,146],"entities":{"hashtags":[],"urls":[{"url":"https://t.co/v7Qa7w9zz9","expanded_url":"https://medium.com/startup-da-real/como-n%C3%A3o-planejar-uma-vida-de-sucesso-3dc8433162be","display_url":"medium.com/startup-da-rea…","indices":[123,146]}],"user_mentions":[{"screen_name":"startupdareal","name":"Startupdareal","id":932675351913926700,"id_str":"932675351913926656","indices":[9,23]}],"symbols":[]}},"quote_count":0,"reply_count":0,"retweet_count":2,"favorite_count":6,"entities":{"hashtags":[],"urls":[{"url":"https://t.co/q9IqtsTdBJ","expanded_url":"https://twitter.com/i/web/status/1082343261019217920","display_url":"twitter.com/i/web/status/1…","indices":[117,140]}],"user_mentions":[{"screen_name":"startupdareal","name":"Startupdareal","id":932675351913926700,"id_str":"932675351913926656","indices":[9,23]}],"symbols":[]},"favorited":false,"retweeted":false,"possibly_sensitive":false,"filter_level":"low","lang":"pt"},"is_quote_status":false,"quote_count":0,"reply_count":0,"retweet_count":0,"favorite_count":0,"entities":{"hashtags":[],"urls":[],"user_mentions":[{"screen_name":"rubemmayer","name":"Rubem Mayer","id":163862900,"id_str":"163862900","indices":[3,14]},{"screen_name":"startupdareal","name":"Startupdareal","id":932675351913926700,"id_str":"932675351913926656","indices":[25,39]}],"symbols":[]},"favorited":false,"retweeted":false,"filter_level":"low","lang":"pt","matching_rules":[{"tag":null}]}