{"created_at":"Mon Jan 07 19:33:48 +0000 2019","id":1082359667722997800,"id_str":"1082359667722997763","text":"RT @flarissacosta: “Como não planejar uma vida de sucesso” by Startup da Real https://t.co/recoO59O6q\n\nVlw ⁦@startupdareal⁩ https://t.co/Xq…","source":"<a href=\"http://twitter.com\" rel=\"nofollow\">Twitter Web Client</a>","truncated":false,"in_reply_to_status_id":null,"in_reply_to_status_id_str":null,"in_reply_to_user_id":null,"in_reply_to_user_id_str":null,"in_reply_to_screen_name":null,"user":{"id":932675351913926700,"id_str":"932675351913926656","name":"Startupdareal","screen_name":"startupdareal","location":"San Francisco, CA","url":"https://medium.com/startup-da-real","description":"#1 lugar livro de empreendedorismo mais vendido na Amazon, com \"Este livro não vai te deixar rico\"","translator_type":"none","protected":false,"verified":false,"followers_count":25736,"friends_count":176,"listed_count":112,"favourites_count":20411,"statuses_count":17948,"created_at":"Mon Nov 20 18:21:46 +0000 2017","utc_offset":null,"time_zone":null,"geo_enabled":true,"lang":"en","contributors_enabled":false,"is_translator":false,"profile_background_color":"000000","profile_background_image_url":"http://abs.twimg.com/images/themes/theme1/bg.png","profile_background_image_url_https":"https://abs.twimg.com/images/themes/theme1/bg.png","profile_background_tile":false,"profile_link_color":"FAB81E","profile_sidebar_border_color":"000000","profile_sidebar_fill_color":"000000","profile_text_color":"000000","profile_use_background_image":false,"profile_image_url":"http://pbs.twimg.com/profile_images/932680310336180226/PXZJpu93_normal.jpg","profile_image_url_https":"https://pbs.twimg.com/profile_images/932680310336180226/PXZJpu93_normal.jpg","profile_banner_url":"https://pbs.twimg.com/profile_banners/932675351913926656/1511203272","default_profile":false,"default_profile_image":false,"following":null,"follow_request_sent":null,"notifications":null},"geo":null,"coordinates":null,"place":null,"contributors":null,"retweeted_status":{"created_at":"Mon Jan 07 19:32:07 +0000 2019","id":1082359244974972900,"id_str":"1082359244974972930","text":"“Como não planejar uma vida de sucesso” by Startup da Real https://t.co/recoO59O6q\n\nVlw ⁦@startupdareal⁩ https://t.co/Xqe71LOLyL","display_text_range":[0,104],"source":"<a href=\"http://twitter.com/download/iphone\" rel=\"nofollow\">Twitter for iPhone</a>","truncated":false,"in_reply_to_status_id":null,"in_reply_to_status_id_str":null,"in_reply_to_user_id":null,"in_reply_to_user_id_str":null,"in_reply_to_screen_name":null,"user":{"id":194097748,"id_str":"194097748","name":"Nolite te bastardes carborundorum, bitches","screen_name":"flarissacosta","location":"Brazil","url":"http://Instagram.com/f.larissacosta","description":"eu imagino referências de filmes e memes (as vezes os dois) pra maioria das situações","translator_type":"none","protected":false,"verified":false,"followers_count":464,"friends_count":584,"listed_count":1,"favourites_count":2889,"statuses_count":4635,"created_at":"Thu Sep 23 12:36:55 +0000 2010","utc_offset":null,"time_zone":null,"geo_enabled":true,"lang":"en","contributors_enabled":false,"is_translator":false,"profile_background_color":"C0DEED","profile_background_image_url":"http://abs.twimg.com/images/themes/theme1/bg.png","profile_background_image_url_https":"https://abs.twimg.com/images/themes/theme1/bg.png","profile_background_tile":false,"profile_link_color":"0F6CBD","profile_sidebar_border_color":"FFFFFF","profile_sidebar_fill_color":"DDEEF6","profile_text_color":"333333","profile_use_background_image":true,"profile_image_url":"http://pbs.twimg.com/profile_images/1058355184362024960/7Kxwyfi0_normal.jpg","profile_image_url_https":"https://pbs.twimg.com/profile_images/1058355184362024960/7Kxwyfi0_normal.jpg","profile_banner_url":"https://pbs.twimg.com/profile_banners/194097748/1541166946","default_profile":false,"default_profile_image":false,"following":null,"follow_request_sent":null,"notifications":null},"geo":null,"coordinates":null,"place":null,"contributors":null,"is_quote_status":false,"quote_count":0,"reply_count":0,"retweet_count":1,"favorite_count":11,"entities":{"hashtags":[],"urls":[{"url":"https://t.co/recoO59O6q","expanded_url":"https://link.medium.com/7zisQBm7hT","display_url":"link.medium.com/7zisQBm7hT","indices":[59,82]}],"user_mentions":[{"screen_name":"startupdareal","name":"Startupdareal","id":932675351913926700,"id_str":"932675351913926656","indices":[89,103]}],"symbols":[],"media":[{"id":1082359239698534400,"id_str":"1082359239698534405","indices":[105,128],"media_url":"http://pbs.twimg.com/media/DwVP_nGX0AUGMxx.jpg","media_url_https":"https://pbs.twimg.com/media/DwVP_nGX0AUGMxx.jpg","url":"https://t.co/Xqe71LOLyL","display_url":"pic.twitter.com/Xqe71LOLyL","expanded_url":"https://twitter.com/flarissacosta/status/1082359244974972930/photo/1","type":"photo","sizes":{"medium":{"w":750,"h":586,"resize":"fit"},"thumb":{"w":150,"h":150,"resize":"crop"},"large":{"w":750,"h":586,"resize":"fit"},"small":{"w":680,"h":531,"resize":"fit"}}}]},"extended_entities":{"media":[{"id":1082359239698534400,"id_str":"1082359239698534405","indices":[105,128],"media_url":"http://pbs.twimg.com/media/DwVP_nGX0AUGMxx.jpg","media_url_https":"https://pbs.twimg.com/media/DwVP_nGX0AUGMxx.jpg","url":"https://t.co/Xqe71LOLyL","display_url":"pic.twitter.com/Xqe71LOLyL","expanded_url":"https://twitter.com/flarissacosta/status/1082359244974972930/photo/1","type":"photo","sizes":{"medium":{"w":750,"h":586,"resize":"fit"},"thumb":{"w":150,"h":150,"resize":"crop"},"large":{"w":750,"h":586,"resize":"fit"},"small":{"w":680,"h":531,"resize":"fit"}}}]},"favorited":false,"retweeted":false,"possibly_sensitive":false,"filter_level":"low","lang":"pt"},"is_quote_status":false,"quote_count":0,"reply_count":0,"retweet_count":0,"favorite_count":0,"entities":{"hashtags":[],"urls":[{"url":"https://t.co/recoO59O6q","expanded_url":"https://link.medium.com/7zisQBm7hT","display_url":"link.medium.com/7zisQBm7hT","indices":[78,101]}],"user_mentions":[{"screen_name":"flarissacosta","name":"Nolite te bastardes carborundorum, bitches","id":194097748,"id_str":"194097748","indices":[3,17]},{"screen_name":"startupdareal","name":"Startupdareal","id":932675351913926700,"id_str":"932675351913926656","indices":[108,122]}],"symbols":[]},"favorited":false,"retweeted":false,"possibly_sensitive":false,"filter_level":"low","lang":"pt","matching_rules":[{"tag":null}]}