{"created_at":"Mon Jan 07 15:18:13 +0000 2019","id":1082295348171808800,"id_str":"1082295348171808768","text":"RT @eusouabatgirl_: Texto foda!  \"Como não planejar uma vida de sucesso\" - @startupdareal https://t.co/dvDfe3XPrf https://t.co/9KhyJiaYtX","source":"<a href=\"http://twitter.com/download/iphone\" rel=\"nofollow\">Twitter for iPhone</a>","truncated":false,"in_reply_to_status_id":null,"in_reply_to_status_id_str":null,"in_reply_to_user_id":null,"in_reply_to_user_id_str":null,"in_reply_to_screen_name":null,"user":{"id":932675351913926700,"id_str":"932675351913926656","name":"Startupdareal","screen_name":"startupdareal","location":"San Francisco, CA","url":"https://medium.com/startup-da-real","description":"#1 lugar livro de empreendedorismo mais vendido na Amazon, com \"Este livro não vai te deixar rico\"","translator_type":"none","protected":false,"verified":false,"followers_count":25736,"friends_count":176,"listed_count":112,"favourites_count":20411,"statuses_count":17948,"created_at":"Mon Nov 20 18:21:46 +0000 2017","utc_offset":null,"time_zone":null,"geo_enabled":true,"lang":"en","contributors_enabled":false,"is_translator":false,"profile_background_color":"000000","profile_background_image_url":"http://abs.twimg.com/images/themes/theme1/bg.png","profile_background_image_url_https":"https://abs.twimg.com/images/themes/theme1/bg.png","profile_background_tile":false,"profile_link_color":"FAB81E","profile_sidebar_border_color":"000000","profile_sidebar_fill_color":"000000","profile_text_color":"000000","profile_use_background_image":false,"profile_image_url":"http://pbs.twimg.com/profile_images/932680310336180226/PXZJpu93_normal.jpg","profile_image_url_https":"https://pbs.twimg.com/profile_images/932680310336180226/PXZJpu93_normal.jpg","profile_banner_url":"https://pbs.twimg.com/profile_banners/932675351913926656/1511203272","default_profile":false,"default_profile_image":false,"following":null,"follow_request_sent":null,"notifications":null},"geo":null,"coordinates":null,"place":null,"contributors":null,"retweeted_status":{"created_at":"Mon Jan 07 15:14:51 +0000 2019","id":1082294501073473500,"id_str":"1082294501073473537","text":"Texto foda!  \"Como não planejar uma vida de sucesso\" - @startupdareal https://t.co/dvDfe3XPrf https://t.co/9KhyJiaYtX","display_text_range":[0,93],"source":"<a href=\"https://medium.com\" rel=\"nofollow\">Medium</a>","truncated":false,"in_reply_to_status_id":null,"in_reply_to_status_id_str":null,"in_reply_to_user_id":null,"in_reply_to_user_id_str":null,"in_reply_to_screen_name":null,"user":{"id":100003852,"id_str":"100003852","name":"carol","screen_name":"eusouabatgirl_","location":"Campo Grande, Rio de Janeiro","url":"https://open.spotify.com/user/12168008340?si=rzXro6z5SYibW7J4A6VCzQ","description":"gosto de filmes sem sentido, livros sem clichês, memes idiotas e uns metal aí","translator_type":"none","protected":false,"verified":false,"followers_count":266,"friends_count":221,"listed_count":23,"favourites_count":12988,"statuses_count":5191,"created_at":"Mon Dec 28 17:37:28 +0000 2009","utc_offset":null,"time_zone":null,"geo_enabled":true,"lang":"pt","contributors_enabled":false,"is_translator":false,"profile_background_color":"131516","profile_background_image_url":"http://abs.twimg.com/images/themes/theme18/bg.gif","profile_background_image_url_https":"https://abs.twimg.com/images/themes/theme18/bg.gif","profile_background_tile":true,"profile_link_color":"343434","profile_sidebar_border_color":"FFFFFF","profile_sidebar_fill_color":"F6F6F6","profile_text_color":"333333","profile_use_background_image":true,"profile_image_url":"http://pbs.twimg.com/profile_images/1092609144912257024/zG7OZq1n_normal.jpg","profile_image_url_https":"https://pbs.twimg.com/profile_images/1092609144912257024/zG7OZq1n_normal.jpg","profile_banner_url":"https://pbs.twimg.com/profile_banners/100003852/1549333542","default_profile":false,"default_profile_image":false,"following":null,"follow_request_sent":null,"notifications":null},"geo":null,"coordinates":null,"place":null,"contributors":null,"is_quote_status":false,"quote_count":0,"reply_count":0,"retweet_count":1,"favorite_count":18,"entities":{"hashtags":[],"urls":[{"url":"https://t.co/dvDfe3XPrf","expanded_url":"https://link.medium.com/fFKWpnQOhT","display_url":"link.medium.com/fFKWpnQOhT","indices":[70,93]}],"user_mentions":[{"screen_name":"startupdareal","name":"Startupdareal","id":932675351913926700,"id_str":"932675351913926656","indices":[55,69]}],"symbols":[],"media":[{"id":1082294499114696700,"id_str":"1082294499114696708","indices":[94,117],"description":"“…Não alcançar esses sonhos idealistas não significa que você será menos feliz, pelo contrário, alcançar todos estes sonhos normalmente não te deixará mais feliz.” from “Como não planejar uma vida de sucesso” by Startup da Real.","media_url":"http://pbs.twimg.com/media/DwUVHNoXQAQVzdn.jpg","media_url_https":"https://pbs.twimg.com/media/DwUVHNoXQAQVzdn.jpg","url":"https://t.co/9KhyJiaYtX","display_url":"pic.twitter.com/9KhyJiaYtX","expanded_url":"https://twitter.com/eusouabatgirl_/status/1082294501073473537/photo/1","type":"photo","sizes":{"thumb":{"w":150,"h":150,"resize":"crop"},"large":{"w":750,"h":467,"resize":"fit"},"medium":{"w":750,"h":467,"resize":"fit"},"small":{"w":680,"h":423,"resize":"fit"}}}]},"extended_entities":{"media":[{"id":1082294499114696700,"id_str":"1082294499114696708","indices":[94,117],"description":"“…Não alcançar esses sonhos idealistas não significa que você será menos feliz, pelo contrário, alcançar todos estes sonhos normalmente não te deixará mais feliz.” from “Como não planejar uma vida de sucesso” by Startup da Real.","media_url":"http://pbs.twimg.com/media/DwUVHNoXQAQVzdn.jpg","media_url_https":"https://pbs.twimg.com/media/DwUVHNoXQAQVzdn.jpg","url":"https://t.co/9KhyJiaYtX","display_url":"pic.twitter.com/9KhyJiaYtX","expanded_url":"https://twitter.com/eusouabatgirl_/status/1082294501073473537/photo/1","type":"photo","sizes":{"thumb":{"w":150,"h":150,"resize":"crop"},"large":{"w":750,"h":467,"resize":"fit"},"medium":{"w":750,"h":467,"resize":"fit"},"small":{"w":680,"h":423,"resize":"fit"}}}]},"favorited":false,"retweeted":false,"possibly_sensitive":false,"filter_level":"low","lang":"pt"},"is_quote_status":false,"quote_count":0,"reply_count":0,"retweet_count":0,"favorite_count":0,"entities":{"hashtags":[],"urls":[{"url":"https://t.co/dvDfe3XPrf","expanded_url":"https://link.medium.com/fFKWpnQOhT","display_url":"link.medium.com/fFKWpnQOhT","indices":[90,113]}],"user_mentions":[{"screen_name":"eusouabatgirl_","name":"carol","id":100003852,"id_str":"100003852","indices":[3,18]},{"screen_name":"startupdareal","name":"Startupdareal","id":932675351913926700,"id_str":"932675351913926656","indices":[75,89]}],"symbols":[],"media":[{"id":1082294499114696700,"id_str":"1082294499114696708","indices":[114,137],"description":"“…Não alcançar esses sonhos idealistas não significa que você será menos feliz, pelo contrário, alcançar todos estes sonhos normalmente não te deixará mais feliz.” from “Como não planejar uma vida de sucesso” by Startup da Real.","media_url":"http://pbs.twimg.com/media/DwUVHNoXQAQVzdn.jpg","media_url_https":"https://pbs.twimg.com/media/DwUVHNoXQAQVzdn.jpg","url":"https://t.co/9KhyJiaYtX","display_url":"pic.twitter.com/9KhyJiaYtX","expanded_url":"https://twitter.com/eusouabatgirl_/status/1082294501073473537/photo/1","type":"photo","sizes":{"thumb":{"w":150,"h":150,"resize":"crop"},"large":{"w":750,"h":467,"resize":"fit"},"medium":{"w":750,"h":467,"resize":"fit"},"small":{"w":680,"h":423,"resize":"fit"}},"source_status_id":1082294501073473500,"source_status_id_str":"1082294501073473537","source_user_id":100003852,"source_user_id_str":"100003852"}]},"extended_entities":{"media":[{"id":1082294499114696700,"id_str":"1082294499114696708","indices":[114,137],"description":"“…Não alcançar esses sonhos idealistas não significa que você será menos feliz, pelo contrário, alcançar todos estes sonhos normalmente não te deixará mais feliz.” from “Como não planejar uma vida de sucesso” by Startup da Real.","media_url":"http://pbs.twimg.com/media/DwUVHNoXQAQVzdn.jpg","media_url_https":"https://pbs.twimg.com/media/DwUVHNoXQAQVzdn.jpg","url":"https://t.co/9KhyJiaYtX","display_url":"pic.twitter.com/9KhyJiaYtX","expanded_url":"https://twitter.com/eusouabatgirl_/status/1082294501073473537/photo/1","type":"photo","sizes":{"thumb":{"w":150,"h":150,"resize":"crop"},"large":{"w":750,"h":467,"resize":"fit"},"medium":{"w":750,"h":467,"resize":"fit"},"small":{"w":680,"h":423,"resize":"fit"}},"source_status_id":1082294501073473500,"source_status_id_str":"1082294501073473537","source_user_id":100003852,"source_user_id_str":"100003852"}]},"favorited":false,"retweeted":false,"possibly_sensitive":false,"filter_level":"low","lang":"pt","matching_rules":[{"tag":null}]}