{"created_at":"Tue Jan 08 00:47:31 +0000 2019","id":1082438615542755300,"id_str":"1082438615542755328","text":"RT @demetriusjnr: esse texto da @startupdareal caiu no melhor momento possível pra mim. \nleitura necessária https://t.co/mKBzF14zOX","source":"<a href=\"http://twitter.com/download/iphone\" rel=\"nofollow\">Twitter for iPhone</a>","truncated":false,"in_reply_to_status_id":null,"in_reply_to_status_id_str":null,"in_reply_to_user_id":null,"in_reply_to_user_id_str":null,"in_reply_to_screen_name":null,"user":{"id":932675351913926700,"id_str":"932675351913926656","name":"Startupdareal","screen_name":"startupdareal","location":"San Francisco, CA","url":"https://medium.com/startup-da-real","description":"#1 lugar livro de empreendedorismo mais vendido na Amazon, com \"Este livro não vai te deixar rico\"","translator_type":"none","protected":false,"verified":false,"followers_count":25736,"friends_count":176,"listed_count":112,"favourites_count":20411,"statuses_count":17948,"created_at":"Mon Nov 20 18:21:46 +0000 2017","utc_offset":null,"time_zone":null,"geo_enabled":true,"lang":"en","contributors_enabled":false,"is_translator":false,"profile_background_color":"000000","profile_background_image_url":"http://abs.twimg.com/images/themes/theme1/bg.png","profile_background_image_url_https":"https://abs.twimg.com/images/themes/theme1/bg.png","profile_background_tile":false,"profile_link_color":"FAB81E","profile_sidebar_border_color":"000000","profile_sidebar_fill_color":"000000","profile_text_color":"000000","profile_use_background_image":false,"profile_image_url":"http://pbs.twimg.com/profile_images/932680310336180226/PXZJpu93_normal.jpg","profile_image_url_https":"https://pbs.twimg.com/profile_images/932680310336180226/PXZJpu93_normal.jpg","profile_banner_url":"https://pbs.twimg.com/profile_banners/932675351913926656/1511203272","default_profile":false,"default_profile_image":false,"following":null,"follow_request_sent":null,"notifications":null},"geo":null,"coordinates":null,"place":null,"contributors":null,"retweeted_status":{"created_at":"Tue Jan 08 00:28:32 +0000 2019","id":1082433839308394500,"id_str":"1082433839308394496","text":"esse texto da @startupdareal caiu no melhor momento possível pra mim. \nleitura necessária https://t.co/mKBzF14zOX","source":"<a href=\"http://twitter.com\" rel=\"nofollow\">Twitter Web Client</a>","truncated":false,"in_reply_to_status_id":null,"in_reply_to_status_id_str":null,"in_reply_to_user_id":null,"in_reply_to_user_id_str":null,"in_reply_to_screen_name":null,"user":{"id":66723877,"id_str":"66723877","name":"Demetrius Junior","screen_name":"demetriusjnr","location":"SP","url":"http://facebook.com/demetriuscjunior","description":"jornalista & fotógrafo | bebedor de café | demetriuscjunior@hotmail.com","translator_type":"regular","protected":false,"verified":false,"followers_count":404,"friends_count":103,"listed_count":62,"favourites_count":17,"statuses_count":40947,"created_at":"Tue Aug 18 16:26:41 +0000 2009","utc_offset":null,"time_zone":null,"geo_enabled":false,"lang":"en","contributors_enabled":false,"is_translator":false,"profile_background_color":"000000","profile_background_image_url":"http://abs.twimg.com/images/themes/theme14/bg.gif","profile_background_image_url_https":"https://abs.twimg.com/images/themes/theme14/bg.gif","profile_background_tile":true,"profile_link_color":"ABB8C2","profile_sidebar_border_color":"FFFFFF","profile_sidebar_fill_color":"EFEFEF","profile_text_color":"333333","profile_use_background_image":false,"profile_image_url":"http://pbs.twimg.com/profile_images/1017205102900383744/gZPbwAIx_normal.jpg","profile_image_url_https":"https://pbs.twimg.com/profile_images/1017205102900383744/gZPbwAIx_normal.jpg","profile_banner_url":"https://pbs.twimg.com/profile_banners/66723877/1467844310","default_profile":false,"default_profile_image":false,"following":null,"follow_request_sent":null,"notifications":null},"geo":null,"coordinates":null,"place":null,"contributors":null,"is_quote_status":false,"quote_count":0,"reply_count":0,"retweet_count":8,"favorite_count":32,"entities":{"hashtags":[],"urls":[{"url":"https://t.co/mKBzF14zOX","expanded_url":"https://link.medium.com/v58rLtpsiT","display_url":"link.medium.com/v58rLtpsiT","indices":[90,113]}],"user_mentions":[{"screen_name":"startupdareal","name":"Startupdareal","id":932675351913926700,"id_str":"932675351913926656","indices":[14,28]}],"symbols":[]},"favorited":false,"retweeted":false,"possibly_sensitive":false,"filter_level":"low","lang":"pt"},"is_quote_status":false,"quote_count":0,"reply_count":0,"retweet_count":0,"favorite_count":0,"entities":{"hashtags":[],"urls":[{"url":"https://t.co/mKBzF14zOX","expanded_url":"https://link.medium.com/v58rLtpsiT","display_url":"link.medium.com/v58rLtpsiT","indices":[108,131]}],"user_mentions":[{"screen_name":"demetriusjnr","name":"Demetrius Junior","id":66723877,"id_str":"66723877","indices":[3,16]},{"screen_name":"startupdareal","name":"Startupdareal","id":932675351913926700,"id_str":"932675351913926656","indices":[32,46]}],"symbols":[]},"favorited":false,"retweeted":false,"possibly_sensitive":false,"filter_level":"low","lang":"pt","matching_rules":[{"tag":null}]}