{"created_at":"Wed Jan 09 01:05:55 +0000 2019","id":1082805635752841200,"id_str":"1082805635752841216","text":"RT @fernandaegs: @startupdareal https://t.co/9tbm8g7Mj2","source":"<a href=\"http://twitter.com\" rel=\"nofollow\">Twitter Web Client</a>","truncated":false,"in_reply_to_status_id":null,"in_reply_to_status_id_str":null,"in_reply_to_user_id":null,"in_reply_to_user_id_str":null,"in_reply_to_screen_name":null,"user":{"id":932675351913926700,"id_str":"932675351913926656","name":"Startupdareal","screen_name":"startupdareal","location":"San Francisco, CA","url":"https://medium.com/startup-da-real","description":"#1 lugar livro de empreendedorismo mais vendido na Amazon, com \"Este livro não vai te deixar rico\"","translator_type":"none","protected":false,"verified":false,"followers_count":25736,"friends_count":176,"listed_count":112,"favourites_count":20411,"statuses_count":17948,"created_at":"Mon Nov 20 18:21:46 +0000 2017","utc_offset":null,"time_zone":null,"geo_enabled":true,"lang":"en","contributors_enabled":false,"is_translator":false,"profile_background_color":"000000","profile_background_image_url":"http://abs.twimg.com/images/themes/theme1/bg.png","profile_background_image_url_https":"https://abs.twimg.com/images/themes/theme1/bg.png","profile_background_tile":false,"profile_link_color":"FAB81E","profile_sidebar_border_color":"000000","profile_sidebar_fill_color":"000000","profile_text_color":"000000","profile_use_background_image":false,"profile_image_url":"http://pbs.twimg.com/profile_images/932680310336180226/PXZJpu93_normal.jpg","profile_image_url_https":"https://pbs.twimg.com/profile_images/932680310336180226/PXZJpu93_normal.jpg","profile_banner_url":"https://pbs.twimg.com/profile_banners/932675351913926656/1511203272","default_profile":false,"default_profile_image":false,"following":null,"follow_request_sent":null,"notifications":null},"geo":null,"coordinates":null,"place":null,"contributors":null,"retweeted_status":{"created_at":"Wed Jan 09 00:58:56 +0000 2019","id":1082803875697082400,"id_str":"1082803875697082369","text":"@startupdareal https://t.co/9tbm8g7Mj2","display_text_range":[15,38],"source":"<a href=\"http://twitter.com/download/iphone\" rel=\"nofollow\">Twitter for iPhone</a>","truncated":false,"in_reply_to_status_id":1082736710855856100,"in_reply_to_status_id_str":"1082736710855856129","in_reply_to_user_id":932675351913926700,"in_reply_to_user_id_str":"932675351913926656","in_reply_to_screen_name":"startupdareal","user":{"id":346048240,"id_str":"346048240","name":"Fernanda Esteves","screen_name":"fernandaegs","location":"GO/SP","url":null,"description":"(quase) Somente leitura.","translator_type":"none","protected":false,"verified":false,"followers_count":17,"friends_count":424,"listed_count":0,"favourites_count":8432,"statuses_count":162,"created_at":"Sun Jul 31 16:51:09 +0000 2011","utc_offset":null,"time_zone":null,"geo_enabled":false,"lang":"pt","contributors_enabled":false,"is_translator":false,"profile_background_color":"131516","profile_background_image_url":"http://abs.twimg.com/images/themes/theme14/bg.gif","profile_background_image_url_https":"https://abs.twimg.com/images/themes/theme14/bg.gif","profile_background_tile":true,"profile_link_color":"009999","profile_sidebar_border_color":"EEEEEE","profile_sidebar_fill_color":"EFEFEF","profile_text_color":"333333","profile_use_background_image":true,"profile_image_url":"http://pbs.twimg.com/profile_images/481167416169623552/_F6HKcm0_normal.jpeg","profile_image_url_https":"https://pbs.twimg.com/profile_images/481167416169623552/_F6HKcm0_normal.jpeg","default_profile":false,"default_profile_image":false,"following":null,"follow_request_sent":null,"notifications":null},"geo":null,"coordinates":null,"place":null,"contributors":null,"is_quote_status":false,"quote_count":0,"reply_count":2,"retweet_count":8,"favorite_count":55,"entities":{"hashtags":[],"urls":[{"url":"https://t.co/9tbm8g7Mj2","expanded_url":"https://www.dailymail.co.uk/sciencetech/article-6261233/Its-better-born-rich-stupid-smart-poor-study-finds.html","display_url":"dailymail.co.uk/sciencetech/ar…","indices":[15,38]}],"user_mentions":[{"screen_name":"startupdareal","name":"Startupdareal","id":932675351913926700,"id_str":"932675351913926656","indices":[0,14]}],"symbols":[]},"favorited":false,"retweeted":false,"possibly_sensitive":false,"filter_level":"low","lang":"und"},"is_quote_status":false,"quote_count":0,"reply_count":0,"retweet_count":0,"favorite_count":0,"entities":{"hashtags":[],"urls":[{"url":"https://t.co/9tbm8g7Mj2","expanded_url":"https://www.dailymail.co.uk/sciencetech/article-6261233/Its-better-born-rich-stupid-smart-poor-study-finds.html","display_url":"dailymail.co.uk/sciencetech/ar…","indices":[32,55]}],"user_mentions":[{"screen_name":"fernandaegs","name":"Fernanda Esteves","id":346048240,"id_str":"346048240","indices":[3,15]},{"screen_name":"startupdareal","name":"Startupdareal","id":932675351913926700,"id_str":"932675351913926656","indices":[17,31]}],"symbols":[]},"favorited":false,"retweeted":false,"possibly_sensitive":false,"filter_level":"low","lang":"und","matching_rules":[{"tag":null}]}