{"created_at":"Tue Jan 08 20:32:02 +0000 2019","id":1082736710855856100,"id_str":"1082736710855856129","text":"1. eu nasci rico\n2. também é self-made quem começou do zero com 1 milhão emprestado do pai\n3. eu tive mais acesso q… https://t.co/GET13bjPhE","display_text_range":[0,140],"source":"<a href=\"http://twitter.com\" rel=\"nofollow\">Twitter Web Client</a>","truncated":true,"in_reply_to_status_id":null,"in_reply_to_status_id_str":null,"in_reply_to_user_id":null,"in_reply_to_user_id_str":null,"in_reply_to_screen_name":null,"user":{"id":932675351913926700,"id_str":"932675351913926656","name":"Startupdareal","screen_name":"startupdareal","location":"San Francisco, CA","url":"https://medium.com/startup-da-real","description":"#1 lugar livro de empreendedorismo mais vendido na Amazon, com \"Este livro não vai te deixar rico\"","translator_type":"none","protected":false,"verified":false,"followers_count":25736,"friends_count":176,"listed_count":112,"favourites_count":20411,"statuses_count":17948,"created_at":"Mon Nov 20 18:21:46 +0000 2017","utc_offset":null,"time_zone":null,"geo_enabled":true,"lang":"en","contributors_enabled":false,"is_translator":false,"profile_background_color":"000000","profile_background_image_url":"http://abs.twimg.com/images/themes/theme1/bg.png","profile_background_image_url_https":"https://abs.twimg.com/images/themes/theme1/bg.png","profile_background_tile":false,"profile_link_color":"FAB81E","profile_sidebar_border_color":"000000","profile_sidebar_fill_color":"000000","profile_text_color":"000000","profile_use_background_image":false,"profile_image_url":"http://pbs.twimg.com/profile_images/932680310336180226/PXZJpu93_normal.jpg","profile_image_url_https":"https://pbs.twimg.com/profile_images/932680310336180226/PXZJpu93_normal.jpg","profile_banner_url":"https://pbs.twimg.com/profile_banners/932675351913926656/1511203272","default_profile":false,"default_profile_image":false,"following":null,"follow_request_sent":null,"notifications":null},"geo":null,"coordinates":null,"place":null,"contributors":null,"quoted_status_id":1082711527692615700,"quoted_status_id_str":"1082711527692615680","quoted_status":{"created_at":"Tue Jan 08 18:51:58 +0000 2019","id":1082711527692615700,"id_str":"1082711527692615680","text":"eu vejo essas coisas e lembro da @startupdareal 😂😂😂 https://t.co/eW7cTxC105","display_text_range":[0,51],"source":"<a href=\"http://twitter.com/download/android\" rel=\"nofollow\">Twitter for Android</a>","truncated":false,"in_reply_to_status_id":null,"in_reply_to_status_id_str":null,"in_reply_to_user_id":null,"in_reply_to_user_id_str":null,"in_reply_to_screen_name":null,"user":{"id":975873156211716100,"id_str":"975873156211716096","name":"camarada thulio henrique","screen_name":"ThulioHCA","location":null,"url":null,"description":null,"translator_type":"none","protected":false,"verified":false,"followers_count":229,"friends_count":576,"listed_count":0,"favourites_count":39094,"statuses_count":5888,"created_at":"Mon Mar 19 23:14:26 +0000 2018","utc_offset":null,"time_zone":null,"geo_enabled":true,"lang":"pt","contributors_enabled":false,"is_translator":false,"profile_background_color":"F5F8FA","profile_background_image_url":"","profile_background_image_url_https":"","profile_background_tile":false,"profile_link_color":"1DA1F2","profile_sidebar_border_color":"C0DEED","profile_sidebar_fill_color":"DDEEF6","profile_text_color":"333333","profile_use_background_image":true,"profile_image_url":"http://pbs.twimg.com/profile_images/1093151462757154816/x1v39lN0_normal.jpg","profile_image_url_https":"https://pbs.twimg.com/profile_images/1093151462757154816/x1v39lN0_normal.jpg","profile_banner_url":"https://pbs.twimg.com/profile_banners/975873156211716096/1545541129","default_profile":true,"default_profile_image":false,"following":null,"follow_request_sent":null,"notifications":null},"geo":null,"coordinates":null,"place":null,"contributors":null,"is_quote_status":false,"quote_count":0,"reply_count":0,"retweet_count":0,"favorite_count":5,"entities":{"hashtags":[],"urls":[],"user_mentions":[{"screen_name":"startupdareal","name":"Startupdareal","id":932675351913926700,"id_str":"932675351913926656","indices":[33,47]}],"symbols":[],"media":[{"id":1082711502115782700,"id_str":"1082711502115782667","indices":[52,75],"media_url":"http://pbs.twimg.com/media/DwaQX-3XQAs8w0j.jpg","media_url_https":"https://pbs.twimg.com/media/DwaQX-3XQAs8w0j.jpg","url":"https://t.co/eW7cTxC105","display_url":"pic.twitter.com/eW7cTxC105","expanded_url":"https://twitter.com/ThulioHCA/status/1082711527692615680/photo/1","type":"photo","sizes":{"thumb":{"w":150,"h":150,"resize":"crop"},"large":{"w":1080,"h":1920,"resize":"fit"},"medium":{"w":675,"h":1200,"resize":"fit"},"small":{"w":383,"h":680,"resize":"fit"}}}]},"extended_entities":{"media":[{"id":1082711502115782700,"id_str":"1082711502115782667","indices":[52,75],"media_url":"http://pbs.twimg.com/media/DwaQX-3XQAs8w0j.jpg","media_url_https":"https://pbs.twimg.com/media/DwaQX-3XQAs8w0j.jpg","url":"https://t.co/eW7cTxC105","display_url":"pic.twitter.com/eW7cTxC105","expanded_url":"https://twitter.com/ThulioHCA/status/1082711527692615680/photo/1","type":"photo","sizes":{"thumb":{"w":150,"h":150,"resize":"crop"},"large":{"w":1080,"h":1920,"resize":"fit"},"medium":{"w":675,"h":1200,"resize":"fit"},"small":{"w":383,"h":680,"resize":"fit"}}}]},"favorited":false,"retweeted":false,"possibly_sensitive":false,"filter_level":"low","lang":"pt"},"quoted_status_permalink":{"url":"https://t.co/XHjUJ5a93S","expanded":"https://twitter.com/ThulioHCA/status/1082711527692615680","display":"twitter.com/ThulioHCA/stat…"},"is_quote_status":true,"extended_tweet":{"full_text":"1. eu nasci rico\n2. também é self-made quem começou do zero com 1 milhão emprestado do pai\n3. eu tive mais acesso que você à conhecimento, educação e oportunidades\n4. meu sobrenome abre portas https://t.co/XHjUJ5a93S","display_text_range":[0,192],"entities":{"hashtags":[],"urls":[{"url":"https://t.co/XHjUJ5a93S","expanded_url":"https://twitter.com/ThulioHCA/status/1082711527692615680","display_url":"twitter.com/ThulioHCA/stat…","indices":[193,216]}],"user_mentions":[],"symbols":[]}},"quote_count":0,"reply_count":5,"retweet_count":105,"favorite_count":450,"entities":{"hashtags":[],"urls":[{"url":"https://t.co/GET13bjPhE","expanded_url":"https://twitter.com/i/web/status/1082736710855856129","display_url":"twitter.com/i/web/status/1…","indices":[117,140]}],"user_mentions":[],"symbols":[]},"favorited":false,"retweeted":false,"possibly_sensitive":false,"filter_level":"low","lang":"pt","matching_rules":[{"tag":null}]}