{"created_at":"Tue Jan 08 23:16:57 +0000 2019","id":1082778213284278300,"id_str":"1082778213284278273","text":"shrihrsisrsihiseiauaeeaea https://t.co/QVNHidvgWo","display_text_range":[0,25],"source":"<a href=\"http://twitter.com\" rel=\"nofollow\">Twitter Web Client</a>","truncated":false,"in_reply_to_status_id":null,"in_reply_to_status_id_str":null,"in_reply_to_user_id":null,"in_reply_to_user_id_str":null,"in_reply_to_screen_name":null,"user":{"id":932675351913926700,"id_str":"932675351913926656","name":"Startupdareal","screen_name":"startupdareal","location":"San Francisco, CA","url":"https://medium.com/startup-da-real","description":"#1 lugar livro de empreendedorismo mais vendido na Amazon, com \"Este livro não vai te deixar rico\"","translator_type":"none","protected":false,"verified":false,"followers_count":25736,"friends_count":176,"listed_count":112,"favourites_count":20411,"statuses_count":17948,"created_at":"Mon Nov 20 18:21:46 +0000 2017","utc_offset":null,"time_zone":null,"geo_enabled":true,"lang":"en","contributors_enabled":false,"is_translator":false,"profile_background_color":"000000","profile_background_image_url":"http://abs.twimg.com/images/themes/theme1/bg.png","profile_background_image_url_https":"https://abs.twimg.com/images/themes/theme1/bg.png","profile_background_tile":false,"profile_link_color":"FAB81E","profile_sidebar_border_color":"000000","profile_sidebar_fill_color":"000000","profile_text_color":"000000","profile_use_background_image":false,"profile_image_url":"http://pbs.twimg.com/profile_images/932680310336180226/PXZJpu93_normal.jpg","profile_image_url_https":"https://pbs.twimg.com/profile_images/932680310336180226/PXZJpu93_normal.jpg","profile_banner_url":"https://pbs.twimg.com/profile_banners/932675351913926656/1511203272","default_profile":false,"default_profile_image":false,"following":null,"follow_request_sent":null,"notifications":null},"geo":null,"coordinates":null,"place":null,"contributors":null,"quoted_status_id":1082774574419333100,"quoted_status_id_str":"1082774574419333120","quoted_status":{"created_at":"Tue Jan 08 23:02:30 +0000 2019","id":1082774574419333100,"id_str":"1082774574419333120","text":"@startupdareal A frente daquele livro de um dos grandes mestres do capitalismo. Responsável por mover montanhas de… https://t.co/zwR9lOBUEs","display_text_range":[15,140],"source":"<a href=\"http://twitter.com/download/iphone\" rel=\"nofollow\">Twitter for iPhone</a>","truncated":true,"in_reply_to_status_id":1082750556840562700,"in_reply_to_status_id_str":"1082750556840562691","in_reply_to_user_id":932675351913926700,"in_reply_to_user_id_str":"932675351913926656","in_reply_to_screen_name":"startupdareal","user":{"id":21757590,"id_str":"21757590","name":"Lúcio Cordeiro","screen_name":"luciocordeiro_","location":"Milano, Lombardia","url":null,"description":"Pistolagem pura.","translator_type":"none","protected":false,"verified":false,"followers_count":550,"friends_count":993,"listed_count":6,"favourites_count":20131,"statuses_count":5713,"created_at":"Tue Feb 24 14:26:12 +0000 2009","utc_offset":null,"time_zone":null,"geo_enabled":true,"lang":"en","contributors_enabled":false,"is_translator":false,"profile_background_color":"C0DEED","profile_background_image_url":"http://abs.twimg.com/images/themes/theme1/bg.png","profile_background_image_url_https":"https://abs.twimg.com/images/themes/theme1/bg.png","profile_background_tile":false,"profile_link_color":"1DA1F2","profile_sidebar_border_color":"C0DEED","profile_sidebar_fill_color":"DDEEF6","profile_text_color":"333333","profile_use_background_image":true,"profile_image_url":"http://pbs.twimg.com/profile_images/1059871143463653376/K78Lf490_normal.jpg","profile_image_url_https":"https://pbs.twimg.com/profile_images/1059871143463653376/K78Lf490_normal.jpg","profile_banner_url":"https://pbs.twimg.com/profile_banners/21757590/1530736953","default_profile":true,"default_profile_image":false,"following":null,"follow_request_sent":null,"notifications":null},"geo":null,"coordinates":null,"place":null,"contributors":null,"is_quote_status":false,"extended_tweet":{"full_text":"@startupdareal A frente daquele livro de um dos grandes mestres do capitalismo. Responsável por mover montanhas de dinheiros e fiéis que tomam sua palavra como religião. Tem que ser muito foda pra vender mais do que o Graham! 😂😂","display_text_range":[15,228],"entities":{"hashtags":[],"urls":[],"user_mentions":[{"screen_name":"startupdareal","name":"Startupdareal","id":932675351913926700,"id_str":"932675351913926656","indices":[0,14]}],"symbols":[]}},"quote_count":0,"reply_count":0,"retweet_count":0,"favorite_count":4,"entities":{"hashtags":[],"urls":[{"url":"https://t.co/zwR9lOBUEs","expanded_url":"https://twitter.com/i/web/status/1082774574419333120","display_url":"twitter.com/i/web/status/1…","indices":[116,139]}],"user_mentions":[{"screen_name":"startupdareal","name":"Startupdareal","id":932675351913926700,"id_str":"932675351913926656","indices":[0,14]}],"symbols":[]},"favorited":false,"retweeted":false,"filter_level":"low","lang":"pt"},"quoted_status_permalink":{"url":"https://t.co/QVNHidvgWo","expanded":"https://twitter.com/luciocordeiro_/status/1082774574419333120","display":"twitter.com/luciocordeiro_…"},"is_quote_status":true,"quote_count":0,"reply_count":0,"retweet_count":0,"favorite_count":5,"entities":{"hashtags":[],"urls":[{"url":"https://t.co/QVNHidvgWo","expanded_url":"https://twitter.com/luciocordeiro_/status/1082774574419333120","display_url":"twitter.com/luciocordeiro_…","indices":[26,49]}],"user_mentions":[],"symbols":[]},"favorited":false,"retweeted":false,"possibly_sensitive":false,"filter_level":"low","lang":"et","matching_rules":[{"tag":null}]}