{"created_at":"Tue Jan 08 00:50:54 +0000 2019","id":1082439469041680400,"id_str":"1082439469041680386","text":"RT @negakrill: cada vez mais eu amo a fada que escreve pro @startupdareal. que conteúdo bom, meu deus! obrigado por compartilhar e por queb…","source":"<a href=\"http://twitter.com/download/iphone\" rel=\"nofollow\">Twitter for iPhone</a>","truncated":false,"in_reply_to_status_id":null,"in_reply_to_status_id_str":null,"in_reply_to_user_id":null,"in_reply_to_user_id_str":null,"in_reply_to_screen_name":null,"user":{"id":932675351913926700,"id_str":"932675351913926656","name":"Startupdareal","screen_name":"startupdareal","location":"San Francisco, CA","url":"https://medium.com/startup-da-real","description":"#1 lugar livro de empreendedorismo mais vendido na Amazon, com \"Este livro não vai te deixar rico\"","translator_type":"none","protected":false,"verified":false,"followers_count":25736,"friends_count":176,"listed_count":112,"favourites_count":20411,"statuses_count":17948,"created_at":"Mon Nov 20 18:21:46 +0000 2017","utc_offset":null,"time_zone":null,"geo_enabled":true,"lang":"en","contributors_enabled":false,"is_translator":false,"profile_background_color":"000000","profile_background_image_url":"http://abs.twimg.com/images/themes/theme1/bg.png","profile_background_image_url_https":"https://abs.twimg.com/images/themes/theme1/bg.png","profile_background_tile":false,"profile_link_color":"FAB81E","profile_sidebar_border_color":"000000","profile_sidebar_fill_color":"000000","profile_text_color":"000000","profile_use_background_image":false,"profile_image_url":"http://pbs.twimg.com/profile_images/932680310336180226/PXZJpu93_normal.jpg","profile_image_url_https":"https://pbs.twimg.com/profile_images/932680310336180226/PXZJpu93_normal.jpg","profile_banner_url":"https://pbs.twimg.com/profile_banners/932675351913926656/1511203272","default_profile":false,"default_profile_image":false,"following":null,"follow_request_sent":null,"notifications":null},"geo":null,"coordinates":null,"place":null,"contributors":null,"retweeted_status":{"created_at":"Tue Jan 08 00:47:26 +0000 2019","id":1082438596827729900,"id_str":"1082438596827729922","text":"cada vez mais eu amo a fada que escreve pro @startupdareal. que conteúdo bom, meu deus! obrigado por compartilhar e… https://t.co/CKFcCTg160","source":"<a href=\"http://twitter.com/download/android\" rel=\"nofollow\">Twitter for Android</a>","truncated":true,"in_reply_to_status_id":null,"in_reply_to_status_id_str":null,"in_reply_to_user_id":null,"in_reply_to_user_id_str":null,"in_reply_to_screen_name":null,"user":{"id":471595031,"id_str":"471595031","name":"Ma'am Takeshi","screen_name":"negakrill","location":"Belo Horizonte, Brasil","url":"http://instagram.com/lucastt","description":"produtor cultural na @followhwstar e diretor administrativo na RE/MAX Mix. sente o vento vindo, é chuva :)","translator_type":"none","protected":false,"verified":false,"followers_count":666,"friends_count":566,"listed_count":0,"favourites_count":17947,"statuses_count":2706,"created_at":"Mon Jan 23 01:53:22 +0000 2012","utc_offset":null,"time_zone":null,"geo_enabled":false,"lang":"pt","contributors_enabled":false,"is_translator":false,"profile_background_color":"FAB81E","profile_background_image_url":"http://abs.twimg.com/images/themes/theme1/bg.png","profile_background_image_url_https":"https://abs.twimg.com/images/themes/theme1/bg.png","profile_background_tile":true,"profile_link_color":"ABB8C2","profile_sidebar_border_color":"000000","profile_sidebar_fill_color":"000000","profile_text_color":"000000","profile_use_background_image":true,"profile_image_url":"http://pbs.twimg.com/profile_images/1081735167541215232/XWkysAnm_normal.jpg","profile_image_url_https":"https://pbs.twimg.com/profile_images/1081735167541215232/XWkysAnm_normal.jpg","profile_banner_url":"https://pbs.twimg.com/profile_banners/471595031/1544834696","default_profile":false,"default_profile_image":false,"following":null,"follow_request_sent":null,"notifications":null},"geo":null,"coordinates":null,"place":null,"contributors":null,"is_quote_status":false,"extended_tweet":{"full_text":"cada vez mais eu amo a fada que escreve pro @startupdareal. que conteúdo bom, meu deus! obrigado por compartilhar e por quebrar esse cristal chamado empreendedorismo que as pessoas enaltecem como se fosse diamante mas que é frágil como vidro.","display_text_range":[0,242],"entities":{"hashtags":[],"urls":[],"user_mentions":[{"screen_name":"startupdareal","name":"Startupdareal","id":932675351913926700,"id_str":"932675351913926656","indices":[44,58]}],"symbols":[]}},"quote_count":0,"reply_count":0,"retweet_count":1,"favorite_count":55,"entities":{"hashtags":[],"urls":[{"url":"https://t.co/CKFcCTg160","expanded_url":"https://twitter.com/i/web/status/1082438596827729922","display_url":"twitter.com/i/web/status/1…","indices":[117,140]}],"user_mentions":[{"screen_name":"startupdareal","name":"Startupdareal","id":932675351913926700,"id_str":"932675351913926656","indices":[44,58]}],"symbols":[]},"favorited":false,"retweeted":false,"filter_level":"low","lang":"pt"},"is_quote_status":false,"quote_count":0,"reply_count":0,"retweet_count":0,"favorite_count":0,"entities":{"hashtags":[],"urls":[],"user_mentions":[{"screen_name":"negakrill","name":"Ma'am Takeshi","id":471595031,"id_str":"471595031","indices":[3,13]},{"screen_name":"startupdareal","name":"Startupdareal","id":932675351913926700,"id_str":"932675351913926656","indices":[59,73]}],"symbols":[]},"favorited":false,"retweeted":false,"filter_level":"low","lang":"pt","matching_rules":[{"tag":null}]}