{"created_at":"Mon Jan 07 16:04:02 +0000 2019","id":1082306878758109200,"id_str":"1082306878758109184","text":"RT @emanuel_bleite: leitura da semana https://t.co/M5bcyCuULt","source":"<a href=\"http://twitter.com/download/iphone\" rel=\"nofollow\">Twitter for iPhone</a>","truncated":false,"in_reply_to_status_id":null,"in_reply_to_status_id_str":null,"in_reply_to_user_id":null,"in_reply_to_user_id_str":null,"in_reply_to_screen_name":null,"user":{"id":932675351913926700,"id_str":"932675351913926656","name":"Startupdareal","screen_name":"startupdareal","location":"San Francisco, CA","url":"https://medium.com/startup-da-real","description":"#1 lugar livro de empreendedorismo mais vendido na Amazon, com \"Este livro não vai te deixar rico\"","translator_type":"none","protected":false,"verified":false,"followers_count":25736,"friends_count":176,"listed_count":112,"favourites_count":20411,"statuses_count":17948,"created_at":"Mon Nov 20 18:21:46 +0000 2017","utc_offset":null,"time_zone":null,"geo_enabled":true,"lang":"en","contributors_enabled":false,"is_translator":false,"profile_background_color":"000000","profile_background_image_url":"http://abs.twimg.com/images/themes/theme1/bg.png","profile_background_image_url_https":"https://abs.twimg.com/images/themes/theme1/bg.png","profile_background_tile":false,"profile_link_color":"FAB81E","profile_sidebar_border_color":"000000","profile_sidebar_fill_color":"000000","profile_text_color":"000000","profile_use_background_image":false,"profile_image_url":"http://pbs.twimg.com/profile_images/932680310336180226/PXZJpu93_normal.jpg","profile_image_url_https":"https://pbs.twimg.com/profile_images/932680310336180226/PXZJpu93_normal.jpg","profile_banner_url":"https://pbs.twimg.com/profile_banners/932675351913926656/1511203272","default_profile":false,"default_profile_image":false,"following":null,"follow_request_sent":null,"notifications":null},"geo":null,"coordinates":null,"place":null,"contributors":null,"retweeted_status":{"created_at":"Mon Jan 07 15:59:53 +0000 2019","id":1082305832560328700,"id_str":"1082305832560328705","text":"leitura da semana https://t.co/M5bcyCuULt","display_text_range":[0,17],"source":"<a href=\"http://twitter.com/download/android\" rel=\"nofollow\">Twitter for Android</a>","truncated":false,"in_reply_to_status_id":null,"in_reply_to_status_id_str":null,"in_reply_to_user_id":null,"in_reply_to_user_id_str":null,"in_reply_to_screen_name":null,"user":{"id":316770063,"id_str":"316770063","name":"emanuel","screen_name":"emanuel_bleite","location":"São Gonçalo, RJ, Brasil","url":"http://facebook.com/emanuel.bleite","description":"E hás de ser...","translator_type":"none","protected":false,"verified":false,"followers_count":282,"friends_count":302,"listed_count":2,"favourites_count":14490,"statuses_count":5492,"created_at":"Mon Jun 13 23:11:05 +0000 2011","utc_offset":null,"time_zone":null,"geo_enabled":true,"lang":"pt","contributors_enabled":false,"is_translator":false,"profile_background_color":"131516","profile_background_image_url":"http://abs.twimg.com/images/themes/theme14/bg.gif","profile_background_image_url_https":"https://abs.twimg.com/images/themes/theme14/bg.gif","profile_background_tile":true,"profile_link_color":"123562","profile_sidebar_border_color":"FFFFFF","profile_sidebar_fill_color":"EFEFEF","profile_text_color":"333333","profile_use_background_image":true,"profile_image_url":"http://pbs.twimg.com/profile_images/1091472092862791680/YmZDUZFK_normal.jpg","profile_image_url_https":"https://pbs.twimg.com/profile_images/1091472092862791680/YmZDUZFK_normal.jpg","profile_banner_url":"https://pbs.twimg.com/profile_banners/316770063/1549061276","default_profile":false,"default_profile_image":false,"following":null,"follow_request_sent":null,"notifications":null},"geo":null,"coordinates":null,"place":null,"contributors":null,"quoted_status_id":1082284329340940300,"quoted_status_id_str":"1082284329340940288","quoted_status":{"created_at":"Mon Jan 07 14:34:26 +0000 2019","id":1082284329340940300,"id_str":"1082284329340940288","text":"Você já ouviu que precisa saber onde quer chegar? Ter um GPS da vida? \n\nJá ouviu que precisa calcular quanto ganhar… https://t.co/Ch4nFruPOM","source":"<a href=\"http://twitter.com\" rel=\"nofollow\">Twitter Web Client</a>","truncated":true,"in_reply_to_status_id":null,"in_reply_to_status_id_str":null,"in_reply_to_user_id":null,"in_reply_to_user_id_str":null,"in_reply_to_screen_name":null,"user":{"id":932675351913926700,"id_str":"932675351913926656","name":"Startupdareal","screen_name":"startupdareal","location":"San Francisco, CA","url":"https://medium.com/startup-da-real","description":"#1 lugar livro de empreendedorismo mais vendido na Amazon, com \"Este livro não vai te deixar rico\"","translator_type":"none","protected":false,"verified":false,"followers_count":25736,"friends_count":176,"listed_count":112,"favourites_count":20411,"statuses_count":17948,"created_at":"Mon Nov 20 18:21:46 +0000 2017","utc_offset":null,"time_zone":null,"geo_enabled":true,"lang":"en","contributors_enabled":false,"is_translator":false,"profile_background_color":"000000","profile_background_image_url":"http://abs.twimg.com/images/themes/theme1/bg.png","profile_background_image_url_https":"https://abs.twimg.com/images/themes/theme1/bg.png","profile_background_tile":false,"profile_link_color":"FAB81E","profile_sidebar_border_color":"000000","profile_sidebar_fill_color":"000000","profile_text_color":"000000","profile_use_background_image":false,"profile_image_url":"http://pbs.twimg.com/profile_images/932680310336180226/PXZJpu93_normal.jpg","profile_image_url_https":"https://pbs.twimg.com/profile_images/932680310336180226/PXZJpu93_normal.jpg","profile_banner_url":"https://pbs.twimg.com/profile_banners/932675351913926656/1511203272","default_profile":false,"default_profile_image":false,"following":null,"follow_request_sent":null,"notifications":null},"geo":null,"coordinates":null,"place":null,"contributors":null,"is_quote_status":false,"extended_tweet":{"full_text":"Você já ouviu que precisa saber onde quer chegar? Ter um GPS da vida? \n\nJá ouviu que precisa calcular quanto ganharia num excelente emprego e que, para sustentar o estilo de vida ideal, a única saída é empreender?\n\nTenho um recado para você. \n \nhttps://t.co/NdMEtjpvdn","display_text_range":[0,268],"entities":{"hashtags":[],"urls":[{"url":"https://t.co/NdMEtjpvdn","expanded_url":"https://medium.com/startup-da-real/como-n%C3%A3o-planejar-uma-vida-de-sucesso-3dc8433162be","display_url":"medium.com/startup-da-rea…","indices":[245,268]}],"user_mentions":[],"symbols":[]}},"quote_count":0,"reply_count":60,"retweet_count":239,"favorite_count":852,"entities":{"hashtags":[],"urls":[{"url":"https://t.co/Ch4nFruPOM","expanded_url":"https://twitter.com/i/web/status/1082284329340940288","display_url":"twitter.com/i/web/status/1…","indices":[117,140]}],"user_mentions":[],"symbols":[]},"favorited":false,"retweeted":false,"possibly_sensitive":false,"filter_level":"low","lang":"pt"},"quoted_status_permalink":{"url":"https://t.co/M5bcyCuULt","expanded":"https://twitter.com/startupdareal/status/1082284329340940288","display":"twitter.com/startupdareal/…"},"is_quote_status":true,"quote_count":0,"reply_count":0,"retweet_count":2,"favorite_count":5,"entities":{"hashtags":[],"urls":[{"url":"https://t.co/M5bcyCuULt","expanded_url":"https://twitter.com/startupdareal/status/1082284329340940288","display_url":"twitter.com/startupdareal/…","indices":[18,41]}],"user_mentions":[],"symbols":[]},"favorited":false,"retweeted":false,"possibly_sensitive":false,"filter_level":"low","lang":"pt"},"quoted_status_id":1082284329340940300,"quoted_status_id_str":"1082284329340940288","quoted_status":{"created_at":"Mon Jan 07 14:34:26 +0000 2019","id":1082284329340940300,"id_str":"1082284329340940288","text":"Você já ouviu que precisa saber onde quer chegar? Ter um GPS da vida? \n\nJá ouviu que precisa calcular quanto ganhar… https://t.co/Ch4nFruPOM","source":"<a href=\"http://twitter.com\" rel=\"nofollow\">Twitter Web Client</a>","truncated":true,"in_reply_to_status_id":null,"in_reply_to_status_id_str":null,"in_reply_to_user_id":null,"in_reply_to_user_id_str":null,"in_reply_to_screen_name":null,"user":{"id":932675351913926700,"id_str":"932675351913926656","name":"Startupdareal","screen_name":"startupdareal","location":"San Francisco, CA","url":"https://medium.com/startup-da-real","description":"#1 lugar livro de empreendedorismo mais vendido na Amazon, com \"Este livro não vai te deixar rico\"","translator_type":"none","protected":false,"verified":false,"followers_count":25736,"friends_count":176,"listed_count":112,"favourites_count":20411,"statuses_count":17948,"created_at":"Mon Nov 20 18:21:46 +0000 2017","utc_offset":null,"time_zone":null,"geo_enabled":true,"lang":"en","contributors_enabled":false,"is_translator":false,"profile_background_color":"000000","profile_background_image_url":"http://abs.twimg.com/images/themes/theme1/bg.png","profile_background_image_url_https":"https://abs.twimg.com/images/themes/theme1/bg.png","profile_background_tile":false,"profile_link_color":"FAB81E","profile_sidebar_border_color":"000000","profile_sidebar_fill_color":"000000","profile_text_color":"000000","profile_use_background_image":false,"profile_image_url":"http://pbs.twimg.com/profile_images/932680310336180226/PXZJpu93_normal.jpg","profile_image_url_https":"https://pbs.twimg.com/profile_images/932680310336180226/PXZJpu93_normal.jpg","profile_banner_url":"https://pbs.twimg.com/profile_banners/932675351913926656/1511203272","default_profile":false,"default_profile_image":false,"following":null,"follow_request_sent":null,"notifications":null},"geo":null,"coordinates":null,"place":null,"contributors":null,"is_quote_status":false,"extended_tweet":{"full_text":"Você já ouviu que precisa saber onde quer chegar? Ter um GPS da vida? \n\nJá ouviu que precisa calcular quanto ganharia num excelente emprego e que, para sustentar o estilo de vida ideal, a única saída é empreender?\n\nTenho um recado para você. \n \nhttps://t.co/NdMEtjpvdn","display_text_range":[0,268],"entities":{"hashtags":[],"urls":[{"url":"https://t.co/NdMEtjpvdn","expanded_url":"https://medium.com/startup-da-real/como-n%C3%A3o-planejar-uma-vida-de-sucesso-3dc8433162be","display_url":"medium.com/startup-da-rea…","indices":[245,268]}],"user_mentions":[],"symbols":[]}},"quote_count":0,"reply_count":60,"retweet_count":239,"favorite_count":852,"entities":{"hashtags":[],"urls":[{"url":"https://t.co/Ch4nFruPOM","expanded_url":"https://twitter.com/i/web/status/1082284329340940288","display_url":"twitter.com/i/web/status/1…","indices":[117,140]}],"user_mentions":[],"symbols":[]},"favorited":false,"retweeted":false,"possibly_sensitive":false,"filter_level":"low","lang":"pt"},"quoted_status_permalink":{"url":"https://t.co/M5bcyCuULt","expanded":"https://twitter.com/startupdareal/status/1082284329340940288","display":"twitter.com/startupdareal/…"},"is_quote_status":true,"quote_count":0,"reply_count":0,"retweet_count":0,"favorite_count":0,"entities":{"hashtags":[],"urls":[{"url":"https://t.co/M5bcyCuULt","expanded_url":"https://twitter.com/startupdareal/status/1082284329340940288","display_url":"twitter.com/startupdareal/…","indices":[38,61]}],"user_mentions":[{"screen_name":"emanuel_bleite","name":"emanuel","id":316770063,"id_str":"316770063","indices":[3,18]}],"symbols":[]},"favorited":false,"retweeted":false,"possibly_sensitive":false,"filter_level":"low","lang":"pt","matching_rules":[{"tag":null}]}