{"created_at":"Wed Jan 09 01:06:53 +0000 2019","id":1082805876287778800,"id_str":"1082805876287778816","text":"Já tá indo pro forno o segundo https://t.co/GIiHu0AwQr","display_text_range":[0,30],"source":"<a href=\"http://twitter.com\" rel=\"nofollow\">Twitter Web Client</a>","truncated":false,"in_reply_to_status_id":null,"in_reply_to_status_id_str":null,"in_reply_to_user_id":null,"in_reply_to_user_id_str":null,"in_reply_to_screen_name":null,"user":{"id":932675351913926700,"id_str":"932675351913926656","name":"Startupdareal","screen_name":"startupdareal","location":"San Francisco, CA","url":"https://medium.com/startup-da-real","description":"#1 lugar livro de empreendedorismo mais vendido na Amazon, com \"Este livro não vai te deixar rico\"","translator_type":"none","protected":false,"verified":false,"followers_count":25736,"friends_count":176,"listed_count":112,"favourites_count":20411,"statuses_count":17948,"created_at":"Mon Nov 20 18:21:46 +0000 2017","utc_offset":null,"time_zone":null,"geo_enabled":true,"lang":"en","contributors_enabled":false,"is_translator":false,"profile_background_color":"000000","profile_background_image_url":"http://abs.twimg.com/images/themes/theme1/bg.png","profile_background_image_url_https":"https://abs.twimg.com/images/themes/theme1/bg.png","profile_background_tile":false,"profile_link_color":"FAB81E","profile_sidebar_border_color":"000000","profile_sidebar_fill_color":"000000","profile_text_color":"000000","profile_use_background_image":false,"profile_image_url":"http://pbs.twimg.com/profile_images/932680310336180226/PXZJpu93_normal.jpg","profile_image_url_https":"https://pbs.twimg.com/profile_images/932680310336180226/PXZJpu93_normal.jpg","profile_banner_url":"https://pbs.twimg.com/profile_banners/932675351913926656/1511203272","default_profile":false,"default_profile_image":false,"following":null,"follow_request_sent":null,"notifications":null},"geo":null,"coordinates":null,"place":null,"contributors":null,"quoted_status_id":1082786150278930400,"quoted_status_id_str":"1082786150278930433","quoted_status":{"created_at":"Tue Jan 08 23:48:30 +0000 2019","id":1082786150278930400,"id_str":"1082786150278930433","text":"Livro finalizado e com muito aprendizado! Fico no aguardo do segundo haha \n\nMuito bom ver que tem gente que vai con… https://t.co/ZKVbwOy3N9","source":"<a href=\"http://twitter.com/download/android\" rel=\"nofollow\">Twitter for Android</a>","truncated":true,"in_reply_to_status_id":null,"in_reply_to_status_id_str":null,"in_reply_to_user_id":null,"in_reply_to_user_id_str":null,"in_reply_to_screen_name":null,"user":{"id":718937554318454800,"id_str":"718937554318454784","name":"Nelson Melo","screen_name":"nelsonmelorib","location":"Recife, Brasil","url":null,"description":"Torcedor do Clube Náutico Capibaribe, progressista e recifense arretado","translator_type":"none","protected":false,"verified":false,"followers_count":105,"friends_count":247,"listed_count":0,"favourites_count":2885,"statuses_count":2374,"created_at":"Sat Apr 09 23:04:04 +0000 2016","utc_offset":null,"time_zone":null,"geo_enabled":true,"lang":"pt","contributors_enabled":false,"is_translator":false,"profile_background_color":"F5F8FA","profile_background_image_url":"","profile_background_image_url_https":"","profile_background_tile":false,"profile_link_color":"1DA1F2","profile_sidebar_border_color":"C0DEED","profile_sidebar_fill_color":"DDEEF6","profile_text_color":"333333","profile_use_background_image":true,"profile_image_url":"http://pbs.twimg.com/profile_images/1085964219894415360/fDDCI9jd_normal.jpg","profile_image_url_https":"https://pbs.twimg.com/profile_images/1085964219894415360/fDDCI9jd_normal.jpg","profile_banner_url":"https://pbs.twimg.com/profile_banners/718937554318454784/1547748836","default_profile":true,"default_profile_image":false,"following":null,"follow_request_sent":null,"notifications":null},"geo":null,"coordinates":null,"place":null,"contributors":null,"is_quote_status":false,"extended_tweet":{"full_text":"Livro finalizado e com muito aprendizado! Fico no aguardo do segundo haha \n\nMuito bom ver que tem gente que vai contra a maré. E melhor ainda ver que tá atingindo milhões! Sucesso @startupdareal","display_text_range":[0,194],"entities":{"hashtags":[],"urls":[],"user_mentions":[{"screen_name":"startupdareal","name":"Startupdareal","id":932675351913926700,"id_str":"932675351913926656","indices":[180,194]}],"symbols":[]}},"quote_count":0,"reply_count":0,"retweet_count":1,"favorite_count":8,"entities":{"hashtags":[],"urls":[{"url":"https://t.co/ZKVbwOy3N9","expanded_url":"https://twitter.com/i/web/status/1082786150278930433","display_url":"twitter.com/i/web/status/1…","indices":[117,140]}],"user_mentions":[],"symbols":[]},"favorited":false,"retweeted":false,"filter_level":"low","lang":"pt"},"quoted_status_permalink":{"url":"https://t.co/GIiHu0AwQr","expanded":"https://twitter.com/nelsonmelorib/status/1082786150278930433","display":"twitter.com/nelsonmelorib/…"},"is_quote_status":true,"quote_count":0,"reply_count":0,"retweet_count":1,"favorite_count":14,"entities":{"hashtags":[],"urls":[{"url":"https://t.co/GIiHu0AwQr","expanded_url":"https://twitter.com/nelsonmelorib/status/1082786150278930433","display_url":"twitter.com/nelsonmelorib/…","indices":[31,54]}],"user_mentions":[],"symbols":[]},"favorited":false,"retweeted":false,"possibly_sensitive":false,"filter_level":"low","lang":"pt","matching_rules":[{"tag":null}]}