{"created_at":"Tue Jan 08 02:28:13 +0000 2019","id":1082463956588023800,"id_str":"1082463956588023809","text":"RT @recoelhoo: @rd_monteiro @startupdareal to me sentindo rica e bem sucedida depois desse texto :)","source":"<a href=\"http://twitter.com\" rel=\"nofollow\">Twitter Web Client</a>","truncated":false,"in_reply_to_status_id":null,"in_reply_to_status_id_str":null,"in_reply_to_user_id":null,"in_reply_to_user_id_str":null,"in_reply_to_screen_name":null,"user":{"id":932675351913926700,"id_str":"932675351913926656","name":"Startupdareal","screen_name":"startupdareal","location":"San Francisco, CA","url":"https://medium.com/startup-da-real","description":"#1 lugar livro de empreendedorismo mais vendido na Amazon, com \"Este livro não vai te deixar rico\"","translator_type":"none","protected":false,"verified":false,"followers_count":25736,"friends_count":176,"listed_count":112,"favourites_count":20411,"statuses_count":17948,"created_at":"Mon Nov 20 18:21:46 +0000 2017","utc_offset":null,"time_zone":null,"geo_enabled":true,"lang":"en","contributors_enabled":false,"is_translator":false,"profile_background_color":"000000","profile_background_image_url":"http://abs.twimg.com/images/themes/theme1/bg.png","profile_background_image_url_https":"https://abs.twimg.com/images/themes/theme1/bg.png","profile_background_tile":false,"profile_link_color":"FAB81E","profile_sidebar_border_color":"000000","profile_sidebar_fill_color":"000000","profile_text_color":"000000","profile_use_background_image":false,"profile_image_url":"http://pbs.twimg.com/profile_images/932680310336180226/PXZJpu93_normal.jpg","profile_image_url_https":"https://pbs.twimg.com/profile_images/932680310336180226/PXZJpu93_normal.jpg","profile_banner_url":"https://pbs.twimg.com/profile_banners/932675351913926656/1511203272","default_profile":false,"default_profile_image":false,"following":null,"follow_request_sent":null,"notifications":null},"geo":null,"coordinates":null,"place":null,"contributors":null,"retweeted_status":{"created_at":"Mon Jan 07 18:41:29 +0000 2019","id":1082346501467267100,"id_str":"1082346501467267072","text":"@rd_monteiro @startupdareal to me sentindo rica e bem sucedida depois desse texto :)","display_text_range":[28,84],"source":"<a href=\"http://twitter.com\" rel=\"nofollow\">Twitter Web Client</a>","truncated":false,"in_reply_to_status_id":1082344798537871400,"in_reply_to_status_id_str":"1082344798537871361","in_reply_to_user_id":98255810,"in_reply_to_user_id_str":"98255810","in_reply_to_screen_name":"rd_monteiro","user":{"id":234121996,"id_str":"234121996","name":"Renata Coelho","screen_name":"recoelhoo","location":"Florianópolis, Brasil","url":null,"description":null,"translator_type":"none","protected":false,"verified":false,"followers_count":113,"friends_count":207,"listed_count":0,"favourites_count":1279,"statuses_count":637,"created_at":"Tue Jan 04 22:16:12 +0000 2011","utc_offset":null,"time_zone":null,"geo_enabled":true,"lang":"pt","contributors_enabled":false,"is_translator":false,"profile_background_color":"C0DEED","profile_background_image_url":"http://abs.twimg.com/images/themes/theme1/bg.png","profile_background_image_url_https":"https://abs.twimg.com/images/themes/theme1/bg.png","profile_background_tile":false,"profile_link_color":"1DA1F2","profile_sidebar_border_color":"C0DEED","profile_sidebar_fill_color":"DDEEF6","profile_text_color":"333333","profile_use_background_image":true,"profile_image_url":"http://pbs.twimg.com/profile_images/1270460673/DSCF0249-pola_normal.jpg","profile_image_url_https":"https://pbs.twimg.com/profile_images/1270460673/DSCF0249-pola_normal.jpg","default_profile":true,"default_profile_image":false,"following":null,"follow_request_sent":null,"notifications":null},"geo":null,"coordinates":null,"place":null,"contributors":null,"is_quote_status":false,"quote_count":0,"reply_count":1,"retweet_count":2,"favorite_count":12,"entities":{"hashtags":[],"urls":[],"user_mentions":[{"screen_name":"rd_monteiro","name":"Rodrigo Monteiro","id":98255810,"id_str":"98255810","indices":[0,12]},{"screen_name":"startupdareal","name":"Startupdareal","id":932675351913926700,"id_str":"932675351913926656","indices":[13,27]}],"symbols":[]},"favorited":false,"retweeted":false,"filter_level":"low","lang":"pt"},"is_quote_status":false,"quote_count":0,"reply_count":0,"retweet_count":0,"favorite_count":0,"entities":{"hashtags":[],"urls":[],"user_mentions":[{"screen_name":"recoelhoo","name":"Renata Coelho","id":234121996,"id_str":"234121996","indices":[3,13]},{"screen_name":"rd_monteiro","name":"Rodrigo Monteiro","id":98255810,"id_str":"98255810","indices":[15,27]},{"screen_name":"startupdareal","name":"Startupdareal","id":932675351913926700,"id_str":"932675351913926656","indices":[28,42]}],"symbols":[]},"favorited":false,"retweeted":false,"filter_level":"low","lang":"pt","matching_rules":[{"tag":null}]}