{"created_at":"Wed Jan 09 11:12:04 +0000 2019","id":1082958176469901300,"id_str":"1082958176469901312","text":"RT @yagoliveira92: @startupdareal Consegui ouvir essa frase sendo dita pelo Renan do Choque de Cultura \"Tudo maquiagem, Rogerinho!\"","source":"<a href=\"http://twitter.com/download/iphone\" rel=\"nofollow\">Twitter for iPhone</a>","truncated":false,"in_reply_to_status_id":null,"in_reply_to_status_id_str":null,"in_reply_to_user_id":null,"in_reply_to_user_id_str":null,"in_reply_to_screen_name":null,"user":{"id":932675351913926700,"id_str":"932675351913926656","name":"Startupdareal","screen_name":"startupdareal","location":"San Francisco, CA","url":"https://medium.com/startup-da-real","description":"#1 lugar livro de empreendedorismo mais vendido na Amazon, com \"Este livro não vai te deixar rico\"","translator_type":"none","protected":false,"verified":false,"followers_count":25736,"friends_count":176,"listed_count":112,"favourites_count":20411,"statuses_count":17948,"created_at":"Mon Nov 20 18:21:46 +0000 2017","utc_offset":null,"time_zone":null,"geo_enabled":true,"lang":"en","contributors_enabled":false,"is_translator":false,"profile_background_color":"000000","profile_background_image_url":"http://abs.twimg.com/images/themes/theme1/bg.png","profile_background_image_url_https":"https://abs.twimg.com/images/themes/theme1/bg.png","profile_background_tile":false,"profile_link_color":"FAB81E","profile_sidebar_border_color":"000000","profile_sidebar_fill_color":"000000","profile_text_color":"000000","profile_use_background_image":false,"profile_image_url":"http://pbs.twimg.com/profile_images/932680310336180226/PXZJpu93_normal.jpg","profile_image_url_https":"https://pbs.twimg.com/profile_images/932680310336180226/PXZJpu93_normal.jpg","profile_banner_url":"https://pbs.twimg.com/profile_banners/932675351913926656/1511203272","default_profile":false,"default_profile_image":false,"following":null,"follow_request_sent":null,"notifications":null},"geo":null,"coordinates":null,"place":null,"contributors":null,"retweeted_status":{"created_at":"Wed Jan 09 11:11:40 +0000 2019","id":1082958075315847200,"id_str":"1082958075315847168","text":"@startupdareal Consegui ouvir essa frase sendo dita pelo Renan do Choque de Cultura \"Tudo maquiagem, Rogerinho!\"","display_text_range":[15,112],"source":"<a href=\"http://twitter.com\" rel=\"nofollow\">Twitter Web Client</a>","truncated":false,"in_reply_to_status_id":1082957557466128400,"in_reply_to_status_id_str":"1082957557466128384","in_reply_to_user_id":932675351913926700,"in_reply_to_user_id_str":"932675351913926656","in_reply_to_screen_name":"startupdareal","user":{"id":50154078,"id_str":"50154078","name":"Yago Souza Oliveira","screen_name":"yagoliveira92","location":"Sergipe, Brasil","url":"https://about.me/yagoliveira92","description":"Sigo caminhando a carreira que me foi proposta.","translator_type":"none","protected":false,"verified":false,"followers_count":183,"friends_count":161,"listed_count":6,"favourites_count":3786,"statuses_count":3334,"created_at":"Wed Jun 24 00:27:25 +0000 2009","utc_offset":null,"time_zone":null,"geo_enabled":true,"lang":"pt","contributors_enabled":false,"is_translator":false,"profile_background_color":"030302","profile_background_image_url":"http://abs.twimg.com/images/themes/theme9/bg.gif","profile_background_image_url_https":"https://abs.twimg.com/images/themes/theme9/bg.gif","profile_background_tile":false,"profile_link_color":"0C0845","profile_sidebar_border_color":"3C5449","profile_sidebar_fill_color":"12291F","profile_text_color":"547B61","profile_use_background_image":true,"profile_image_url":"http://pbs.twimg.com/profile_images/667415831589101568/sDQ2fm5f_normal.jpg","profile_image_url_https":"https://pbs.twimg.com/profile_images/667415831589101568/sDQ2fm5f_normal.jpg","profile_banner_url":"https://pbs.twimg.com/profile_banners/50154078/1405206102","default_profile":false,"default_profile_image":false,"following":null,"follow_request_sent":null,"notifications":null},"geo":null,"coordinates":null,"place":null,"contributors":null,"is_quote_status":false,"quote_count":0,"reply_count":0,"retweet_count":2,"favorite_count":8,"entities":{"hashtags":[],"urls":[],"user_mentions":[{"screen_name":"startupdareal","name":"Startupdareal","id":932675351913926700,"id_str":"932675351913926656","indices":[0,14]}],"symbols":[]},"favorited":false,"retweeted":false,"filter_level":"low","lang":"pt"},"is_quote_status":false,"quote_count":0,"reply_count":0,"retweet_count":0,"favorite_count":0,"entities":{"hashtags":[],"urls":[],"user_mentions":[{"screen_name":"yagoliveira92","name":"Yago Souza Oliveira","id":50154078,"id_str":"50154078","indices":[3,17]},{"screen_name":"startupdareal","name":"Startupdareal","id":932675351913926700,"id_str":"932675351913926656","indices":[19,33]}],"symbols":[]},"favorited":false,"retweeted":false,"filter_level":"low","lang":"pt","matching_rules":[{"tag":null}]}