{"created_at":"Tue Jan 08 04:20:00 +0000 2019","id":1082492088669868000,"id_str":"1082492088669868038","text":"RT @marcogomes: NYC teve um significativo aumento no salário mínimo. Sim, nos EUA. Acho que os anarcobobos brasileiros ficariam meio bravos…","source":"<a href=\"http://twitter.com/download/iphone\" rel=\"nofollow\">Twitter for iPhone</a>","truncated":false,"in_reply_to_status_id":null,"in_reply_to_status_id_str":null,"in_reply_to_user_id":null,"in_reply_to_user_id_str":null,"in_reply_to_screen_name":null,"user":{"id":932675351913926700,"id_str":"932675351913926656","name":"Startupdareal","screen_name":"startupdareal","location":"San Francisco, CA","url":"https://medium.com/startup-da-real","description":"#1 lugar livro de empreendedorismo mais vendido na Amazon, com \"Este livro não vai te deixar rico\"","translator_type":"none","protected":false,"verified":false,"followers_count":25736,"friends_count":176,"listed_count":112,"favourites_count":20411,"statuses_count":17948,"created_at":"Mon Nov 20 18:21:46 +0000 2017","utc_offset":null,"time_zone":null,"geo_enabled":true,"lang":"en","contributors_enabled":false,"is_translator":false,"profile_background_color":"000000","profile_background_image_url":"http://abs.twimg.com/images/themes/theme1/bg.png","profile_background_image_url_https":"https://abs.twimg.com/images/themes/theme1/bg.png","profile_background_tile":false,"profile_link_color":"FAB81E","profile_sidebar_border_color":"000000","profile_sidebar_fill_color":"000000","profile_text_color":"000000","profile_use_background_image":false,"profile_image_url":"http://pbs.twimg.com/profile_images/932680310336180226/PXZJpu93_normal.jpg","profile_image_url_https":"https://pbs.twimg.com/profile_images/932680310336180226/PXZJpu93_normal.jpg","profile_banner_url":"https://pbs.twimg.com/profile_banners/932675351913926656/1511203272","default_profile":false,"default_profile_image":false,"following":null,"follow_request_sent":null,"notifications":null},"geo":null,"coordinates":null,"place":null,"contributors":null,"retweeted_status":{"created_at":"Mon Jan 07 22:07:47 +0000 2019","id":1082398418331414500,"id_str":"1082398418331414533","text":"NYC teve um significativo aumento no salário mínimo. Sim, nos EUA. Acho que os anarcobobos brasileiros ficariam mei… https://t.co/c4l56lKVH0","display_text_range":[0,140],"source":"<a href=\"http://twitter.com/download/iphone\" rel=\"nofollow\">Twitter for iPhone</a>","truncated":true,"in_reply_to_status_id":null,"in_reply_to_status_id_str":null,"in_reply_to_user_id":null,"in_reply_to_user_id_str":null,"in_reply_to_screen_name":null,"user":{"id":1629241,"id_str":"1629241","name":"Marco Gomes","screen_name":"marcogomes","location":"New York, NY","url":"http://marcogomes.com","description":"Trabalho com data science em NY. Cresci no Gama, periferia do DF. Em SP fundei 2 startups, 1 foi vendida. Consigliere do Jovem Nerd; casado; ciclista; viajante.","translator_type":"none","protected":false,"verified":true,"followers_count":99589,"friends_count":2460,"listed_count":1398,"favourites_count":1923,"statuses_count":182529,"created_at":"Tue Mar 20 13:59:31 +0000 2007","utc_offset":null,"time_zone":null,"geo_enabled":true,"lang":"pt","contributors_enabled":false,"is_translator":false,"profile_background_color":"000000","profile_background_image_url":"http://abs.twimg.com/images/themes/theme1/bg.png","profile_background_image_url_https":"https://abs.twimg.com/images/themes/theme1/bg.png","profile_background_tile":true,"profile_link_color":"0000FF","profile_sidebar_border_color":"000000","profile_sidebar_fill_color":"FFFFFF","profile_text_color":"000000","profile_use_background_image":true,"profile_image_url":"http://pbs.twimg.com/profile_images/1060873989957083136/TQiJ9j2A_normal.jpg","profile_image_url_https":"https://pbs.twimg.com/profile_images/1060873989957083136/TQiJ9j2A_normal.jpg","profile_banner_url":"https://pbs.twimg.com/profile_banners/1629241/1527186008","default_profile":false,"default_profile_image":false,"following":null,"follow_request_sent":null,"notifications":null},"geo":null,"coordinates":null,"place":{"id":"07d9db0065483000","url":"https://api.twitter.com/1.1/geo/id/07d9db0065483000.json","place_type":"poi","name":"MTA Subway - 14th St (A/C/E/L)","full_name":"MTA Subway - 14th St (A/C/E/L)","country_code":"US","country":"United States","bounding_box":{"type":"Polygon","coordinates":[[[-74.002576,40.739774],[-74.002576,40.739774],[-74.002576,40.739774],[-74.002576,40.739774]]]},"attributes":{}},"contributors":null,"is_quote_status":false,"extended_tweet":{"full_text":"NYC teve um significativo aumento no salário mínimo. Sim, nos EUA. Acho que os anarcobobos brasileiros ficariam meio bravos (se bem que os anarcobobos-br não pagam salário de ninguém, é o papai que paga dos funcionários domésticos). https://t.co/MfgfXS4YhZ","display_text_range":[0,232],"entities":{"hashtags":[],"urls":[],"user_mentions":[],"symbols":[],"media":[{"id":1082398411675131900,"id_str":"1082398411675131905","indices":[233,256],"media_url":"http://pbs.twimg.com/media/DwVznuFX4AEt6qa.jpg","media_url_https":"https://pbs.twimg.com/media/DwVznuFX4AEt6qa.jpg","url":"https://t.co/MfgfXS4YhZ","display_url":"pic.twitter.com/MfgfXS4YhZ","expanded_url":"https://twitter.com/marcogomes/status/1082398418331414533/photo/1","type":"photo","sizes":{"thumb":{"w":150,"h":150,"resize":"crop"},"large":{"w":1536,"h":2048,"resize":"fit"},"medium":{"w":900,"h":1200,"resize":"fit"},"small":{"w":510,"h":680,"resize":"fit"}}},{"id":1082398411712852000,"id_str":"1082398411712851968","indices":[233,256],"media_url":"http://pbs.twimg.com/media/DwVznuOXcAAt4lG.jpg","media_url_https":"https://pbs.twimg.com/media/DwVznuOXcAAt4lG.jpg","url":"https://t.co/MfgfXS4YhZ","display_url":"pic.twitter.com/MfgfXS4YhZ","expanded_url":"https://twitter.com/marcogomes/status/1082398418331414533/photo/1","type":"photo","sizes":{"large":{"w":2048,"h":1536,"resize":"fit"},"thumb":{"w":150,"h":150,"resize":"crop"},"small":{"w":680,"h":510,"resize":"fit"},"medium":{"w":1200,"h":900,"resize":"fit"}}}]},"extended_entities":{"media":[{"id":1082398411675131900,"id_str":"1082398411675131905","indices":[233,256],"media_url":"http://pbs.twimg.com/media/DwVznuFX4AEt6qa.jpg","media_url_https":"https://pbs.twimg.com/media/DwVznuFX4AEt6qa.jpg","url":"https://t.co/MfgfXS4YhZ","display_url":"pic.twitter.com/MfgfXS4YhZ","expanded_url":"https://twitter.com/marcogomes/status/1082398418331414533/photo/1","type":"photo","sizes":{"thumb":{"w":150,"h":150,"resize":"crop"},"large":{"w":1536,"h":2048,"resize":"fit"},"medium":{"w":900,"h":1200,"resize":"fit"},"small":{"w":510,"h":680,"resize":"fit"}}},{"id":1082398411712852000,"id_str":"1082398411712851968","indices":[233,256],"media_url":"http://pbs.twimg.com/media/DwVznuOXcAAt4lG.jpg","media_url_https":"https://pbs.twimg.com/media/DwVznuOXcAAt4lG.jpg","url":"https://t.co/MfgfXS4YhZ","display_url":"pic.twitter.com/MfgfXS4YhZ","expanded_url":"https://twitter.com/marcogomes/status/1082398418331414533/photo/1","type":"photo","sizes":{"large":{"w":2048,"h":1536,"resize":"fit"},"thumb":{"w":150,"h":150,"resize":"crop"},"small":{"w":680,"h":510,"resize":"fit"},"medium":{"w":1200,"h":900,"resize":"fit"}}}]}},"quote_count":0,"reply_count":7,"retweet_count":22,"favorite_count":245,"entities":{"hashtags":[],"urls":[{"url":"https://t.co/c4l56lKVH0","expanded_url":"https://twitter.com/i/web/status/1082398418331414533","display_url":"twitter.com/i/web/status/1…","indices":[117,140]}],"user_mentions":[],"symbols":[]},"favorited":false,"retweeted":false,"possibly_sensitive":false,"filter_level":"low","lang":"pt"},"is_quote_status":false,"quote_count":0,"reply_count":0,"retweet_count":0,"favorite_count":0,"entities":{"hashtags":[],"urls":[],"user_mentions":[{"screen_name":"marcogomes","name":"Marco Gomes","id":1629241,"id_str":"1629241","indices":[3,14]}],"symbols":[]},"favorited":false,"retweeted":false,"filter_level":"low","lang":"pt","matching_rules":[{"tag":null}]}