{"created_at":"Wed Jan 09 01:53:15 +0000 2019","id":1082817546938658800,"id_str":"1082817546938658816","text":"&lt;3 https://t.co/gyg8yvQzp1","display_text_range":[0,5],"source":"<a href=\"http://twitter.com\" rel=\"nofollow\">Twitter Web Client</a>","truncated":false,"in_reply_to_status_id":null,"in_reply_to_status_id_str":null,"in_reply_to_user_id":null,"in_reply_to_user_id_str":null,"in_reply_to_screen_name":null,"user":{"id":932675351913926700,"id_str":"932675351913926656","name":"Startupdareal","screen_name":"startupdareal","location":"San Francisco, CA","url":"https://medium.com/startup-da-real","description":"#1 lugar livro de empreendedorismo mais vendido na Amazon, com \"Este livro não vai te deixar rico\"","translator_type":"none","protected":false,"verified":false,"followers_count":25736,"friends_count":176,"listed_count":112,"favourites_count":20411,"statuses_count":17948,"created_at":"Mon Nov 20 18:21:46 +0000 2017","utc_offset":null,"time_zone":null,"geo_enabled":true,"lang":"en","contributors_enabled":false,"is_translator":false,"profile_background_color":"000000","profile_background_image_url":"http://abs.twimg.com/images/themes/theme1/bg.png","profile_background_image_url_https":"https://abs.twimg.com/images/themes/theme1/bg.png","profile_background_tile":false,"profile_link_color":"FAB81E","profile_sidebar_border_color":"000000","profile_sidebar_fill_color":"000000","profile_text_color":"000000","profile_use_background_image":false,"profile_image_url":"http://pbs.twimg.com/profile_images/932680310336180226/PXZJpu93_normal.jpg","profile_image_url_https":"https://pbs.twimg.com/profile_images/932680310336180226/PXZJpu93_normal.jpg","profile_banner_url":"https://pbs.twimg.com/profile_banners/932675351913926656/1511203272","default_profile":false,"default_profile_image":false,"following":null,"follow_request_sent":null,"notifications":null},"geo":null,"coordinates":null,"place":null,"contributors":null,"quoted_status_id":1082810665255997400,"quoted_status_id_str":"1082810665255997442","quoted_status":{"created_at":"Wed Jan 09 01:25:54 +0000 2019","id":1082810665255997400,"id_str":"1082810665255997442","text":"@startupdareal Você é a pessoa que mais me motiva. Eu sempre me frustrei com o discurso empreendedor pq eu não tenh… https://t.co/Nnc6JL7MXp","display_text_range":[15,140],"source":"<a href=\"https://mobile.twitter.com\" rel=\"nofollow\">Twitter Web App</a>","truncated":true,"in_reply_to_status_id":1082807811699032000,"in_reply_to_status_id_str":"1082807811699032064","in_reply_to_user_id":932675351913926700,"in_reply_to_user_id_str":"932675351913926656","in_reply_to_screen_name":"startupdareal","user":{"id":468857281,"id_str":"468857281","name":"Gerador de lero lero","screen_name":"kahh_moura","location":"São Paulo , Brasil","url":null,"description":"Don´t mind me, I'm just passing by.","translator_type":"none","protected":false,"verified":false,"followers_count":171,"friends_count":310,"listed_count":1,"favourites_count":48214,"statuses_count":2472,"created_at":"Fri Jan 20 00:13:18 +0000 2012","utc_offset":null,"time_zone":null,"geo_enabled":false,"lang":"en","contributors_enabled":false,"is_translator":false,"profile_background_color":"000000","profile_background_image_url":"http://abs.twimg.com/images/themes/theme1/bg.png","profile_background_image_url_https":"https://abs.twimg.com/images/themes/theme1/bg.png","profile_background_tile":false,"profile_link_color":"F58EA8","profile_sidebar_border_color":"000000","profile_sidebar_fill_color":"000000","profile_text_color":"000000","profile_use_background_image":false,"profile_image_url":"http://pbs.twimg.com/profile_images/1026952439021350912/0uNQ8Q47_normal.jpg","profile_image_url_https":"https://pbs.twimg.com/profile_images/1026952439021350912/0uNQ8Q47_normal.jpg","profile_banner_url":"https://pbs.twimg.com/profile_banners/468857281/1533679522","default_profile":false,"default_profile_image":false,"following":null,"follow_request_sent":null,"notifications":null},"geo":null,"coordinates":null,"place":null,"contributors":null,"is_quote_status":false,"extended_tweet":{"full_text":"@startupdareal Você é a pessoa que mais me motiva. Eu sempre me frustrei com o discurso empreendedor pq eu não tenho o perfil de empreendedor. E me frustrava pq eu me sentia fracassada. Nem sempre eu me basto, infelizmente, e preciso de uma validação externa de ideias. Você tem esse papel. Obg","display_text_range":[15,294],"entities":{"hashtags":[],"urls":[],"user_mentions":[{"screen_name":"startupdareal","name":"Startupdareal","id":932675351913926700,"id_str":"932675351913926656","indices":[0,14]}],"symbols":[]}},"quote_count":0,"reply_count":0,"retweet_count":0,"favorite_count":19,"entities":{"hashtags":[],"urls":[{"url":"https://t.co/Nnc6JL7MXp","expanded_url":"https://twitter.com/i/web/status/1082810665255997442","display_url":"twitter.com/i/web/status/1…","indices":[117,140]}],"user_mentions":[{"screen_name":"startupdareal","name":"Startupdareal","id":932675351913926700,"id_str":"932675351913926656","indices":[0,14]}],"symbols":[]},"favorited":false,"retweeted":false,"filter_level":"low","lang":"pt"},"quoted_status_permalink":{"url":"https://t.co/gyg8yvQzp1","expanded":"https://twitter.com/kahh_moura/status/1082810665255997442","display":"twitter.com/kahh_moura/sta…"},"is_quote_status":true,"quote_count":0,"reply_count":3,"retweet_count":0,"favorite_count":15,"entities":{"hashtags":[],"urls":[{"url":"https://t.co/gyg8yvQzp1","expanded_url":"https://twitter.com/kahh_moura/status/1082810665255997442","display_url":"twitter.com/kahh_moura/sta…","indices":[6,29]}],"user_mentions":[],"symbols":[]},"favorited":false,"retweeted":false,"possibly_sensitive":false,"filter_level":"low","lang":"und","matching_rules":[{"tag":null}]}