{"created_at":"Mon Jan 07 17:41:18 +0000 2019","id":1082331353922834400,"id_str":"1082331353922834434","text":"Daqueles que eu queria ter feito: https://t.co/azrJS5f9UD","display_text_range":[0,33],"source":"<a href=\"http://twitter.com\" rel=\"nofollow\">Twitter Web Client</a>","truncated":false,"in_reply_to_status_id":null,"in_reply_to_status_id_str":null,"in_reply_to_user_id":null,"in_reply_to_user_id_str":null,"in_reply_to_screen_name":null,"user":{"id":932675351913926700,"id_str":"932675351913926656","name":"Startupdareal","screen_name":"startupdareal","location":"San Francisco, CA","url":"https://medium.com/startup-da-real","description":"#1 lugar livro de empreendedorismo mais vendido na Amazon, com \"Este livro não vai te deixar rico\"","translator_type":"none","protected":false,"verified":false,"followers_count":25736,"friends_count":176,"listed_count":112,"favourites_count":20411,"statuses_count":17948,"created_at":"Mon Nov 20 18:21:46 +0000 2017","utc_offset":null,"time_zone":null,"geo_enabled":true,"lang":"en","contributors_enabled":false,"is_translator":false,"profile_background_color":"000000","profile_background_image_url":"http://abs.twimg.com/images/themes/theme1/bg.png","profile_background_image_url_https":"https://abs.twimg.com/images/themes/theme1/bg.png","profile_background_tile":false,"profile_link_color":"FAB81E","profile_sidebar_border_color":"000000","profile_sidebar_fill_color":"000000","profile_text_color":"000000","profile_use_background_image":false,"profile_image_url":"http://pbs.twimg.com/profile_images/932680310336180226/PXZJpu93_normal.jpg","profile_image_url_https":"https://pbs.twimg.com/profile_images/932680310336180226/PXZJpu93_normal.jpg","profile_banner_url":"https://pbs.twimg.com/profile_banners/932675351913926656/1511203272","default_profile":false,"default_profile_image":false,"following":null,"follow_request_sent":null,"notifications":null},"geo":null,"coordinates":null,"place":null,"contributors":null,"quoted_status_id":1082329934062850000,"quoted_status_id_str":"1082329934062850049","quoted_status":{"created_at":"Mon Jan 07 17:35:39 +0000 2019","id":1082329934062850000,"id_str":"1082329934062850049","text":"Ei, @startupdareal: https://t.co/ET6ZqKbYOe","source":"<a href=\"https://chrome.google.com/extensions/detail/encaiiljifbdbjlphpgpiimidegddhic\" rel=\"nofollow\">Silver Bird</a>","truncated":false,"in_reply_to_status_id":null,"in_reply_to_status_id_str":null,"in_reply_to_user_id":null,"in_reply_to_user_id_str":null,"in_reply_to_screen_name":null,"user":{"id":26863189,"id_str":"26863189","name":"Raphael Aleixo 彡★","screen_name":"raphaelaleixo","location":"Rio de Janeiro/Brazil","url":null,"description":"Art Director and Game Designer.\r\nhttp://raphaelaleixo.com","translator_type":"none","protected":false,"verified":false,"followers_count":510,"friends_count":427,"listed_count":19,"favourites_count":839,"statuses_count":11246,"created_at":"Thu Mar 26 21:55:21 +0000 2009","utc_offset":null,"time_zone":null,"geo_enabled":true,"lang":"pt","contributors_enabled":false,"is_translator":false,"profile_background_color":"9BD300","profile_background_image_url":"http://abs.twimg.com/images/themes/theme3/bg.gif","profile_background_image_url_https":"https://abs.twimg.com/images/themes/theme3/bg.gif","profile_background_tile":false,"profile_link_color":"088253","profile_sidebar_border_color":"D3D2CF","profile_sidebar_fill_color":"E3E2DE","profile_text_color":"634047","profile_use_background_image":false,"profile_image_url":"http://pbs.twimg.com/profile_images/1057308110681989127/Hi0NgXpE_normal.jpg","profile_image_url_https":"https://pbs.twimg.com/profile_images/1057308110681989127/Hi0NgXpE_normal.jpg","profile_banner_url":"https://pbs.twimg.com/profile_banners/26863189/1540743066","default_profile":false,"default_profile_image":false,"following":null,"follow_request_sent":null,"notifications":null},"geo":null,"coordinates":null,"place":null,"contributors":null,"is_quote_status":false,"quote_count":0,"reply_count":2,"retweet_count":0,"favorite_count":6,"entities":{"hashtags":[],"urls":[{"url":"https://t.co/ET6ZqKbYOe","expanded_url":"https://www.hownottolaunch.com","display_url":"hownottolaunch.com","indices":[20,43]}],"user_mentions":[{"screen_name":"startupdareal","name":"Startupdareal","id":932675351913926700,"id_str":"932675351913926656","indices":[4,18]}],"symbols":[]},"favorited":false,"retweeted":false,"possibly_sensitive":false,"filter_level":"low","lang":"und"},"quoted_status_permalink":{"url":"https://t.co/azrJS5f9UD","expanded":"https://twitter.com/raphaelaleixo/status/1082329934062850049","display":"twitter.com/raphaelaleixo/…"},"is_quote_status":true,"quote_count":0,"reply_count":0,"retweet_count":0,"favorite_count":9,"entities":{"hashtags":[],"urls":[{"url":"https://t.co/azrJS5f9UD","expanded_url":"https://twitter.com/raphaelaleixo/status/1082329934062850049","display_url":"twitter.com/raphaelaleixo/…","indices":[34,57]}],"user_mentions":[],"symbols":[]},"favorited":false,"retweeted":false,"possibly_sensitive":false,"filter_level":"low","lang":"pt","matching_rules":[{"tag":null}]}