{"created_at":"Thu Jan 10 12:43:45 +0000 2019","id":1083343640020303900,"id_str":"1083343640020303872","text":"RT @gserrano: Esse texto da @startupdareal é exatamente o que eu precisava ler esta semana https://t.co/gzRpRDo4jc","source":"<a href=\"http://twitter.com\" rel=\"nofollow\">Twitter Web Client</a>","truncated":false,"in_reply_to_status_id":null,"in_reply_to_status_id_str":null,"in_reply_to_user_id":null,"in_reply_to_user_id_str":null,"in_reply_to_screen_name":null,"user":{"id":932675351913926700,"id_str":"932675351913926656","name":"Startupdareal","screen_name":"startupdareal","location":"San Francisco, CA","url":"https://medium.com/startup-da-real","description":"#1 lugar livro de empreendedorismo mais vendido na Amazon, com \"Este livro não vai te deixar rico\"","translator_type":"none","protected":false,"verified":false,"followers_count":25736,"friends_count":176,"listed_count":112,"favourites_count":20411,"statuses_count":17948,"created_at":"Mon Nov 20 18:21:46 +0000 2017","utc_offset":null,"time_zone":null,"geo_enabled":true,"lang":"en","contributors_enabled":false,"is_translator":false,"profile_background_color":"000000","profile_background_image_url":"http://abs.twimg.com/images/themes/theme1/bg.png","profile_background_image_url_https":"https://abs.twimg.com/images/themes/theme1/bg.png","profile_background_tile":false,"profile_link_color":"FAB81E","profile_sidebar_border_color":"000000","profile_sidebar_fill_color":"000000","profile_text_color":"000000","profile_use_background_image":false,"profile_image_url":"http://pbs.twimg.com/profile_images/932680310336180226/PXZJpu93_normal.jpg","profile_image_url_https":"https://pbs.twimg.com/profile_images/932680310336180226/PXZJpu93_normal.jpg","profile_banner_url":"https://pbs.twimg.com/profile_banners/932675351913926656/1511203272","default_profile":false,"default_profile_image":false,"following":null,"follow_request_sent":null,"notifications":null},"geo":null,"coordinates":null,"place":null,"contributors":null,"retweeted_status":{"created_at":"Thu Jan 10 12:13:14 +0000 2019","id":1083335959981314000,"id_str":"1083335959981314048","text":"Esse texto da @startupdareal é exatamente o que eu precisava ler esta semana https://t.co/gzRpRDo4jc","source":"<a href=\"https://mobile.twitter.com\" rel=\"nofollow\">Twitter Web App</a>","truncated":false,"in_reply_to_status_id":null,"in_reply_to_status_id_str":null,"in_reply_to_user_id":null,"in_reply_to_user_id_str":null,"in_reply_to_screen_name":null,"user":{"id":13722372,"id_str":"13722372","name":"Anão Gigante","screen_name":"gserrano","location":"Sao Paulo, Brazil","url":"http://eucompraria.com.br","description":"Code dealer. Build, fix, improve and profit. Wizard at @eucompraria","translator_type":"none","protected":false,"verified":false,"followers_count":1737,"friends_count":756,"listed_count":56,"favourites_count":4082,"statuses_count":32530,"created_at":"Wed Feb 20 14:44:37 +0000 2008","utc_offset":null,"time_zone":null,"geo_enabled":false,"lang":"en","contributors_enabled":false,"is_translator":false,"profile_background_color":"FFFFFF","profile_background_image_url":"http://abs.twimg.com/images/themes/theme1/bg.png","profile_background_image_url_https":"https://abs.twimg.com/images/themes/theme1/bg.png","profile_background_tile":true,"profile_link_color":"006EA5","profile_sidebar_border_color":"006EA5","profile_sidebar_fill_color":"EBEBEB","profile_text_color":"000000","profile_use_background_image":true,"profile_image_url":"http://pbs.twimg.com/profile_images/910143056439119872/CzqjiRp2_normal.jpg","profile_image_url_https":"https://pbs.twimg.com/profile_images/910143056439119872/CzqjiRp2_normal.jpg","profile_banner_url":"https://pbs.twimg.com/profile_banners/13722372/1480957183","default_profile":false,"default_profile_image":false,"following":null,"follow_request_sent":null,"notifications":null},"geo":null,"coordinates":null,"place":null,"contributors":null,"is_quote_status":false,"quote_count":0,"reply_count":5,"retweet_count":6,"favorite_count":28,"entities":{"hashtags":[],"urls":[{"url":"https://t.co/gzRpRDo4jc","expanded_url":"https://medium.com/startup-da-real/como-não-planejar-uma-vida-de-sucesso-3dc8433162be","display_url":"medium.com/startup-da-rea…","indices":[77,100]}],"user_mentions":[{"screen_name":"startupdareal","name":"Startupdareal","id":932675351913926700,"id_str":"932675351913926656","indices":[14,28]}],"symbols":[]},"favorited":false,"retweeted":false,"possibly_sensitive":false,"filter_level":"low","lang":"pt"},"is_quote_status":false,"quote_count":0,"reply_count":0,"retweet_count":0,"favorite_count":0,"entities":{"hashtags":[],"urls":[{"url":"https://t.co/gzRpRDo4jc","expanded_url":"https://medium.com/startup-da-real/como-não-planejar-uma-vida-de-sucesso-3dc8433162be","display_url":"medium.com/startup-da-rea…","indices":[91,114]}],"user_mentions":[{"screen_name":"gserrano","name":"Anão Gigante","id":13722372,"id_str":"13722372","indices":[3,12]},{"screen_name":"startupdareal","name":"Startupdareal","id":932675351913926700,"id_str":"932675351913926656","indices":[28,42]}],"symbols":[]},"favorited":false,"retweeted":false,"possibly_sensitive":false,"filter_level":"low","lang":"pt","matching_rules":[{"tag":null}]}