{"created_at":"Thu Jan 10 11:37:25 +0000 2019","id":1083326946660909000,"id_str":"1083326946660909057","text":"RT @empreendedorpa: Tá certo isso. Tão reclamando pq o cara trabalhou 20 anos no lugar sem ser reconhecido e só porque coincidentemente 8 d…","source":"<a href=\"http://twitter.com\" rel=\"nofollow\">Twitter Web Client</a>","truncated":false,"in_reply_to_status_id":null,"in_reply_to_status_id_str":null,"in_reply_to_user_id":null,"in_reply_to_user_id_str":null,"in_reply_to_screen_name":null,"user":{"id":932675351913926700,"id_str":"932675351913926656","name":"Startupdareal","screen_name":"startupdareal","location":"San Francisco, CA","url":"https://medium.com/startup-da-real","description":"#1 lugar livro de empreendedorismo mais vendido na Amazon, com \"Este livro não vai te deixar rico\"","translator_type":"none","protected":false,"verified":false,"followers_count":25736,"friends_count":176,"listed_count":112,"favourites_count":20411,"statuses_count":17948,"created_at":"Mon Nov 20 18:21:46 +0000 2017","utc_offset":null,"time_zone":null,"geo_enabled":true,"lang":"en","contributors_enabled":false,"is_translator":false,"profile_background_color":"000000","profile_background_image_url":"http://abs.twimg.com/images/themes/theme1/bg.png","profile_background_image_url_https":"https://abs.twimg.com/images/themes/theme1/bg.png","profile_background_tile":false,"profile_link_color":"FAB81E","profile_sidebar_border_color":"000000","profile_sidebar_fill_color":"000000","profile_text_color":"000000","profile_use_background_image":false,"profile_image_url":"http://pbs.twimg.com/profile_images/932680310336180226/PXZJpu93_normal.jpg","profile_image_url_https":"https://pbs.twimg.com/profile_images/932680310336180226/PXZJpu93_normal.jpg","profile_banner_url":"https://pbs.twimg.com/profile_banners/932675351913926656/1511203272","default_profile":false,"default_profile_image":false,"following":null,"follow_request_sent":null,"notifications":null},"geo":null,"coordinates":null,"place":null,"contributors":null,"retweeted_status":{"created_at":"Wed Jan 09 15:16:03 +0000 2019","id":1083019577708216300,"id_str":"1083019577708216320","text":"Tá certo isso. Tão reclamando pq o cara trabalhou 20 anos no lugar sem ser reconhecido e só porque coincidentemente… https://t.co/ZPjIxukA7o","display_text_range":[0,140],"source":"<a href=\"http://twitter.com\" rel=\"nofollow\">Twitter Web Client</a>","truncated":true,"in_reply_to_status_id":null,"in_reply_to_status_id_str":null,"in_reply_to_user_id":null,"in_reply_to_user_id_str":null,"in_reply_to_screen_name":null,"user":{"id":1062349455159148500,"id_str":"1062349455159148545","name":"Empreendedor Passivo Agressivo","screen_name":"empreendedorpa","location":"Orlando, FL","url":null,"description":"Comecei do zero e você aí chorando de mimimi","translator_type":"none","protected":false,"verified":false,"followers_count":10354,"friends_count":0,"listed_count":21,"favourites_count":81,"statuses_count":81,"created_at":"Tue Nov 13 14:20:22 +0000 2018","utc_offset":null,"time_zone":null,"geo_enabled":false,"lang":"en","contributors_enabled":false,"is_translator":false,"profile_background_color":"000000","profile_background_image_url":"http://abs.twimg.com/images/themes/theme1/bg.png","profile_background_image_url_https":"https://abs.twimg.com/images/themes/theme1/bg.png","profile_background_tile":false,"profile_link_color":"FF691F","profile_sidebar_border_color":"000000","profile_sidebar_fill_color":"000000","profile_text_color":"000000","profile_use_background_image":false,"profile_image_url":"http://pbs.twimg.com/profile_images/1062351802300018688/9t2Ymq1J_normal.jpg","profile_image_url_https":"https://pbs.twimg.com/profile_images/1062351802300018688/9t2Ymq1J_normal.jpg","profile_banner_url":"https://pbs.twimg.com/profile_banners/1062349455159148545/1542119579","default_profile":false,"default_profile_image":false,"following":null,"follow_request_sent":null,"notifications":null},"geo":null,"coordinates":null,"place":null,"contributors":null,"quoted_status_id":1082659608186028000,"quoted_status_id_str":"1082659608186028037","quoted_status":{"created_at":"Tue Jan 08 15:25:40 +0000 2019","id":1082659608186028000,"id_str":"1082659608186028037","text":"Filho de Mourão assume cargo no Banco do Brasil ganhando mais de 30 mil reais, é a festa.Imagine se fosse filho de… https://t.co/nw0jDtfHIi","source":"<a href=\"http://www.facebook.com/twitter\" rel=\"nofollow\">Facebook</a>","truncated":true,"in_reply_to_status_id":null,"in_reply_to_status_id_str":null,"in_reply_to_user_id":null,"in_reply_to_user_id_str":null,"in_reply_to_screen_name":null,"user":{"id":4550317786,"id_str":"4550317786","name":"Dilma Resistente","screen_name":"DilmaResiste","location":null,"url":"https://www.youtube.com/dilmaresistente","description":"\"O teste que melhor revela a educação de um H ou M é o comportamento deles durante uma briga\" (G. Bernard Shaw)\nInscreva-se no canal https://bit.ly/2JNbcff","translator_type":"none","protected":false,"verified":false,"followers_count":30750,"friends_count":989,"listed_count":73,"favourites_count":1438,"statuses_count":89024,"created_at":"Sun Dec 20 21:40:54 +0000 2015","utc_offset":null,"time_zone":null,"geo_enabled":false,"lang":"pt","contributors_enabled":false,"is_translator":false,"profile_background_color":"F5F8FA","profile_background_image_url":"","profile_background_image_url_https":"","profile_background_tile":false,"profile_link_color":"1DA1F2","profile_sidebar_border_color":"C0DEED","profile_sidebar_fill_color":"DDEEF6","profile_text_color":"333333","profile_use_background_image":true,"profile_image_url":"http://pbs.twimg.com/profile_images/1033468459210792960/GdluDE9b_normal.png","profile_image_url_https":"https://pbs.twimg.com/profile_images/1033468459210792960/GdluDE9b_normal.png","profile_banner_url":"https://pbs.twimg.com/profile_banners/4550317786/1546282204","default_profile":true,"default_profile_image":false,"following":null,"follow_request_sent":null,"notifications":null},"geo":null,"coordinates":null,"place":null,"contributors":null,"is_quote_status":false,"extended_tweet":{"full_text":"Filho de Mourão assume cargo no Banco do Brasil ganhando mais de 30 mil reais, é a festa.Imagine se fosse filho de petista.\n\nLEIA MAIS: https://t.co/sljgBh07lF","display_text_range":[0,159],"entities":{"hashtags":[],"urls":[{"url":"https://t.co/sljgBh07lF","expanded_url":"https://falandoverdades.com.br/filho-de-mourao-assume-cargo-com-salario-de-375-mil-no-banco-do-brasil/","display_url":"falandoverdades.com.br/filho-de-moura…","indices":[136,159]}],"user_mentions":[],"symbols":[]}},"quote_count":0,"reply_count":49,"retweet_count":231,"favorite_count":541,"entities":{"hashtags":[],"urls":[{"url":"https://t.co/nw0jDtfHIi","expanded_url":"https://twitter.com/i/web/status/1082659608186028037","display_url":"twitter.com/i/web/status/1…","indices":[116,139]}],"user_mentions":[],"symbols":[]},"favorited":false,"retweeted":false,"possibly_sensitive":false,"filter_level":"low","lang":"pt"},"quoted_status_permalink":{"url":"https://t.co/tE2i3pbptc","expanded":"https://twitter.com/DilmaResiste/status/1082659608186028037","display":"twitter.com/DilmaResiste/s…"},"is_quote_status":true,"extended_tweet":{"full_text":"Tá certo isso. Tão reclamando pq o cara trabalhou 20 anos no lugar sem ser reconhecido e só porque coincidentemente 8 dias depois de ser empossado vice-presidente do Brasil, a estatal que ele trabalha promoveu ele para um cargo que paga 35 mil reais.\n\nReconhecimento o nome disso. https://t.co/tE2i3pbptc","display_text_range":[0,280],"entities":{"hashtags":[],"urls":[{"url":"https://t.co/tE2i3pbptc","expanded_url":"https://twitter.com/DilmaResiste/status/1082659608186028037","display_url":"twitter.com/DilmaResiste/s…","indices":[281,304]}],"user_mentions":[],"symbols":[]}},"quote_count":0,"reply_count":6,"retweet_count":73,"favorite_count":374,"entities":{"hashtags":[],"urls":[{"url":"https://t.co/ZPjIxukA7o","expanded_url":"https://twitter.com/i/web/status/1083019577708216320","display_url":"twitter.com/i/web/status/1…","indices":[117,140]}],"user_mentions":[],"symbols":[]},"favorited":false,"retweeted":false,"possibly_sensitive":false,"filter_level":"low","lang":"pt"},"quoted_status_id":1082659608186028000,"quoted_status_id_str":"1082659608186028037","quoted_status":{"created_at":"Tue Jan 08 15:25:40 +0000 2019","id":1082659608186028000,"id_str":"1082659608186028037","text":"Filho de Mourão assume cargo no Banco do Brasil ganhando mais de 30 mil reais, é a festa.Imagine se fosse filho de… https://t.co/nw0jDtfHIi","source":"<a href=\"http://www.facebook.com/twitter\" rel=\"nofollow\">Facebook</a>","truncated":true,"in_reply_to_status_id":null,"in_reply_to_status_id_str":null,"in_reply_to_user_id":null,"in_reply_to_user_id_str":null,"in_reply_to_screen_name":null,"user":{"id":4550317786,"id_str":"4550317786","name":"Dilma Resistente","screen_name":"DilmaResiste","location":null,"url":"https://www.youtube.com/dilmaresistente","description":"\"O teste que melhor revela a educação de um H ou M é o comportamento deles durante uma briga\" (G. Bernard Shaw)\nInscreva-se no canal https://bit.ly/2JNbcff","translator_type":"none","protected":false,"verified":false,"followers_count":30750,"friends_count":989,"listed_count":73,"favourites_count":1438,"statuses_count":89024,"created_at":"Sun Dec 20 21:40:54 +0000 2015","utc_offset":null,"time_zone":null,"geo_enabled":false,"lang":"pt","contributors_enabled":false,"is_translator":false,"profile_background_color":"F5F8FA","profile_background_image_url":"","profile_background_image_url_https":"","profile_background_tile":false,"profile_link_color":"1DA1F2","profile_sidebar_border_color":"C0DEED","profile_sidebar_fill_color":"DDEEF6","profile_text_color":"333333","profile_use_background_image":true,"profile_image_url":"http://pbs.twimg.com/profile_images/1033468459210792960/GdluDE9b_normal.png","profile_image_url_https":"https://pbs.twimg.com/profile_images/1033468459210792960/GdluDE9b_normal.png","profile_banner_url":"https://pbs.twimg.com/profile_banners/4550317786/1546282204","default_profile":true,"default_profile_image":false,"following":null,"follow_request_sent":null,"notifications":null},"geo":null,"coordinates":null,"place":null,"contributors":null,"is_quote_status":false,"extended_tweet":{"full_text":"Filho de Mourão assume cargo no Banco do Brasil ganhando mais de 30 mil reais, é a festa.Imagine se fosse filho de petista.\n\nLEIA MAIS: https://t.co/sljgBh07lF","display_text_range":[0,159],"entities":{"hashtags":[],"urls":[{"url":"https://t.co/sljgBh07lF","expanded_url":"https://falandoverdades.com.br/filho-de-mourao-assume-cargo-com-salario-de-375-mil-no-banco-do-brasil/","display_url":"falandoverdades.com.br/filho-de-moura…","indices":[136,159]}],"user_mentions":[],"symbols":[]}},"quote_count":0,"reply_count":49,"retweet_count":231,"favorite_count":541,"entities":{"hashtags":[],"urls":[{"url":"https://t.co/nw0jDtfHIi","expanded_url":"https://twitter.com/i/web/status/1082659608186028037","display_url":"twitter.com/i/web/status/1…","indices":[116,139]}],"user_mentions":[],"symbols":[]},"favorited":false,"retweeted":false,"possibly_sensitive":false,"filter_level":"low","lang":"pt"},"quoted_status_permalink":{"url":"https://t.co/tE2i3pbptc","expanded":"https://twitter.com/DilmaResiste/status/1082659608186028037","display":"twitter.com/DilmaResiste/s…"},"is_quote_status":true,"quote_count":0,"reply_count":0,"retweet_count":0,"favorite_count":0,"entities":{"hashtags":[],"urls":[],"user_mentions":[{"screen_name":"empreendedorpa","name":"Empreendedor Passivo Agressivo","id":1062349455159148500,"id_str":"1062349455159148545","indices":[3,18]}],"symbols":[]},"favorited":false,"retweeted":false,"filter_level":"low","lang":"pt","matching_rules":[{"tag":null}]}