{"created_at":"Fri Jan 11 13:27:16 +0000 2019","id":1083716977364029400,"id_str":"1083716977364029443","text":"ISSO NÃO É BIOHACKING. https://t.co/uKvOuJMrjP","display_text_range":[0,22],"source":"<a href=\"http://twitter.com\" rel=\"nofollow\">Twitter Web Client</a>","truncated":false,"in_reply_to_status_id":null,"in_reply_to_status_id_str":null,"in_reply_to_user_id":null,"in_reply_to_user_id_str":null,"in_reply_to_screen_name":null,"user":{"id":932675351913926700,"id_str":"932675351913926656","name":"Startupdareal","screen_name":"startupdareal","location":"San Francisco, CA","url":"https://medium.com/startup-da-real","description":"#1 lugar livro de empreendedorismo mais vendido na Amazon, com \"Este livro não vai te deixar rico\"","translator_type":"none","protected":false,"verified":false,"followers_count":25857,"friends_count":176,"listed_count":113,"favourites_count":20540,"statuses_count":18075,"created_at":"Mon Nov 20 18:21:46 +0000 2017","utc_offset":null,"time_zone":null,"geo_enabled":true,"lang":"en","contributors_enabled":false,"is_translator":false,"profile_background_color":"000000","profile_background_image_url":"http://abs.twimg.com/images/themes/theme1/bg.png","profile_background_image_url_https":"https://abs.twimg.com/images/themes/theme1/bg.png","profile_background_tile":false,"profile_link_color":"FAB81E","profile_sidebar_border_color":"000000","profile_sidebar_fill_color":"000000","profile_text_color":"000000","profile_use_background_image":false,"profile_image_url":"http://pbs.twimg.com/profile_images/932680310336180226/PXZJpu93_normal.jpg","profile_image_url_https":"https://pbs.twimg.com/profile_images/932680310336180226/PXZJpu93_normal.jpg","profile_banner_url":"https://pbs.twimg.com/profile_banners/932675351913926656/1511203272","default_profile":false,"default_profile_image":false,"following":null,"follow_request_sent":null,"notifications":null},"geo":null,"coordinates":null,"place":null,"contributors":null,"quoted_status_id":1083708540894756900,"quoted_status_id_str":"1083708540894756865","quoted_status":{"created_at":"Fri Jan 11 12:53:45 +0000 2019","id":1083708540894756900,"id_str":"1083708540894756865","text":"um temo que marca muito o movimento high stakes é o biohacking https://t.co/ht3zt5rMGT","display_text_range":[0,62],"source":"<a href=\"http://twitter.com\" rel=\"nofollow\">Twitter Web Client</a>","truncated":false,"in_reply_to_status_id":null,"in_reply_to_status_id_str":null,"in_reply_to_user_id":null,"in_reply_to_user_id_str":null,"in_reply_to_screen_name":null,"user":{"id":8159582,"id_str":"8159582","name":"Döda","screen_name":"dodavilhena","location":"São Paulo, Brasil","url":"http://pintoculos.tumblr.com","description":"trabalhei muitos anos com isso","translator_type":"none","protected":false,"verified":false,"followers_count":6516,"friends_count":324,"listed_count":163,"favourites_count":36450,"statuses_count":45005,"created_at":"Mon Aug 13 14:08:51 +0000 2007","utc_offset":null,"time_zone":null,"geo_enabled":true,"lang":"pt","contributors_enabled":false,"is_translator":false,"profile_background_color":"050505","profile_background_image_url":"http://abs.twimg.com/images/themes/theme1/bg.png","profile_background_image_url_https":"https://abs.twimg.com/images/themes/theme1/bg.png","profile_background_tile":true,"profile_link_color":"FAB81E","profile_sidebar_border_color":"FFFFFF","profile_sidebar_fill_color":"FAF9F5","profile_text_color":"673104","profile_use_background_image":true,"profile_image_url":"http://pbs.twimg.com/profile_images/1081589737213870086/ZhnMDRK2_normal.jpg","profile_image_url_https":"https://pbs.twimg.com/profile_images/1081589737213870086/ZhnMDRK2_normal.jpg","profile_banner_url":"https://pbs.twimg.com/profile_banners/8159582/1546706063","default_profile":false,"default_profile_image":false,"following":null,"follow_request_sent":null,"notifications":null},"geo":null,"coordinates":null,"place":null,"contributors":null,"is_quote_status":false,"quote_count":0,"reply_count":16,"retweet_count":8,"favorite_count":42,"entities":{"hashtags":[],"urls":[],"user_mentions":[],"symbols":[],"media":[{"id":1083708496087040000,"id_str":"1083708496087040000","indices":[63,86],"additional_media_info":{"monetizable":false},"media_url":"http://pbs.twimg.com/ext_tw_video_thumb/1083708496087040000/pu/img/vfLmh7hYfnUOZc5j.jpg","media_url_https":"https://pbs.twimg.com/ext_tw_video_thumb/1083708496087040000/pu/img/vfLmh7hYfnUOZc5j.jpg","url":"https://t.co/ht3zt5rMGT","display_url":"pic.twitter.com/ht3zt5rMGT","expanded_url":"https://twitter.com/dodavilhena/status/1083708540894756865/video/1","type":"photo","sizes":{"thumb":{"w":150,"h":150,"resize":"crop"},"medium":{"w":1200,"h":675,"resize":"fit"},"small":{"w":680,"h":383,"resize":"fit"},"large":{"w":1280,"h":720,"resize":"fit"}}}]},"extended_entities":{"media":[{"id":1083708496087040000,"id_str":"1083708496087040000","indices":[63,86],"additional_media_info":{"monetizable":false},"media_url":"http://pbs.twimg.com/ext_tw_video_thumb/1083708496087040000/pu/img/vfLmh7hYfnUOZc5j.jpg","media_url_https":"https://pbs.twimg.com/ext_tw_video_thumb/1083708496087040000/pu/img/vfLmh7hYfnUOZc5j.jpg","url":"https://t.co/ht3zt5rMGT","display_url":"pic.twitter.com/ht3zt5rMGT","expanded_url":"https://twitter.com/dodavilhena/status/1083708540894756865/video/1","type":"video","video_info":{"aspect_ratio":[16,9],"duration_millis":33084,"variants":[{"bitrate":256000,"content_type":"video/mp4","url":"https://video.twimg.com/ext_tw_video/1083708496087040000/pu/vid/320x180/QtwGIgwCjE97OPaF.mp4?tag=8"},{"content_type":"application/x-mpegURL","url":"https://video.twimg.com/ext_tw_video/1083708496087040000/pu/pl/Mvd2n5eOAMS5jCRM.m3u8?tag=8"},{"bitrate":2176000,"content_type":"video/mp4","url":"https://video.twimg.com/ext_tw_video/1083708496087040000/pu/vid/1280x720/nlF_gr9VEOAfn4WC.mp4?tag=8"},{"bitrate":832000,"content_type":"video/mp4","url":"https://video.twimg.com/ext_tw_video/1083708496087040000/pu/vid/640x360/qP1kGxDxPFsB6lzY.mp4?tag=8"}]},"sizes":{"thumb":{"w":150,"h":150,"resize":"crop"},"medium":{"w":1200,"h":675,"resize":"fit"},"small":{"w":680,"h":383,"resize":"fit"},"large":{"w":1280,"h":720,"resize":"fit"}}}]},"favorited":false,"retweeted":false,"possibly_sensitive":false,"filter_level":"low","lang":"pt"},"quoted_status_permalink":{"url":"https://t.co/uKvOuJMrjP","expanded":"https://twitter.com/dodavilhena/status/1083708540894756865","display":"twitter.com/dodavilhena/st…"},"is_quote_status":true,"quote_count":0,"reply_count":23,"retweet_count":4,"favorite_count":83,"entities":{"hashtags":[],"urls":[{"url":"https://t.co/uKvOuJMrjP","expanded_url":"https://twitter.com/dodavilhena/status/1083708540894756865","display_url":"twitter.com/dodavilhena/st…","indices":[23,46]}],"user_mentions":[],"symbols":[]},"favorited":false,"retweeted":false,"possibly_sensitive":false,"filter_level":"low","lang":"pt","matching_rules":[{"tag":null}]}