{"created_at":"Sat Jan 12 02:24:33 +0000 2019","id":1083912586658279400,"id_str":"1083912586658279424","text":"RT @LeilaGermano: ARRASOU A NATUREZA https://t.co/FjKDKAxUON","source":"<a href=\"http://twitter.com/download/iphone\" rel=\"nofollow\">Twitter for iPhone</a>","truncated":false,"in_reply_to_status_id":null,"in_reply_to_status_id_str":null,"in_reply_to_user_id":null,"in_reply_to_user_id_str":null,"in_reply_to_screen_name":null,"user":{"id":932675351913926700,"id_str":"932675351913926656","name":"Startupdareal","screen_name":"startupdareal","location":"San Francisco, CA","url":"https://medium.com/startup-da-real","description":"#1 lugar livro de empreendedorismo mais vendido na Amazon, com \"Este livro não vai te deixar rico\"","translator_type":"none","protected":false,"verified":false,"followers_count":25857,"friends_count":176,"listed_count":113,"favourites_count":20540,"statuses_count":18075,"created_at":"Mon Nov 20 18:21:46 +0000 2017","utc_offset":null,"time_zone":null,"geo_enabled":true,"lang":"en","contributors_enabled":false,"is_translator":false,"profile_background_color":"000000","profile_background_image_url":"http://abs.twimg.com/images/themes/theme1/bg.png","profile_background_image_url_https":"https://abs.twimg.com/images/themes/theme1/bg.png","profile_background_tile":false,"profile_link_color":"FAB81E","profile_sidebar_border_color":"000000","profile_sidebar_fill_color":"000000","profile_text_color":"000000","profile_use_background_image":false,"profile_image_url":"http://pbs.twimg.com/profile_images/932680310336180226/PXZJpu93_normal.jpg","profile_image_url_https":"https://pbs.twimg.com/profile_images/932680310336180226/PXZJpu93_normal.jpg","profile_banner_url":"https://pbs.twimg.com/profile_banners/932675351913926656/1511203272","default_profile":false,"default_profile_image":false,"following":null,"follow_request_sent":null,"notifications":null},"geo":null,"coordinates":null,"place":null,"contributors":null,"retweeted_status":{"created_at":"Sat Jan 12 01:57:49 +0000 2019","id":1083905857610502100,"id_str":"1083905857610502149","text":"ARRASOU A NATUREZA https://t.co/FjKDKAxUON","display_text_range":[0,18],"source":"<a href=\"http://twitter.com/download/iphone\" rel=\"nofollow\">Twitter for iPhone</a>","truncated":false,"in_reply_to_status_id":null,"in_reply_to_status_id_str":null,"in_reply_to_user_id":null,"in_reply_to_user_id_str":null,"in_reply_to_screen_name":null,"user":{"id":46620476,"id_str":"46620476","name":"Reptiliane Germano","screen_name":"LeilaGermano","location":"Cearense em São Paulo","url":null,"description":"O pé de moleque é o brownie do semi-árido.","translator_type":"none","protected":false,"verified":false,"followers_count":25328,"friends_count":498,"listed_count":133,"favourites_count":15064,"statuses_count":73019,"created_at":"Fri Jun 12 09:49:42 +0000 2009","utc_offset":null,"time_zone":null,"geo_enabled":true,"lang":"pt","contributors_enabled":false,"is_translator":false,"profile_background_color":"000000","profile_background_image_url":"http://abs.twimg.com/images/themes/theme7/bg.gif","profile_background_image_url_https":"https://abs.twimg.com/images/themes/theme7/bg.gif","profile_background_tile":false,"profile_link_color":"990033","profile_sidebar_border_color":"333333","profile_sidebar_fill_color":"FFFFFF","profile_text_color":"330099","profile_use_background_image":true,"profile_image_url":"http://pbs.twimg.com/profile_images/1013408245308887042/YB03adkC_normal.jpg","profile_image_url_https":"https://pbs.twimg.com/profile_images/1013408245308887042/YB03adkC_normal.jpg","profile_banner_url":"https://pbs.twimg.com/profile_banners/46620476/1522500558","default_profile":false,"default_profile_image":false,"following":null,"follow_request_sent":null,"notifications":null},"geo":null,"coordinates":null,"place":null,"contributors":null,"quoted_status_id":1083747091225157600,"quoted_status_id_str":"1083747091225157632","quoted_status":{"created_at":"Fri Jan 11 15:26:56 +0000 2019","id":1083747091225157600,"id_str":"1083747091225157632","text":"Isso nem é doença, é benção https://t.co/s2H91oyZCv","display_text_range":[0,27],"source":"<a href=\"http://twitter.com/download/iphone\" rel=\"nofollow\">Twitter for iPhone</a>","truncated":false,"in_reply_to_status_id":null,"in_reply_to_status_id_str":null,"in_reply_to_user_id":null,"in_reply_to_user_id_str":null,"in_reply_to_screen_name":null,"user":{"id":15336738,"id_str":"15336738","name":"Dra. Enza Valentina","screen_name":"bicmuller","location":"Curitiba ","url":null,"description":"Roteirista / consultora de mídias sociais / Doutorado em lambada clássica  http://Instagram.com/bicmuller bicmuller@gmail.com","translator_type":"none","protected":false,"verified":true,"followers_count":203004,"friends_count":1276,"listed_count":1650,"favourites_count":3757,"statuses_count":282349,"created_at":"Sun Jul 06 23:29:30 +0000 2008","utc_offset":null,"time_zone":null,"geo_enabled":false,"lang":"pt","contributors_enabled":false,"is_translator":false,"profile_background_color":"4F0202","profile_background_image_url":"http://abs.twimg.com/images/themes/theme1/bg.png","profile_background_image_url_https":"https://abs.twimg.com/images/themes/theme1/bg.png","profile_background_tile":true,"profile_link_color":"824444","profile_sidebar_border_color":"571A1A","profile_sidebar_fill_color":"D9685B","profile_text_color":"000000","profile_use_background_image":true,"profile_image_url":"http://pbs.twimg.com/profile_images/1076866862976286721/zpnTXs1q_normal.jpg","profile_image_url_https":"https://pbs.twimg.com/profile_images/1076866862976286721/zpnTXs1q_normal.jpg","profile_banner_url":"https://pbs.twimg.com/profile_banners/15336738/1545445125","default_profile":false,"default_profile_image":false,"following":null,"follow_request_sent":null,"notifications":null},"geo":null,"coordinates":null,"place":null,"contributors":null,"is_quote_status":false,"quote_count":0,"reply_count":77,"retweet_count":2602,"favorite_count":8022,"entities":{"hashtags":[],"urls":[],"user_mentions":[],"symbols":[],"media":[{"id":1083746961650577400,"id_str":"1083746961650577408","indices":[28,51],"media_url":"http://pbs.twimg.com/media/Dwo-HqOXcAAQtvQ.jpg","media_url_https":"https://pbs.twimg.com/media/Dwo-HqOXcAAQtvQ.jpg","url":"https://t.co/s2H91oyZCv","display_url":"pic.twitter.com/s2H91oyZCv","expanded_url":"https://twitter.com/bicmuller/status/1083747091225157632/photo/1","type":"photo","sizes":{"thumb":{"w":150,"h":150,"resize":"crop"},"medium":{"w":750,"h":918,"resize":"fit"},"small":{"w":556,"h":680,"resize":"fit"},"large":{"w":750,"h":918,"resize":"fit"}}}]},"extended_entities":{"media":[{"id":1083746961650577400,"id_str":"1083746961650577408","indices":[28,51],"media_url":"http://pbs.twimg.com/media/Dwo-HqOXcAAQtvQ.jpg","media_url_https":"https://pbs.twimg.com/media/Dwo-HqOXcAAQtvQ.jpg","url":"https://t.co/s2H91oyZCv","display_url":"pic.twitter.com/s2H91oyZCv","expanded_url":"https://twitter.com/bicmuller/status/1083747091225157632/photo/1","type":"photo","sizes":{"thumb":{"w":150,"h":150,"resize":"crop"},"medium":{"w":750,"h":918,"resize":"fit"},"small":{"w":556,"h":680,"resize":"fit"},"large":{"w":750,"h":918,"resize":"fit"}}}]},"favorited":false,"retweeted":false,"possibly_sensitive":false,"filter_level":"low","lang":"pt"},"quoted_status_permalink":{"url":"https://t.co/FjKDKAxUON","expanded":"https://twitter.com/bicmuller/status/1083747091225157632","display":"twitter.com/bicmuller/stat…"},"is_quote_status":true,"quote_count":0,"reply_count":3,"retweet_count":22,"favorite_count":222,"entities":{"hashtags":[],"urls":[{"url":"https://t.co/FjKDKAxUON","expanded_url":"https://twitter.com/bicmuller/status/1083747091225157632","display_url":"twitter.com/bicmuller/stat…","indices":[19,42]}],"user_mentions":[],"symbols":[]},"favorited":false,"retweeted":false,"possibly_sensitive":false,"filter_level":"low","lang":"pt"},"quoted_status_id":1083747091225157600,"quoted_status_id_str":"1083747091225157632","quoted_status":{"created_at":"Fri Jan 11 15:26:56 +0000 2019","id":1083747091225157600,"id_str":"1083747091225157632","text":"Isso nem é doença, é benção https://t.co/s2H91oyZCv","display_text_range":[0,27],"source":"<a href=\"http://twitter.com/download/iphone\" rel=\"nofollow\">Twitter for iPhone</a>","truncated":false,"in_reply_to_status_id":null,"in_reply_to_status_id_str":null,"in_reply_to_user_id":null,"in_reply_to_user_id_str":null,"in_reply_to_screen_name":null,"user":{"id":15336738,"id_str":"15336738","name":"Dra. Enza Valentina","screen_name":"bicmuller","location":"Curitiba ","url":null,"description":"Roteirista / consultora de mídias sociais / Doutorado em lambada clássica  http://Instagram.com/bicmuller bicmuller@gmail.com","translator_type":"none","protected":false,"verified":true,"followers_count":203004,"friends_count":1276,"listed_count":1650,"favourites_count":3757,"statuses_count":282349,"created_at":"Sun Jul 06 23:29:30 +0000 2008","utc_offset":null,"time_zone":null,"geo_enabled":false,"lang":"pt","contributors_enabled":false,"is_translator":false,"profile_background_color":"4F0202","profile_background_image_url":"http://abs.twimg.com/images/themes/theme1/bg.png","profile_background_image_url_https":"https://abs.twimg.com/images/themes/theme1/bg.png","profile_background_tile":true,"profile_link_color":"824444","profile_sidebar_border_color":"571A1A","profile_sidebar_fill_color":"D9685B","profile_text_color":"000000","profile_use_background_image":true,"profile_image_url":"http://pbs.twimg.com/profile_images/1076866862976286721/zpnTXs1q_normal.jpg","profile_image_url_https":"https://pbs.twimg.com/profile_images/1076866862976286721/zpnTXs1q_normal.jpg","profile_banner_url":"https://pbs.twimg.com/profile_banners/15336738/1545445125","default_profile":false,"default_profile_image":false,"following":null,"follow_request_sent":null,"notifications":null},"geo":null,"coordinates":null,"place":null,"contributors":null,"is_quote_status":false,"quote_count":0,"reply_count":77,"retweet_count":2602,"favorite_count":8022,"entities":{"hashtags":[],"urls":[],"user_mentions":[],"symbols":[],"media":[{"id":1083746961650577400,"id_str":"1083746961650577408","indices":[28,51],"media_url":"http://pbs.twimg.com/media/Dwo-HqOXcAAQtvQ.jpg","media_url_https":"https://pbs.twimg.com/media/Dwo-HqOXcAAQtvQ.jpg","url":"https://t.co/s2H91oyZCv","display_url":"pic.twitter.com/s2H91oyZCv","expanded_url":"https://twitter.com/bicmuller/status/1083747091225157632/photo/1","type":"photo","sizes":{"thumb":{"w":150,"h":150,"resize":"crop"},"medium":{"w":750,"h":918,"resize":"fit"},"small":{"w":556,"h":680,"resize":"fit"},"large":{"w":750,"h":918,"resize":"fit"}}}]},"extended_entities":{"media":[{"id":1083746961650577400,"id_str":"1083746961650577408","indices":[28,51],"media_url":"http://pbs.twimg.com/media/Dwo-HqOXcAAQtvQ.jpg","media_url_https":"https://pbs.twimg.com/media/Dwo-HqOXcAAQtvQ.jpg","url":"https://t.co/s2H91oyZCv","display_url":"pic.twitter.com/s2H91oyZCv","expanded_url":"https://twitter.com/bicmuller/status/1083747091225157632/photo/1","type":"photo","sizes":{"thumb":{"w":150,"h":150,"resize":"crop"},"medium":{"w":750,"h":918,"resize":"fit"},"small":{"w":556,"h":680,"resize":"fit"},"large":{"w":750,"h":918,"resize":"fit"}}}]},"favorited":false,"retweeted":false,"possibly_sensitive":false,"filter_level":"low","lang":"pt"},"quoted_status_permalink":{"url":"https://t.co/FjKDKAxUON","expanded":"https://twitter.com/bicmuller/status/1083747091225157632","display":"twitter.com/bicmuller/stat…"},"is_quote_status":true,"quote_count":0,"reply_count":0,"retweet_count":0,"favorite_count":0,"entities":{"hashtags":[],"urls":[{"url":"https://t.co/FjKDKAxUON","expanded_url":"https://twitter.com/bicmuller/status/1083747091225157632","display_url":"twitter.com/bicmuller/stat…","indices":[37,60]}],"user_mentions":[{"screen_name":"LeilaGermano","name":"Reptiliane Germano","id":46620476,"id_str":"46620476","indices":[3,16]}],"symbols":[]},"favorited":false,"retweeted":false,"possibly_sensitive":false,"filter_level":"low","lang":"pt","matching_rules":[{"tag":null}]}