{"created_at":"Fri Jan 11 14:35:42 +0000 2019","id":1083734198475804700,"id_str":"1083734198475804672","text":"@marcolinojoe @nesimachado Negar que ações do partido, principalmente no momento atual seguem fortalecendo o aspira… https://t.co/o99pYrYemw","display_text_range":[27,140],"source":"<a href=\"http://twitter.com\" rel=\"nofollow\">Twitter Web Client</a>","truncated":true,"in_reply_to_status_id":1083733909068828700,"in_reply_to_status_id_str":"1083733909068828673","in_reply_to_user_id":932675351913926700,"in_reply_to_user_id_str":"932675351913926656","in_reply_to_screen_name":"startupdareal","user":{"id":932675351913926700,"id_str":"932675351913926656","name":"Startupdareal","screen_name":"startupdareal","location":"San Francisco, CA","url":"https://medium.com/startup-da-real","description":"#1 lugar livro de empreendedorismo mais vendido na Amazon, com \"Este livro não vai te deixar rico\"","translator_type":"none","protected":false,"verified":false,"followers_count":25857,"friends_count":176,"listed_count":113,"favourites_count":20540,"statuses_count":18075,"created_at":"Mon Nov 20 18:21:46 +0000 2017","utc_offset":null,"time_zone":null,"geo_enabled":true,"lang":"en","contributors_enabled":false,"is_translator":false,"profile_background_color":"000000","profile_background_image_url":"http://abs.twimg.com/images/themes/theme1/bg.png","profile_background_image_url_https":"https://abs.twimg.com/images/themes/theme1/bg.png","profile_background_tile":false,"profile_link_color":"FAB81E","profile_sidebar_border_color":"000000","profile_sidebar_fill_color":"000000","profile_text_color":"000000","profile_use_background_image":false,"profile_image_url":"http://pbs.twimg.com/profile_images/932680310336180226/PXZJpu93_normal.jpg","profile_image_url_https":"https://pbs.twimg.com/profile_images/932680310336180226/PXZJpu93_normal.jpg","profile_banner_url":"https://pbs.twimg.com/profile_banners/932675351913926656/1511203272","default_profile":false,"default_profile_image":false,"following":null,"follow_request_sent":null,"notifications":null},"geo":null,"coordinates":null,"place":null,"contributors":null,"is_quote_status":false,"extended_tweet":{"full_text":"@marcolinojoe @nesimachado Negar que ações do partido, principalmente no momento atual seguem fortalecendo o aspirante a ditador que está no poder é inocência. O PT é o espantalho da esquerda, e nada que os outros partidos da esquerda fizerem tem valor enquanto o PT não parar de fazer merda.","display_text_range":[27,292],"entities":{"hashtags":[],"urls":[],"user_mentions":[{"screen_name":"marcolinojoe","name":"joe","id":42627994,"id_str":"42627994","indices":[0,13]},{"screen_name":"nesimachado","name":"Rita Machadø","id":797169914,"id_str":"797169914","indices":[14,26]}],"symbols":[]}},"quote_count":0,"reply_count":1,"retweet_count":0,"favorite_count":0,"entities":{"hashtags":[],"urls":[{"url":"https://t.co/o99pYrYemw","expanded_url":"https://twitter.com/i/web/status/1083734198475804672","display_url":"twitter.com/i/web/status/1…","indices":[117,140]}],"user_mentions":[{"screen_name":"marcolinojoe","name":"joe","id":42627994,"id_str":"42627994","indices":[0,13]},{"screen_name":"nesimachado","name":"Rita Machadø","id":797169914,"id_str":"797169914","indices":[14,26]}],"symbols":[]},"favorited":false,"retweeted":false,"filter_level":"low","lang":"pt","matching_rules":[{"tag":null}]}