{"created_at":"Wed Jan 09 16:33:49 +0000 2019","id":1083039146816536600,"id_str":"1083039146816536576","text":"perfecto https://t.co/oEak6F7qEs","display_text_range":[0,8],"source":"<a href=\"http://twitter.com\" rel=\"nofollow\">Twitter Web Client</a>","truncated":false,"in_reply_to_status_id":null,"in_reply_to_status_id_str":null,"in_reply_to_user_id":null,"in_reply_to_user_id_str":null,"in_reply_to_screen_name":null,"user":{"id":932675351913926700,"id_str":"932675351913926656","name":"Startupdareal","screen_name":"startupdareal","location":"San Francisco, CA","url":"https://medium.com/startup-da-real","description":"#1 lugar livro de empreendedorismo mais vendido na Amazon, com \"Este livro não vai te deixar rico\"","translator_type":"none","protected":false,"verified":false,"followers_count":25736,"friends_count":176,"listed_count":112,"favourites_count":20411,"statuses_count":17948,"created_at":"Mon Nov 20 18:21:46 +0000 2017","utc_offset":null,"time_zone":null,"geo_enabled":true,"lang":"en","contributors_enabled":false,"is_translator":false,"profile_background_color":"000000","profile_background_image_url":"http://abs.twimg.com/images/themes/theme1/bg.png","profile_background_image_url_https":"https://abs.twimg.com/images/themes/theme1/bg.png","profile_background_tile":false,"profile_link_color":"FAB81E","profile_sidebar_border_color":"000000","profile_sidebar_fill_color":"000000","profile_text_color":"000000","profile_use_background_image":false,"profile_image_url":"http://pbs.twimg.com/profile_images/932680310336180226/PXZJpu93_normal.jpg","profile_image_url_https":"https://pbs.twimg.com/profile_images/932680310336180226/PXZJpu93_normal.jpg","profile_banner_url":"https://pbs.twimg.com/profile_banners/932675351913926656/1511203272","default_profile":false,"default_profile_image":false,"following":null,"follow_request_sent":null,"notifications":null},"geo":null,"coordinates":null,"place":null,"contributors":null,"quoted_status_id":1083037731335204900,"quoted_status_id_str":"1083037731335204865","quoted_status":{"created_at":"Wed Jan 09 16:28:11 +0000 2019","id":1083037731335204900,"id_str":"1083037731335204865","text":"@ramit 95%+ people are better off getting a job than starting a business. Entrepreneurship makes people slightly po… https://t.co/QjDNeGj9Xm","display_text_range":[7,140],"source":"<a href=\"http://twitter.com\" rel=\"nofollow\">Twitter Web Client</a>","truncated":true,"in_reply_to_status_id":986621458880368600,"in_reply_to_status_id_str":"986621458880368640","in_reply_to_user_id":14313332,"in_reply_to_user_id_str":"14313332","in_reply_to_screen_name":"ramit","user":{"id":32410914,"id_str":"32410914","name":"Scott Young","screen_name":"ScottHYoung","location":"Vancouver, British Columbia","url":"http://www.scotthyoung.com/blog/","description":"I like to learn things and then write about it.","translator_type":"none","protected":false,"verified":false,"followers_count":10946,"friends_count":147,"listed_count":466,"favourites_count":92,"statuses_count":4732,"created_at":"Fri Apr 17 13:50:30 +0000 2009","utc_offset":null,"time_zone":null,"geo_enabled":false,"lang":"en","contributors_enabled":false,"is_translator":false,"profile_background_color":"C0DEED","profile_background_image_url":"http://abs.twimg.com/images/themes/theme1/bg.png","profile_background_image_url_https":"https://abs.twimg.com/images/themes/theme1/bg.png","profile_background_tile":false,"profile_link_color":"1DA1F2","profile_sidebar_border_color":"C0DEED","profile_sidebar_fill_color":"DDEEF6","profile_text_color":"333333","profile_use_background_image":true,"profile_image_url":"http://pbs.twimg.com/profile_images/536952563858292737/SAHnuMAR_normal.jpeg","profile_image_url_https":"https://pbs.twimg.com/profile_images/536952563858292737/SAHnuMAR_normal.jpeg","default_profile":true,"default_profile_image":false,"following":null,"follow_request_sent":null,"notifications":null},"geo":null,"coordinates":null,"place":null,"contributors":null,"is_quote_status":false,"extended_tweet":{"full_text":"@ramit 95%+ people are better off getting a job than starting a business. Entrepreneurship makes people slightly poorer on avg, even though the few dramatic successes make it look like the opposite.","display_text_range":[7,198],"entities":{"hashtags":[],"urls":[],"user_mentions":[{"screen_name":"ramit","name":"Ramit Sethi","id":14313332,"id_str":"14313332","indices":[0,6]}],"symbols":[]}},"quote_count":0,"reply_count":2,"retweet_count":4,"favorite_count":22,"entities":{"hashtags":[],"urls":[{"url":"https://t.co/QjDNeGj9Xm","expanded_url":"https://twitter.com/i/web/status/1083037731335204865","display_url":"twitter.com/i/web/status/1…","indices":[117,140]}],"user_mentions":[{"screen_name":"ramit","name":"Ramit Sethi","id":14313332,"id_str":"14313332","indices":[0,6]}],"symbols":[]},"favorited":false,"retweeted":false,"filter_level":"low","lang":"en"},"quoted_status_permalink":{"url":"https://t.co/oEak6F7qEs","expanded":"https://twitter.com/ScottHYoung/status/1083037731335204865","display":"twitter.com/ScottHYoung/st…"},"is_quote_status":true,"quote_count":0,"reply_count":0,"retweet_count":4,"favorite_count":30,"entities":{"hashtags":[],"urls":[{"url":"https://t.co/oEak6F7qEs","expanded_url":"https://twitter.com/ScottHYoung/status/1083037731335204865","display_url":"twitter.com/ScottHYoung/st…","indices":[9,32]}],"user_mentions":[],"symbols":[]},"favorited":false,"retweeted":false,"possibly_sensitive":false,"filter_level":"low","lang":"en","matching_rules":[{"tag":null}]}