{"created_at":"Fri Jan 11 13:45:55 +0000 2019","id":1083721670861488100,"id_str":"1083721670861488133","text":"@crisdias @s1mone hahah o capitulo 1 é um embasamento teórico MUITO chato, mas dai pra frente fica melhor. Depois q… https://t.co/WelIm9YJtm","display_text_range":[18,140],"source":"<a href=\"http://twitter.com\" rel=\"nofollow\">Twitter Web Client</a>","truncated":true,"in_reply_to_status_id":1083720773813133300,"in_reply_to_status_id_str":"1083720773813133313","in_reply_to_user_id":572,"in_reply_to_user_id_str":"572","in_reply_to_screen_name":"crisdias","user":{"id":932675351913926700,"id_str":"932675351913926656","name":"Startupdareal","screen_name":"startupdareal","location":"San Francisco, CA","url":"https://medium.com/startup-da-real","description":"#1 lugar livro de empreendedorismo mais vendido na Amazon, com \"Este livro não vai te deixar rico\"","translator_type":"none","protected":false,"verified":false,"followers_count":25857,"friends_count":176,"listed_count":113,"favourites_count":20540,"statuses_count":18075,"created_at":"Mon Nov 20 18:21:46 +0000 2017","utc_offset":null,"time_zone":null,"geo_enabled":true,"lang":"en","contributors_enabled":false,"is_translator":false,"profile_background_color":"000000","profile_background_image_url":"http://abs.twimg.com/images/themes/theme1/bg.png","profile_background_image_url_https":"https://abs.twimg.com/images/themes/theme1/bg.png","profile_background_tile":false,"profile_link_color":"FAB81E","profile_sidebar_border_color":"000000","profile_sidebar_fill_color":"000000","profile_text_color":"000000","profile_use_background_image":false,"profile_image_url":"http://pbs.twimg.com/profile_images/932680310336180226/PXZJpu93_normal.jpg","profile_image_url_https":"https://pbs.twimg.com/profile_images/932680310336180226/PXZJpu93_normal.jpg","profile_banner_url":"https://pbs.twimg.com/profile_banners/932675351913926656/1511203272","default_profile":false,"default_profile_image":false,"following":null,"follow_request_sent":null,"notifications":null},"geo":null,"coordinates":null,"place":null,"contributors":null,"is_quote_status":false,"extended_tweet":{"full_text":"@crisdias @s1mone hahah o capitulo 1 é um embasamento teórico MUITO chato, mas dai pra frente fica melhor. Depois que ele passa de Foucault fica tudo bem","display_text_range":[18,153],"entities":{"hashtags":[],"urls":[],"user_mentions":[{"screen_name":"crisdias","name":"crisdias","id":572,"id_str":"572","indices":[0,9]},{"screen_name":"s1mone","name":"s1mone","id":1877951,"id_str":"1877951","indices":[10,17]}],"symbols":[]}},"quote_count":0,"reply_count":0,"retweet_count":0,"favorite_count":3,"entities":{"hashtags":[],"urls":[{"url":"https://t.co/WelIm9YJtm","expanded_url":"https://twitter.com/i/web/status/1083721670861488133","display_url":"twitter.com/i/web/status/1…","indices":[117,140]}],"user_mentions":[{"screen_name":"crisdias","name":"crisdias","id":572,"id_str":"572","indices":[0,9]},{"screen_name":"s1mone","name":"s1mone","id":1877951,"id_str":"1877951","indices":[10,17]}],"symbols":[]},"favorited":false,"retweeted":false,"filter_level":"low","lang":"pt","matching_rules":[{"tag":null}]}