{"created_at":"Wed Jan 09 21:43:10 +0000 2019","id":1083116999516012500,"id_str":"1083116999516012545","text":"Certeza que isso foi sugestão do Olavão, aquele charlatão, aí o biroliro soltou pq achou boa a ideia, ai a equipe v… https://t.co/AWcbQfsvBP","display_text_range":[0,140],"source":"<a href=\"http://twitter.com\" rel=\"nofollow\">Twitter Web Client</a>","truncated":true,"in_reply_to_status_id":null,"in_reply_to_status_id_str":null,"in_reply_to_user_id":null,"in_reply_to_user_id_str":null,"in_reply_to_screen_name":null,"user":{"id":932675351913926700,"id_str":"932675351913926656","name":"Startupdareal","screen_name":"startupdareal","location":"San Francisco, CA","url":"https://medium.com/startup-da-real","description":"#1 lugar livro de empreendedorismo mais vendido na Amazon, com \"Este livro não vai te deixar rico\"","translator_type":"none","protected":false,"verified":false,"followers_count":25736,"friends_count":176,"listed_count":112,"favourites_count":20411,"statuses_count":17948,"created_at":"Mon Nov 20 18:21:46 +0000 2017","utc_offset":null,"time_zone":null,"geo_enabled":true,"lang":"en","contributors_enabled":false,"is_translator":false,"profile_background_color":"000000","profile_background_image_url":"http://abs.twimg.com/images/themes/theme1/bg.png","profile_background_image_url_https":"https://abs.twimg.com/images/themes/theme1/bg.png","profile_background_tile":false,"profile_link_color":"FAB81E","profile_sidebar_border_color":"000000","profile_sidebar_fill_color":"000000","profile_text_color":"000000","profile_use_background_image":false,"profile_image_url":"http://pbs.twimg.com/profile_images/932680310336180226/PXZJpu93_normal.jpg","profile_image_url_https":"https://pbs.twimg.com/profile_images/932680310336180226/PXZJpu93_normal.jpg","profile_banner_url":"https://pbs.twimg.com/profile_banners/932675351913926656/1511203272","default_profile":false,"default_profile_image":false,"following":null,"follow_request_sent":null,"notifications":null},"geo":null,"coordinates":null,"place":null,"contributors":null,"quoted_status_id":1083103517903147000,"quoted_status_id_str":"1083103517903147019","quoted_status":{"created_at":"Wed Jan 09 20:49:36 +0000 2019","id":1083103517903147000,"id_str":"1083103517903147019","text":"MEC volta atrás e suspende mudanças nos livros didáticos. https://t.co/RmdRqlGOEG","source":"<a href=\"https://about.twitter.com/products/tweetdeck\" rel=\"nofollow\">TweetDeck</a>","truncated":false,"in_reply_to_status_id":null,"in_reply_to_status_id_str":null,"in_reply_to_user_id":null,"in_reply_to_user_id_str":null,"in_reply_to_screen_name":null,"user":{"id":54341363,"id_str":"54341363","name":"Jornal O Globo","screen_name":"JornalOGlobo","location":null,"url":"https://glo.bo/2prRfEu","description":"Acompanhe as notícias do jornal O GLOBO pelas nossas newsletter","translator_type":"regular","protected":false,"verified":true,"followers_count":5741819,"friends_count":8005,"listed_count":11798,"favourites_count":119,"statuses_count":329876,"created_at":"Mon Jul 06 21:36:53 +0000 2009","utc_offset":null,"time_zone":null,"geo_enabled":true,"lang":"pt","contributors_enabled":false,"is_translator":false,"profile_background_color":"425F77","profile_background_image_url":"http://abs.twimg.com/images/themes/theme1/bg.png","profile_background_image_url_https":"https://abs.twimg.com/images/themes/theme1/bg.png","profile_background_tile":false,"profile_link_color":"1F97C7","profile_sidebar_border_color":"FFFFFF","profile_sidebar_fill_color":"E4F5FF","profile_text_color":"616161","profile_use_background_image":true,"profile_image_url":"http://pbs.twimg.com/profile_images/1000081555690319872/hyNVFJYA_normal.jpg","profile_image_url_https":"https://pbs.twimg.com/profile_images/1000081555690319872/hyNVFJYA_normal.jpg","profile_banner_url":"https://pbs.twimg.com/profile_banners/54341363/1537972550","default_profile":false,"default_profile_image":false,"following":null,"follow_request_sent":null,"notifications":null},"geo":null,"coordinates":null,"place":null,"contributors":null,"is_quote_status":false,"quote_count":0,"reply_count":339,"retweet_count":1150,"favorite_count":4800,"entities":{"hashtags":[],"urls":[{"url":"https://t.co/RmdRqlGOEG","expanded_url":"https://glo.bo/2ssjJ09","display_url":"glo.bo/2ssjJ09","indices":[58,81]}],"user_mentions":[],"symbols":[]},"favorited":false,"retweeted":false,"possibly_sensitive":false,"filter_level":"low","lang":"pt"},"quoted_status_permalink":{"url":"https://t.co/eiECcVJCwe","expanded":"https://twitter.com/JornalOGlobo/status/1083103517903147019","display":"twitter.com/JornalOGlobo/s…"},"is_quote_status":true,"extended_tweet":{"full_text":"Certeza que isso foi sugestão do Olavão, aquele charlatão, aí o biroliro soltou pq achou boa a ideia, ai a equipe veio correndo \"você tá doidão? dá pra fazer isso não\" https://t.co/eiECcVJCwe","display_text_range":[0,167],"entities":{"hashtags":[],"urls":[{"url":"https://t.co/eiECcVJCwe","expanded_url":"https://twitter.com/JornalOGlobo/status/1083103517903147019","display_url":"twitter.com/JornalOGlobo/s…","indices":[168,191]}],"user_mentions":[],"symbols":[]}},"quote_count":0,"reply_count":7,"retweet_count":53,"favorite_count":374,"entities":{"hashtags":[],"urls":[{"url":"https://t.co/AWcbQfsvBP","expanded_url":"https://twitter.com/i/web/status/1083116999516012545","display_url":"twitter.com/i/web/status/1…","indices":[117,140]}],"user_mentions":[],"symbols":[]},"favorited":false,"retweeted":false,"possibly_sensitive":false,"filter_level":"low","lang":"pt","matching_rules":[{"tag":null}]}