{"created_at":"Fri Jan 11 17:18:13 +0000 2019","id":1083775097721237500,"id_str":"1083775097721237506","text":"@claralemosf @lhygino @markomello já tem na Havan, é só procurar direito","display_text_range":[34,72],"source":"<a href=\"http://twitter.com\" rel=\"nofollow\">Twitter Web Client</a>","truncated":false,"in_reply_to_status_id":1083772244776624100,"in_reply_to_status_id_str":"1083772244776624131","in_reply_to_user_id":1064602500941127700,"in_reply_to_user_id_str":"1064602500941127682","in_reply_to_screen_name":"claralemosf","user":{"id":572,"id_str":"572","name":"crisdias","screen_name":"crisdias","location":"São Paulo, Brasil","url":"http://www.boanoiteinternet.com.br/","description":"Um guerreirinho","translator_type":"none","protected":false,"verified":false,"followers_count":124070,"friends_count":895,"listed_count":1069,"favourites_count":34027,"statuses_count":59431,"created_at":"Thu Jul 13 00:33:22 +0000 2006","utc_offset":null,"time_zone":null,"geo_enabled":true,"lang":"pt","contributors_enabled":false,"is_translator":false,"profile_background_color":"FFFFFF","profile_background_image_url":"http://abs.twimg.com/images/themes/theme1/bg.png","profile_background_image_url_https":"https://abs.twimg.com/images/themes/theme1/bg.png","profile_background_tile":true,"profile_link_color":"447111","profile_sidebar_border_color":"FFFFFF","profile_sidebar_fill_color":"DADADA","profile_text_color":"000000","profile_use_background_image":true,"profile_image_url":"http://pbs.twimg.com/profile_images/1090569309120856065/UjDOB3rS_normal.jpg","profile_image_url_https":"https://pbs.twimg.com/profile_images/1090569309120856065/UjDOB3rS_normal.jpg","profile_banner_url":"https://pbs.twimg.com/profile_banners/572/1544732378","default_profile":false,"default_profile_image":false,"following":null,"follow_request_sent":null,"notifications":null},"geo":null,"coordinates":null,"place":null,"contributors":null,"is_quote_status":false,"quote_count":0,"reply_count":0,"retweet_count":0,"favorite_count":18,"entities":{"hashtags":[],"urls":[],"user_mentions":[{"screen_name":"claralemosf","name":"clara","id":1064602500941127700,"id_str":"1064602500941127682","indices":[0,12]},{"screen_name":"lhygino","name":"Luiz Hygino","id":66592860,"id_str":"66592860","indices":[13,21]},{"screen_name":"markomello","name":"marko mello","id":14663913,"id_str":"14663913","indices":[22,33]}],"symbols":[]},"favorited":false,"retweeted":false,"filter_level":"low","lang":"pt","matching_rules":[{"tag":null}]}