{"created_at":"Thu Jan 10 15:38:45 +0000 2019","id":1083387678110961700,"id_str":"1083387678110961664","text":"RT @RacismDog: https://t.co/YDUtrwwa9F","source":"<a href=\"http://twitter.com/download/iphone\" rel=\"nofollow\">Twitter for iPhone</a>","truncated":false,"in_reply_to_status_id":null,"in_reply_to_status_id_str":null,"in_reply_to_user_id":null,"in_reply_to_user_id_str":null,"in_reply_to_screen_name":null,"user":{"id":932675351913926700,"id_str":"932675351913926656","name":"Startupdareal","screen_name":"startupdareal","location":"San Francisco, CA","url":"https://medium.com/startup-da-real","description":"#1 lugar livro de empreendedorismo mais vendido na Amazon, com \"Este livro não vai te deixar rico\"","translator_type":"none","protected":false,"verified":false,"followers_count":25736,"friends_count":176,"listed_count":112,"favourites_count":20411,"statuses_count":17948,"created_at":"Mon Nov 20 18:21:46 +0000 2017","utc_offset":null,"time_zone":null,"geo_enabled":true,"lang":"en","contributors_enabled":false,"is_translator":false,"profile_background_color":"000000","profile_background_image_url":"http://abs.twimg.com/images/themes/theme1/bg.png","profile_background_image_url_https":"https://abs.twimg.com/images/themes/theme1/bg.png","profile_background_tile":false,"profile_link_color":"FAB81E","profile_sidebar_border_color":"000000","profile_sidebar_fill_color":"000000","profile_text_color":"000000","profile_use_background_image":false,"profile_image_url":"http://pbs.twimg.com/profile_images/932680310336180226/PXZJpu93_normal.jpg","profile_image_url_https":"https://pbs.twimg.com/profile_images/932680310336180226/PXZJpu93_normal.jpg","profile_banner_url":"https://pbs.twimg.com/profile_banners/932675351913926656/1511203272","default_profile":false,"default_profile_image":false,"following":null,"follow_request_sent":null,"notifications":null},"geo":null,"coordinates":null,"place":null,"contributors":null,"retweeted_status":{"created_at":"Wed Jan 02 18:56:54 +0000 2019","id":1080538440809230300,"id_str":"1080538440809230337","text":"https://t.co/YDUtrwwa9F","source":"<a href=\"http://twitter.com/download/android\" rel=\"nofollow\">Twitter for Android</a>","truncated":false,"in_reply_to_status_id":1080538439437701100,"in_reply_to_status_id_str":"1080538439437701120","in_reply_to_user_id":929399289436147700,"in_reply_to_user_id_str":"929399289436147713","in_reply_to_screen_name":"RacismDog","user":{"id":929399289436147700,"id_str":"929399289436147713","name":"Racism WatchDog","screen_name":"RacismDog","location":"United States","url":"http://racism.dog","description":"We trained our dog to sniff out racism and bark when he finds it. Now that's a good boy.\nHis two dads: @Racismdogowners","translator_type":"none","protected":false,"verified":false,"followers_count":579989,"friends_count":169,"listed_count":928,"favourites_count":2367,"statuses_count":1470,"created_at":"Sat Nov 11 17:23:52 +0000 2017","utc_offset":null,"time_zone":null,"geo_enabled":false,"lang":"en","contributors_enabled":false,"is_translator":false,"profile_background_color":"000000","profile_background_image_url":"http://abs.twimg.com/images/themes/theme1/bg.png","profile_background_image_url_https":"https://abs.twimg.com/images/themes/theme1/bg.png","profile_background_tile":false,"profile_link_color":"FF691F","profile_sidebar_border_color":"000000","profile_sidebar_fill_color":"000000","profile_text_color":"000000","profile_use_background_image":false,"profile_image_url":"http://pbs.twimg.com/profile_images/1015936540177063937/P64qf0fL_normal.jpg","profile_image_url_https":"https://pbs.twimg.com/profile_images/1015936540177063937/P64qf0fL_normal.jpg","profile_banner_url":"https://pbs.twimg.com/profile_banners/929399289436147713/1526796266","default_profile":false,"default_profile_image":false,"following":null,"follow_request_sent":null,"notifications":null},"geo":null,"coordinates":null,"place":null,"contributors":null,"is_quote_status":false,"quote_count":0,"reply_count":3,"retweet_count":379,"favorite_count":1569,"entities":{"hashtags":[],"urls":[{"url":"https://t.co/YDUtrwwa9F","expanded_url":"https://www.theguardian.com/commentisfree/2018/dec/31/tribes-brazil-genocide-jair-bolsonaro","display_url":"theguardian.com/commentisfree/…","indices":[0,23]}],"user_mentions":[],"symbols":[]},"favorited":false,"retweeted":false,"possibly_sensitive":false,"filter_level":"low","lang":"und"},"is_quote_status":false,"quote_count":0,"reply_count":0,"retweet_count":0,"favorite_count":0,"entities":{"hashtags":[],"urls":[{"url":"https://t.co/YDUtrwwa9F","expanded_url":"https://www.theguardian.com/commentisfree/2018/dec/31/tribes-brazil-genocide-jair-bolsonaro","display_url":"theguardian.com/commentisfree/…","indices":[15,38]}],"user_mentions":[{"screen_name":"RacismDog","name":"Racism WatchDog ⛄","id":929399289436147700,"id_str":"929399289436147713","indices":[3,13]}],"symbols":[]},"favorited":false,"retweeted":false,"possibly_sensitive":false,"filter_level":"low","lang":"und","matching_rules":[{"tag":null}]}