{"created_at":"Wed Jan 09 19:03:45 +0000 2019","id":1083076879316406300,"id_str":"1083076879316406274","text":"Entendo como funciona uma pesquisa e que pode depender de N fatores. Mas  se você quer discutir o que está errado n… https://t.co/fE4gFwcL7M","display_text_range":[0,140],"source":"<a href=\"http://twitter.com\" rel=\"nofollow\">Twitter Web Client</a>","truncated":true,"in_reply_to_status_id":null,"in_reply_to_status_id_str":null,"in_reply_to_user_id":null,"in_reply_to_user_id_str":null,"in_reply_to_screen_name":null,"user":{"id":932675351913926700,"id_str":"932675351913926656","name":"Startupdareal","screen_name":"startupdareal","location":"San Francisco, CA","url":"https://medium.com/startup-da-real","description":"#1 lugar livro de empreendedorismo mais vendido na Amazon, com \"Este livro não vai te deixar rico\"","translator_type":"none","protected":false,"verified":false,"followers_count":25736,"friends_count":176,"listed_count":112,"favourites_count":20411,"statuses_count":17948,"created_at":"Mon Nov 20 18:21:46 +0000 2017","utc_offset":null,"time_zone":null,"geo_enabled":true,"lang":"en","contributors_enabled":false,"is_translator":false,"profile_background_color":"000000","profile_background_image_url":"http://abs.twimg.com/images/themes/theme1/bg.png","profile_background_image_url_https":"https://abs.twimg.com/images/themes/theme1/bg.png","profile_background_tile":false,"profile_link_color":"FAB81E","profile_sidebar_border_color":"000000","profile_sidebar_fill_color":"000000","profile_text_color":"000000","profile_use_background_image":false,"profile_image_url":"http://pbs.twimg.com/profile_images/932680310336180226/PXZJpu93_normal.jpg","profile_image_url_https":"https://pbs.twimg.com/profile_images/932680310336180226/PXZJpu93_normal.jpg","profile_banner_url":"https://pbs.twimg.com/profile_banners/932675351913926656/1511203272","default_profile":false,"default_profile_image":false,"following":null,"follow_request_sent":null,"notifications":null},"geo":null,"coordinates":null,"place":null,"contributors":null,"quoted_status_id":1083075844812226600,"quoted_status_id_str":"1083075844812226560","quoted_status":{"created_at":"Wed Jan 09 18:59:38 +0000 2019","id":1083075844812226600,"id_str":"1083075844812226560","text":"@startupdareal Ele viajou ao afirmar, realmente não existe nenhum indicador, ainda mais que a amostragem foi só o p… https://t.co/xJp1kD3DiC","display_text_range":[15,140],"source":"<a href=\"http://twitter.com\" rel=\"nofollow\">Twitter Web Client</a>","truncated":true,"in_reply_to_status_id":1083071679788707800,"in_reply_to_status_id_str":"1083071679788707846","in_reply_to_user_id":932675351913926700,"in_reply_to_user_id_str":"932675351913926656","in_reply_to_screen_name":"startupdareal","user":{"id":826982495686164500,"id_str":"826982495686164481","name":"Neto Barni","screen_name":"netobarni","location":null,"url":null,"description":null,"translator_type":"none","protected":false,"verified":false,"followers_count":125,"friends_count":144,"listed_count":0,"favourites_count":428,"statuses_count":100,"created_at":"Thu Feb 02 02:36:06 +0000 2017","utc_offset":null,"time_zone":null,"geo_enabled":false,"lang":"pt","contributors_enabled":false,"is_translator":false,"profile_background_color":"000000","profile_background_image_url":"http://abs.twimg.com/images/themes/theme1/bg.png","profile_background_image_url_https":"https://abs.twimg.com/images/themes/theme1/bg.png","profile_background_tile":false,"profile_link_color":"D3D3D3","profile_sidebar_border_color":"000000","profile_sidebar_fill_color":"000000","profile_text_color":"000000","profile_use_background_image":false,"profile_image_url":"http://pbs.twimg.com/profile_images/1082621083214319616/BpI4bcrt_normal.jpg","profile_image_url_https":"https://pbs.twimg.com/profile_images/1082621083214319616/BpI4bcrt_normal.jpg","profile_banner_url":"https://pbs.twimg.com/profile_banners/826982495686164481/1487272815","default_profile":false,"default_profile_image":false,"following":null,"follow_request_sent":null,"notifications":null},"geo":null,"coordinates":null,"place":null,"contributors":null,"is_quote_status":false,"extended_tweet":{"full_text":"@startupdareal Ele viajou ao afirmar, realmente não existe nenhum indicador, ainda mais que a amostragem foi só o perfil dele. Só que assim... uma \"pesquisa científica de verdade\" também depende de N fatores, ainda mais falando de um assunto tão amplo. \nhttps://t.co/4hY6gfGhkD","display_text_range":[15,277],"entities":{"hashtags":[],"urls":[{"url":"https://t.co/4hY6gfGhkD","expanded_url":"https://youtu.be/VIMjvEWPwlI","display_url":"youtu.be/VIMjvEWPwlI","indices":[254,277]}],"user_mentions":[{"screen_name":"startupdareal","name":"Startupdareal","id":932675351913926700,"id_str":"932675351913926656","indices":[0,14]}],"symbols":[]}},"quote_count":0,"reply_count":1,"retweet_count":0,"favorite_count":1,"entities":{"hashtags":[],"urls":[{"url":"https://t.co/xJp1kD3DiC","expanded_url":"https://twitter.com/i/web/status/1083075844812226560","display_url":"twitter.com/i/web/status/1…","indices":[117,140]}],"user_mentions":[{"screen_name":"startupdareal","name":"Startupdareal","id":932675351913926700,"id_str":"932675351913926656","indices":[0,14]}],"symbols":[]},"favorited":false,"retweeted":false,"possibly_sensitive":false,"filter_level":"low","lang":"pt"},"quoted_status_permalink":{"url":"https://t.co/NcSsan1311","expanded":"https://twitter.com/netobarni/status/1083075844812226560","display":"twitter.com/netobarni/stat…"},"is_quote_status":true,"extended_tweet":{"full_text":"Entendo como funciona uma pesquisa e que pode depender de N fatores. Mas  se você quer discutir o que está errado numa pesquisa para provar um  ponto, pegue a pesquisa, reveja as perguntas, refaça a análise estatística e ai você argumenta\n\nNão dá pra afirmar isso tirando da bunda https://t.co/NcSsan1311","display_text_range":[0,280],"entities":{"hashtags":[],"urls":[{"url":"https://t.co/NcSsan1311","expanded_url":"https://twitter.com/netobarni/status/1083075844812226560","display_url":"twitter.com/netobarni/stat…","indices":[281,304]}],"user_mentions":[],"symbols":[]}},"quote_count":0,"reply_count":2,"retweet_count":0,"favorite_count":21,"entities":{"hashtags":[],"urls":[{"url":"https://t.co/fE4gFwcL7M","expanded_url":"https://twitter.com/i/web/status/1083076879316406274","display_url":"twitter.com/i/web/status/1…","indices":[117,140]}],"user_mentions":[],"symbols":[]},"favorited":false,"retweeted":false,"possibly_sensitive":false,"filter_level":"low","lang":"pt","matching_rules":[{"tag":null}]}