{"created_at":"Thu Jan 10 19:55:05 +0000 2019","id":1083452188012232700,"id_str":"1083452188012232705","text":"Ajuda né gleisi https://t.co/VLmiIWM4yq","display_text_range":[0,15],"source":"<a href=\"http://twitter.com\" rel=\"nofollow\">Twitter Web Client</a>","truncated":false,"in_reply_to_status_id":null,"in_reply_to_status_id_str":null,"in_reply_to_user_id":null,"in_reply_to_user_id_str":null,"in_reply_to_screen_name":null,"user":{"id":932675351913926700,"id_str":"932675351913926656","name":"Startupdareal","screen_name":"startupdareal","location":"San Francisco, CA","url":"https://medium.com/startup-da-real","description":"#1 lugar livro de empreendedorismo mais vendido na Amazon, com \"Este livro não vai te deixar rico\"","translator_type":"none","protected":false,"verified":false,"followers_count":25736,"friends_count":176,"listed_count":112,"favourites_count":20411,"statuses_count":17948,"created_at":"Mon Nov 20 18:21:46 +0000 2017","utc_offset":null,"time_zone":null,"geo_enabled":true,"lang":"en","contributors_enabled":false,"is_translator":false,"profile_background_color":"000000","profile_background_image_url":"http://abs.twimg.com/images/themes/theme1/bg.png","profile_background_image_url_https":"https://abs.twimg.com/images/themes/theme1/bg.png","profile_background_tile":false,"profile_link_color":"FAB81E","profile_sidebar_border_color":"000000","profile_sidebar_fill_color":"000000","profile_text_color":"000000","profile_use_background_image":false,"profile_image_url":"http://pbs.twimg.com/profile_images/932680310336180226/PXZJpu93_normal.jpg","profile_image_url_https":"https://pbs.twimg.com/profile_images/932680310336180226/PXZJpu93_normal.jpg","profile_banner_url":"https://pbs.twimg.com/profile_banners/932675351913926656/1511203272","default_profile":false,"default_profile_image":false,"following":null,"follow_request_sent":null,"notifications":null},"geo":null,"coordinates":null,"place":null,"contributors":null,"quoted_status_id":1083451935099945000,"quoted_status_id_str":"1083451935099944960","quoted_status":{"created_at":"Thu Jan 10 19:54:05 +0000 2019","id":1083451935099945000,"id_str":"1083451935099944960","text":"Eu odeio a ideia do antipetismo, sempre estou argumentando e mostrando a raiz dos problemas, aí a Gleisi vai lá p v… https://t.co/E0yTbGoJH3","source":"<a href=\"https://about.twitter.com/products/tweetdeck\" rel=\"nofollow\">TweetDeck</a>","truncated":true,"in_reply_to_status_id":null,"in_reply_to_status_id_str":null,"in_reply_to_user_id":null,"in_reply_to_user_id_str":null,"in_reply_to_screen_name":null,"user":{"id":1604362668,"id_str":"1604362668","name":"Dimitra Vulcana - Doutora Drag","screen_name":"DimitraVulcana","location":null,"url":"https://www.youtube.com/channel/UCcgl8D1QAwAmZekgv1-BaQg","description":"Homem-Cis-Gay, YouTuber, Podcaster, drag, bailarino, professor, doutor em ciências da saúde. (A gente pode ser várias coisas ❤️🌈💅🏿💄🙆🏾‍♂️👠","translator_type":"none","protected":false,"verified":false,"followers_count":2234,"friends_count":730,"listed_count":14,"favourites_count":13452,"statuses_count":10258,"created_at":"Thu Jul 18 21:32:33 +0000 2013","utc_offset":null,"time_zone":null,"geo_enabled":true,"lang":"pt","contributors_enabled":false,"is_translator":false,"profile_background_color":"000000","profile_background_image_url":"http://abs.twimg.com/images/themes/theme1/bg.png","profile_background_image_url_https":"https://abs.twimg.com/images/themes/theme1/bg.png","profile_background_tile":false,"profile_link_color":"E81C4F","profile_sidebar_border_color":"000000","profile_sidebar_fill_color":"000000","profile_text_color":"000000","profile_use_background_image":false,"profile_image_url":"http://pbs.twimg.com/profile_images/1023672319045189632/eWVb17VU_normal.jpg","profile_image_url_https":"https://pbs.twimg.com/profile_images/1023672319045189632/eWVb17VU_normal.jpg","profile_banner_url":"https://pbs.twimg.com/profile_banners/1604362668/1541210228","default_profile":false,"default_profile_image":false,"following":null,"follow_request_sent":null,"notifications":null},"geo":null,"coordinates":null,"place":null,"contributors":null,"is_quote_status":false,"extended_tweet":{"full_text":"Eu odeio a ideia do antipetismo, sempre estou argumentando e mostrando a raiz dos problemas, aí a Gleisi vai lá p visitar o Maudro. Miga, me ajuda a te ajudar.\nNeste vídeo eu falo um pouco do Chavez tb. \n\nhttps://t.co/vAytCCKxjM","display_text_range":[0,228],"entities":{"hashtags":[],"urls":[{"url":"https://t.co/vAytCCKxjM","expanded_url":"https://tinyurl.com/ycb6oa9p","display_url":"tinyurl.com/ycb6oa9p","indices":[205,228]}],"user_mentions":[],"symbols":[]}},"quote_count":0,"reply_count":2,"retweet_count":9,"favorite_count":48,"entities":{"hashtags":[],"urls":[{"url":"https://t.co/E0yTbGoJH3","expanded_url":"https://twitter.com/i/web/status/1083451935099944960","display_url":"twitter.com/i/web/status/1…","indices":[117,140]}],"user_mentions":[],"symbols":[]},"favorited":false,"retweeted":false,"possibly_sensitive":false,"filter_level":"low","lang":"pt"},"quoted_status_permalink":{"url":"https://t.co/VLmiIWM4yq","expanded":"https://twitter.com/DimitraVulcana/status/1083451935099944960","display":"twitter.com/DimitraVulcana…"},"is_quote_status":true,"quote_count":0,"reply_count":1,"retweet_count":3,"favorite_count":43,"entities":{"hashtags":[],"urls":[{"url":"https://t.co/VLmiIWM4yq","expanded_url":"https://twitter.com/DimitraVulcana/status/1083451935099944960","display_url":"twitter.com/DimitraVulcana…","indices":[16,39]}],"user_mentions":[],"symbols":[]},"favorited":false,"retweeted":false,"possibly_sensitive":false,"filter_level":"low","lang":"pt","matching_rules":[{"tag":null}]}