{"created_at":"Thu Jan 10 20:56:03 +0000 2019","id":1083467531195740200,"id_str":"1083467531195740163","text":"ATENÇÃO https://t.co/tVKpQ1I1P0","display_text_range":[0,7],"source":"<a href=\"http://twitter.com\" rel=\"nofollow\">Twitter Web Client</a>","truncated":false,"in_reply_to_status_id":null,"in_reply_to_status_id_str":null,"in_reply_to_user_id":null,"in_reply_to_user_id_str":null,"in_reply_to_screen_name":null,"user":{"id":932675351913926700,"id_str":"932675351913926656","name":"Startupdareal","screen_name":"startupdareal","location":"San Francisco, CA","url":"https://medium.com/startup-da-real","description":"#1 lugar livro de empreendedorismo mais vendido na Amazon, com \"Este livro não vai te deixar rico\"","translator_type":"none","protected":false,"verified":false,"followers_count":25736,"friends_count":176,"listed_count":112,"favourites_count":20411,"statuses_count":17948,"created_at":"Mon Nov 20 18:21:46 +0000 2017","utc_offset":null,"time_zone":null,"geo_enabled":true,"lang":"en","contributors_enabled":false,"is_translator":false,"profile_background_color":"000000","profile_background_image_url":"http://abs.twimg.com/images/themes/theme1/bg.png","profile_background_image_url_https":"https://abs.twimg.com/images/themes/theme1/bg.png","profile_background_tile":false,"profile_link_color":"FAB81E","profile_sidebar_border_color":"000000","profile_sidebar_fill_color":"000000","profile_text_color":"000000","profile_use_background_image":false,"profile_image_url":"http://pbs.twimg.com/profile_images/932680310336180226/PXZJpu93_normal.jpg","profile_image_url_https":"https://pbs.twimg.com/profile_images/932680310336180226/PXZJpu93_normal.jpg","profile_banner_url":"https://pbs.twimg.com/profile_banners/932675351913926656/1511203272","default_profile":false,"default_profile_image":false,"following":null,"follow_request_sent":null,"notifications":null},"geo":null,"coordinates":null,"place":null,"contributors":null,"quoted_status_id":1083467259069321200,"quoted_status_id_str":"1083467259069321216","quoted_status":{"created_at":"Thu Jan 10 20:54:59 +0000 2019","id":1083467259069321200,"id_str":"1083467259069321216","text":"@startupdareal @diversita NOTICIA URGENTE!!\n\nO ser que atende pelo nick de @startupdareal na verdade é um empreende… https://t.co/oJ8PxXH7jJ","display_text_range":[26,140],"source":"<a href=\"http://twitter.com/download/android\" rel=\"nofollow\">Twitter for Android</a>","truncated":true,"in_reply_to_status_id":1083460654273609700,"in_reply_to_status_id_str":"1083460654273609729","in_reply_to_user_id":932675351913926700,"in_reply_to_user_id_str":"932675351913926656","in_reply_to_screen_name":"startupdareal","user":{"id":4827731242,"id_str":"4827731242","name":"RETRO","screen_name":"igorama0","location":"Castanhal, Brasil","url":null,"description":"Porque vc ta me seguindo afinal?\nnao q eu esteja reclamando","translator_type":"none","protected":false,"verified":false,"followers_count":42,"friends_count":353,"listed_count":2,"favourites_count":12419,"statuses_count":5500,"created_at":"Tue Jan 19 21:21:08 +0000 2016","utc_offset":null,"time_zone":null,"geo_enabled":true,"lang":"pt","contributors_enabled":false,"is_translator":false,"profile_background_color":"000000","profile_background_image_url":"http://abs.twimg.com/images/themes/theme1/bg.png","profile_background_image_url_https":"https://abs.twimg.com/images/themes/theme1/bg.png","profile_background_tile":false,"profile_link_color":"000000","profile_sidebar_border_color":"000000","profile_sidebar_fill_color":"000000","profile_text_color":"000000","profile_use_background_image":false,"profile_image_url":"http://pbs.twimg.com/profile_images/930273739324960768/y4FiFv4y_normal.jpg","profile_image_url_https":"https://pbs.twimg.com/profile_images/930273739324960768/y4FiFv4y_normal.jpg","profile_banner_url":"https://pbs.twimg.com/profile_banners/4827731242/1456168464","default_profile":false,"default_profile_image":false,"following":null,"follow_request_sent":null,"notifications":null},"geo":null,"coordinates":null,"place":null,"contributors":null,"is_quote_status":false,"extended_tweet":{"full_text":"@startupdareal @diversita NOTICIA URGENTE!!\n\nO ser que atende pelo nick de @startupdareal na verdade é um empreendedor de palco disfarcado, nessa imagem, vemos ele usando termos em ingles, ele ja tem um livro, logo logo vai fazer palestras\nMUITO CUIDADO!!\n\ncompartilhe nos seus grupos do zap https://t.co/8R19dL9sEF","display_text_range":[26,291],"entities":{"hashtags":[],"urls":[],"user_mentions":[{"screen_name":"startupdareal","name":"Startupdareal","id":932675351913926700,"id_str":"932675351913926656","indices":[0,14]},{"screen_name":"diversita","name":"Ricardo Oliveira","id":11458072,"id_str":"11458072","indices":[15,25]},{"screen_name":"startupdareal","name":"Startupdareal","id":932675351913926700,"id_str":"932675351913926656","indices":[75,89]}],"symbols":[],"media":[{"id":1083467241390309400,"id_str":"1083467241390309377","indices":[292,315],"media_url":"http://pbs.twimg.com/media/Dwk_tzDXgAE2bWH.jpg","media_url_https":"https://pbs.twimg.com/media/Dwk_tzDXgAE2bWH.jpg","url":"https://t.co/8R19dL9sEF","display_url":"pic.twitter.com/8R19dL9sEF","expanded_url":"https://twitter.com/igorama0/status/1083467259069321216/photo/1","type":"photo","sizes":{"thumb":{"w":150,"h":150,"resize":"crop"},"large":{"w":540,"h":960,"resize":"fit"},"medium":{"w":540,"h":960,"resize":"fit"},"small":{"w":383,"h":680,"resize":"fit"}}}]},"extended_entities":{"media":[{"id":1083467241390309400,"id_str":"1083467241390309377","indices":[292,315],"media_url":"http://pbs.twimg.com/media/Dwk_tzDXgAE2bWH.jpg","media_url_https":"https://pbs.twimg.com/media/Dwk_tzDXgAE2bWH.jpg","url":"https://t.co/8R19dL9sEF","display_url":"pic.twitter.com/8R19dL9sEF","expanded_url":"https://twitter.com/igorama0/status/1083467259069321216/photo/1","type":"photo","sizes":{"thumb":{"w":150,"h":150,"resize":"crop"},"large":{"w":540,"h":960,"resize":"fit"},"medium":{"w":540,"h":960,"resize":"fit"},"small":{"w":383,"h":680,"resize":"fit"}}}]}},"quote_count":0,"reply_count":3,"retweet_count":0,"favorite_count":20,"entities":{"hashtags":[],"urls":[{"url":"https://t.co/oJ8PxXH7jJ","expanded_url":"https://twitter.com/i/web/status/1083467259069321216","display_url":"twitter.com/i/web/status/1…","indices":[117,140]}],"user_mentions":[{"screen_name":"startupdareal","name":"Startupdareal","id":932675351913926700,"id_str":"932675351913926656","indices":[0,14]},{"screen_name":"diversita","name":"Ricardo Oliveira","id":11458072,"id_str":"11458072","indices":[15,25]},{"screen_name":"startupdareal","name":"Startupdareal","id":932675351913926700,"id_str":"932675351913926656","indices":[75,89]}],"symbols":[]},"favorited":false,"retweeted":false,"possibly_sensitive":false,"filter_level":"low","lang":"pt"},"quoted_status_permalink":{"url":"https://t.co/tVKpQ1I1P0","expanded":"https://twitter.com/igorama0/status/1083467259069321216","display":"twitter.com/igorama0/statu…"},"is_quote_status":true,"quote_count":0,"reply_count":12,"retweet_count":1,"favorite_count":101,"entities":{"hashtags":[],"urls":[{"url":"https://t.co/tVKpQ1I1P0","expanded_url":"https://twitter.com/igorama0/status/1083467259069321216","display_url":"twitter.com/igorama0/statu…","indices":[8,31]}],"user_mentions":[],"symbols":[]},"favorited":false,"retweeted":false,"possibly_sensitive":false,"filter_level":"low","lang":"pt","matching_rules":[{"tag":null}]}