{"created_at":"Fri Jan 11 12:44:34 +0000 2019","id":1083706229610950700,"id_str":"1083706229610950656","text":"@nesimachado Isso não é assunto para filiados. Dizer isso é BIZARRO. \nO PT é um partido que esta disputando poder n… https://t.co/Nxk988bk4I","display_text_range":[13,140],"source":"<a href=\"http://twitter.com\" rel=\"nofollow\">Twitter Web Client</a>","truncated":true,"in_reply_to_status_id":1083705484874580000,"in_reply_to_status_id_str":"1083705484874579968","in_reply_to_user_id":797169914,"in_reply_to_user_id_str":"797169914","in_reply_to_screen_name":"nesimachado","user":{"id":932675351913926700,"id_str":"932675351913926656","name":"Startupdareal","screen_name":"startupdareal","location":"San Francisco, CA","url":"https://medium.com/startup-da-real","description":"#1 lugar livro de empreendedorismo mais vendido na Amazon, com \"Este livro não vai te deixar rico\"","translator_type":"none","protected":false,"verified":false,"followers_count":25857,"friends_count":176,"listed_count":113,"favourites_count":20540,"statuses_count":18075,"created_at":"Mon Nov 20 18:21:46 +0000 2017","utc_offset":null,"time_zone":null,"geo_enabled":true,"lang":"en","contributors_enabled":false,"is_translator":false,"profile_background_color":"000000","profile_background_image_url":"http://abs.twimg.com/images/themes/theme1/bg.png","profile_background_image_url_https":"https://abs.twimg.com/images/themes/theme1/bg.png","profile_background_tile":false,"profile_link_color":"FAB81E","profile_sidebar_border_color":"000000","profile_sidebar_fill_color":"000000","profile_text_color":"000000","profile_use_background_image":false,"profile_image_url":"http://pbs.twimg.com/profile_images/932680310336180226/PXZJpu93_normal.jpg","profile_image_url_https":"https://pbs.twimg.com/profile_images/932680310336180226/PXZJpu93_normal.jpg","profile_banner_url":"https://pbs.twimg.com/profile_banners/932675351913926656/1511203272","default_profile":false,"default_profile_image":false,"following":null,"follow_request_sent":null,"notifications":null},"geo":null,"coordinates":null,"place":null,"contributors":null,"is_quote_status":false,"extended_tweet":{"full_text":"@nesimachado Isso não é assunto para filiados. Dizer isso é BIZARRO. \nO PT é um partido que esta disputando poder no país onde eu voto, onde eu faço parte de quem DEVE criticar posições.\n\nTalvez seja por essa maluquice que você levantou que o PT tem perdido em todas as periferias do país.","display_text_range":[13,289],"entities":{"hashtags":[],"urls":[],"user_mentions":[{"screen_name":"nesimachado","name":"Rita Machadø","id":797169914,"id_str":"797169914","indices":[0,12]}],"symbols":[]}},"quote_count":0,"reply_count":5,"retweet_count":0,"favorite_count":44,"entities":{"hashtags":[],"urls":[{"url":"https://t.co/Nxk988bk4I","expanded_url":"https://twitter.com/i/web/status/1083706229610950656","display_url":"twitter.com/i/web/status/1…","indices":[117,140]}],"user_mentions":[{"screen_name":"nesimachado","name":"Rita Machadø","id":797169914,"id_str":"797169914","indices":[0,12]}],"symbols":[]},"favorited":false,"retweeted":false,"filter_level":"low","lang":"pt","matching_rules":[{"tag":null}]}