{"created_at":"Fri Jan 11 02:36:35 +0000 2019","id":1083553227390488600,"id_str":"1083553227390488576","text":"Dias sem mamata = 0 https://t.co/vDtYi6qZSO","display_text_range":[0,19],"source":"<a href=\"http://twitter.com/download/iphone\" rel=\"nofollow\">Twitter for iPhone</a>","truncated":false,"in_reply_to_status_id":null,"in_reply_to_status_id_str":null,"in_reply_to_user_id":null,"in_reply_to_user_id_str":null,"in_reply_to_screen_name":null,"user":{"id":932675351913926700,"id_str":"932675351913926656","name":"Startupdareal","screen_name":"startupdareal","location":"San Francisco, CA","url":"https://medium.com/startup-da-real","description":"#1 lugar livro de empreendedorismo mais vendido na Amazon, com \"Este livro não vai te deixar rico\"","translator_type":"none","protected":false,"verified":false,"followers_count":25857,"friends_count":176,"listed_count":113,"favourites_count":20540,"statuses_count":18075,"created_at":"Mon Nov 20 18:21:46 +0000 2017","utc_offset":null,"time_zone":null,"geo_enabled":true,"lang":"en","contributors_enabled":false,"is_translator":false,"profile_background_color":"000000","profile_background_image_url":"http://abs.twimg.com/images/themes/theme1/bg.png","profile_background_image_url_https":"https://abs.twimg.com/images/themes/theme1/bg.png","profile_background_tile":false,"profile_link_color":"FAB81E","profile_sidebar_border_color":"000000","profile_sidebar_fill_color":"000000","profile_text_color":"000000","profile_use_background_image":false,"profile_image_url":"http://pbs.twimg.com/profile_images/932680310336180226/PXZJpu93_normal.jpg","profile_image_url_https":"https://pbs.twimg.com/profile_images/932680310336180226/PXZJpu93_normal.jpg","profile_banner_url":"https://pbs.twimg.com/profile_banners/932675351913926656/1511203272","default_profile":false,"default_profile_image":false,"following":null,"follow_request_sent":null,"notifications":null},"geo":null,"coordinates":null,"place":null,"contributors":null,"quoted_status_id":1083548677879279600,"quoted_status_id_str":"1083548677879279617","quoted_status":{"created_at":"Fri Jan 11 02:18:30 +0000 2019","id":1083548677879279600,"id_str":"1083548677879279617","text":"@startupdareal Vixxxx mano, zerou de novo. Não conseguiram bater o recorde.\n\nhttps://t.co/dj8cqkNr5U","display_text_range":[15,100],"source":"<a href=\"http://twitter.com/download/android\" rel=\"nofollow\">Twitter for Android</a>","truncated":false,"in_reply_to_status_id":1083535245901791200,"in_reply_to_status_id_str":"1083535245901791232","in_reply_to_user_id":932675351913926700,"in_reply_to_user_id_str":"932675351913926656","in_reply_to_screen_name":"startupdareal","user":{"id":106855354,"id_str":"106855354","name":"Vocês Merecem","screen_name":"brunogolivei","location":null,"url":null,"description":null,"translator_type":"none","protected":false,"verified":false,"followers_count":37,"friends_count":103,"listed_count":0,"favourites_count":357,"statuses_count":592,"created_at":"Wed Jan 20 22:27:21 +0000 2010","utc_offset":null,"time_zone":null,"geo_enabled":false,"lang":"pt","contributors_enabled":false,"is_translator":false,"profile_background_color":"C0DEED","profile_background_image_url":"http://abs.twimg.com/images/themes/theme1/bg.png","profile_background_image_url_https":"https://abs.twimg.com/images/themes/theme1/bg.png","profile_background_tile":true,"profile_link_color":"0084B4","profile_sidebar_border_color":"C0DEED","profile_sidebar_fill_color":"DDEEF6","profile_text_color":"333333","profile_use_background_image":true,"profile_image_url":"http://pbs.twimg.com/profile_images/526448912279011329/SPP3xXrv_normal.jpeg","profile_image_url_https":"https://pbs.twimg.com/profile_images/526448912279011329/SPP3xXrv_normal.jpeg","default_profile":false,"default_profile_image":false,"following":null,"follow_request_sent":null,"notifications":null},"geo":null,"coordinates":null,"place":null,"contributors":null,"is_quote_status":false,"quote_count":0,"reply_count":1,"retweet_count":4,"favorite_count":38,"entities":{"hashtags":[],"urls":[{"url":"https://t.co/dj8cqkNr5U","expanded_url":"https://www1.folha.uol.com.br/mercado/2019/01/amigo-particular-de-bolsonaro-e-indicado-a-gerente-de-seguranca-da-petrobras.shtml","display_url":"www1.folha.uol.com.br/mercado/2019/0…","indices":[77,100]}],"user_mentions":[{"screen_name":"startupdareal","name":"Startupdareal","id":932675351913926700,"id_str":"932675351913926656","indices":[0,14]}],"symbols":[]},"favorited":false,"retweeted":false,"possibly_sensitive":false,"filter_level":"low","lang":"pt"},"quoted_status_permalink":{"url":"https://t.co/vDtYi6qZSO","expanded":"https://twitter.com/brunogolivei/status/1083548677879279617","display":"twitter.com/brunogolivei/s…"},"is_quote_status":true,"quote_count":0,"reply_count":3,"retweet_count":23,"favorite_count":128,"entities":{"hashtags":[],"urls":[{"url":"https://t.co/vDtYi6qZSO","expanded_url":"https://twitter.com/brunogolivei/status/1083548677879279617","display_url":"twitter.com/brunogolivei/s…","indices":[20,43]}],"user_mentions":[],"symbols":[]},"favorited":false,"retweeted":false,"possibly_sensitive":false,"filter_level":"low","lang":"pt","matching_rules":[{"tag":null}]}