{"created_at":"Thu Jan 10 11:40:04 +0000 2019","id":1083327609935675400,"id_str":"1083327609935675397","text":"@gabriel1991 @gabriel_pona @GulliverEditora @joubertamaral valeu demais!","display_text_range":[59,72],"source":"<a href=\"http://twitter.com\" rel=\"nofollow\">Twitter Web Client</a>","truncated":false,"in_reply_to_status_id":1083325937964470300,"in_reply_to_status_id_str":"1083325937964470272","in_reply_to_user_id":39107721,"in_reply_to_user_id_str":"39107721","in_reply_to_screen_name":"gabriel1991","user":{"id":932675351913926700,"id_str":"932675351913926656","name":"Startupdareal","screen_name":"startupdareal","location":"San Francisco, CA","url":"https://medium.com/startup-da-real","description":"#1 lugar livro de empreendedorismo mais vendido na Amazon, com \"Este livro não vai te deixar rico\"","translator_type":"none","protected":false,"verified":false,"followers_count":25736,"friends_count":176,"listed_count":112,"favourites_count":20411,"statuses_count":17948,"created_at":"Mon Nov 20 18:21:46 +0000 2017","utc_offset":null,"time_zone":null,"geo_enabled":true,"lang":"en","contributors_enabled":false,"is_translator":false,"profile_background_color":"000000","profile_background_image_url":"http://abs.twimg.com/images/themes/theme1/bg.png","profile_background_image_url_https":"https://abs.twimg.com/images/themes/theme1/bg.png","profile_background_tile":false,"profile_link_color":"FAB81E","profile_sidebar_border_color":"000000","profile_sidebar_fill_color":"000000","profile_text_color":"000000","profile_use_background_image":false,"profile_image_url":"http://pbs.twimg.com/profile_images/932680310336180226/PXZJpu93_normal.jpg","profile_image_url_https":"https://pbs.twimg.com/profile_images/932680310336180226/PXZJpu93_normal.jpg","profile_banner_url":"https://pbs.twimg.com/profile_banners/932675351913926656/1511203272","default_profile":false,"default_profile_image":false,"following":null,"follow_request_sent":null,"notifications":null},"geo":null,"coordinates":null,"place":null,"contributors":null,"is_quote_status":false,"quote_count":0,"reply_count":1,"retweet_count":0,"favorite_count":2,"entities":{"hashtags":[],"urls":[],"user_mentions":[{"screen_name":"gabriel1991","name":"Gabriel Aparecido","id":39107721,"id_str":"39107721","indices":[0,12]},{"screen_name":"gabriel_pona","name":"Ponã","id":116821923,"id_str":"116821923","indices":[13,26]},{"screen_name":"GulliverEditora","name":"Gulliver Editora","id":344935786,"id_str":"344935786","indices":[27,43]},{"screen_name":"joubertamaral","name":"Joubert Amaral","id":51910475,"id_str":"51910475","indices":[44,58]}],"symbols":[]},"favorited":false,"retweeted":false,"filter_level":"low","lang":"pt","matching_rules":[{"tag":null}]}