{"created_at":"Thu Jan 10 02:09:17 +0000 2019","id":1083183968168624100,"id_str":"1083183968168624129","text":"Quem vê pensa que eu não sei speak fucking english, meu speaking está pretty good, e meu listening is awesome. \n\nes… https://t.co/uTWSHhBK1Z","display_text_range":[0,140],"source":"<a href=\"http://twitter.com\" rel=\"nofollow\">Twitter Web Client</a>","truncated":true,"in_reply_to_status_id":null,"in_reply_to_status_id_str":null,"in_reply_to_user_id":null,"in_reply_to_user_id_str":null,"in_reply_to_screen_name":null,"user":{"id":932675351913926700,"id_str":"932675351913926656","name":"Startupdareal","screen_name":"startupdareal","location":"San Francisco, CA","url":"https://medium.com/startup-da-real","description":"#1 lugar livro de empreendedorismo mais vendido na Amazon, com \"Este livro não vai te deixar rico\"","translator_type":"none","protected":false,"verified":false,"followers_count":25736,"friends_count":176,"listed_count":112,"favourites_count":20411,"statuses_count":17948,"created_at":"Mon Nov 20 18:21:46 +0000 2017","utc_offset":null,"time_zone":null,"geo_enabled":true,"lang":"en","contributors_enabled":false,"is_translator":false,"profile_background_color":"000000","profile_background_image_url":"http://abs.twimg.com/images/themes/theme1/bg.png","profile_background_image_url_https":"https://abs.twimg.com/images/themes/theme1/bg.png","profile_background_tile":false,"profile_link_color":"FAB81E","profile_sidebar_border_color":"000000","profile_sidebar_fill_color":"000000","profile_text_color":"000000","profile_use_background_image":false,"profile_image_url":"http://pbs.twimg.com/profile_images/932680310336180226/PXZJpu93_normal.jpg","profile_image_url_https":"https://pbs.twimg.com/profile_images/932680310336180226/PXZJpu93_normal.jpg","profile_banner_url":"https://pbs.twimg.com/profile_banners/932675351913926656/1511203272","default_profile":false,"default_profile_image":false,"following":null,"follow_request_sent":null,"notifications":null},"geo":null,"coordinates":null,"place":null,"contributors":null,"quoted_status_id":1083181856034570200,"quoted_status_id_str":"1083181856034570240","quoted_status":{"created_at":"Thu Jan 10 02:00:53 +0000 2019","id":1083181856034570200,"id_str":"1083181856034570240","text":"@startupdareal \nStartup! Aprende com o inglês da Paula Guedes, aí, seu aprendiz de empreendedor!!!1\n\nE o seu englis… https://t.co/FFF3DjdypO","display_text_range":[0,140],"source":"<a href=\"http://twitter.com/download/android\" rel=\"nofollow\">Twitter for Android</a>","truncated":true,"in_reply_to_status_id":null,"in_reply_to_status_id_str":null,"in_reply_to_user_id":932675351913926700,"in_reply_to_user_id_str":"932675351913926656","in_reply_to_screen_name":"startupdareal","user":{"id":321626050,"id_str":"321626050","name":"Padeiro (da Massa)","screen_name":"faabiuss","location":"Londrina","url":null,"description":null,"translator_type":"none","protected":false,"verified":false,"followers_count":34,"friends_count":378,"listed_count":0,"favourites_count":5063,"statuses_count":960,"created_at":"Tue Jun 21 21:42:15 +0000 2011","utc_offset":null,"time_zone":null,"geo_enabled":false,"lang":"pt","contributors_enabled":false,"is_translator":false,"profile_background_color":"022330","profile_background_image_url":"http://abs.twimg.com/images/themes/theme15/bg.png","profile_background_image_url_https":"https://abs.twimg.com/images/themes/theme15/bg.png","profile_background_tile":false,"profile_link_color":"001EB3","profile_sidebar_border_color":"FFFFFF","profile_sidebar_fill_color":"DDEEF6","profile_text_color":"333333","profile_use_background_image":true,"profile_image_url":"http://pbs.twimg.com/profile_images/1048002443399839744/ZnNqgSMy_normal.jpg","profile_image_url_https":"https://pbs.twimg.com/profile_images/1048002443399839744/ZnNqgSMy_normal.jpg","default_profile":false,"default_profile_image":false,"following":null,"follow_request_sent":null,"notifications":null},"geo":null,"coordinates":null,"place":null,"contributors":null,"quoted_status_id":1083162220048072700,"quoted_status_id_str":"1083162220048072704","is_quote_status":true,"extended_tweet":{"full_text":"@startupdareal \nStartup! Aprende com o inglês da Paula Guedes, aí, seu aprendiz de empreendedor!!!1\n\nE o seu english speaking, como está? https://t.co/qkTCbWan8i","display_text_range":[0,137],"entities":{"hashtags":[],"urls":[{"url":"https://t.co/qkTCbWan8i","expanded_url":"https://twitter.com/empreendersucks/status/1083162220048072704","display_url":"twitter.com/empreendersuck…","indices":[138,161]}],"user_mentions":[{"screen_name":"startupdareal","name":"Startupdareal","id":932675351913926700,"id_str":"932675351913926656","indices":[0,14]}],"symbols":[]}},"quote_count":0,"reply_count":2,"retweet_count":1,"favorite_count":7,"entities":{"hashtags":[],"urls":[{"url":"https://t.co/FFF3DjdypO","expanded_url":"https://twitter.com/i/web/status/1083181856034570240","display_url":"twitter.com/i/web/status/1…","indices":[117,140]}],"user_mentions":[{"screen_name":"startupdareal","name":"Startupdareal","id":932675351913926700,"id_str":"932675351913926656","indices":[0,14]}],"symbols":[]},"favorited":false,"retweeted":false,"possibly_sensitive":false,"filter_level":"low","lang":"pt"},"quoted_status_permalink":{"url":"https://t.co/r8OMOIx9lO","expanded":"https://twitter.com/faabiuss/status/1083181856034570240","display":"twitter.com/faabiuss/statu…"},"is_quote_status":true,"extended_tweet":{"full_text":"Quem vê pensa que eu não sei speak fucking english, meu speaking está pretty good, e meu listening is awesome. \n\nestou aqui para action. https://t.co/r8OMOIx9lO","display_text_range":[0,136],"entities":{"hashtags":[],"urls":[{"url":"https://t.co/r8OMOIx9lO","expanded_url":"https://twitter.com/faabiuss/status/1083181856034570240","display_url":"twitter.com/faabiuss/statu…","indices":[137,160]}],"user_mentions":[],"symbols":[]}},"quote_count":0,"reply_count":10,"retweet_count":3,"favorite_count":79,"entities":{"hashtags":[],"urls":[{"url":"https://t.co/uTWSHhBK1Z","expanded_url":"https://twitter.com/i/web/status/1083183968168624129","display_url":"twitter.com/i/web/status/1…","indices":[117,140]}],"user_mentions":[],"symbols":[]},"favorited":false,"retweeted":false,"possibly_sensitive":false,"filter_level":"low","lang":"pt","matching_rules":[{"tag":null}]}