{"created_at":"Fri Jan 11 15:14:43 +0000 2019","id":1083744018817843200,"id_str":"1083744018817843204","text":"Empreendedorismo é implementar e idealizar novos negócios e realizar grandes mudanças em negócios já existentes. Em… https://t.co/CNrZd7m6Du","display_text_range":[0,140],"source":"<a href=\"http://twitter.com\" rel=\"nofollow\">Twitter Web Client</a>","truncated":true,"in_reply_to_status_id":null,"in_reply_to_status_id_str":null,"in_reply_to_user_id":null,"in_reply_to_user_id_str":null,"in_reply_to_screen_name":null,"user":{"id":932675351913926700,"id_str":"932675351913926656","name":"Startupdareal","screen_name":"startupdareal","location":"San Francisco, CA","url":"https://medium.com/startup-da-real","description":"#1 lugar livro de empreendedorismo mais vendido na Amazon, com \"Este livro não vai te deixar rico\"","translator_type":"none","protected":false,"verified":false,"followers_count":25857,"friends_count":176,"listed_count":113,"favourites_count":20540,"statuses_count":18075,"created_at":"Mon Nov 20 18:21:46 +0000 2017","utc_offset":null,"time_zone":null,"geo_enabled":true,"lang":"en","contributors_enabled":false,"is_translator":false,"profile_background_color":"000000","profile_background_image_url":"http://abs.twimg.com/images/themes/theme1/bg.png","profile_background_image_url_https":"https://abs.twimg.com/images/themes/theme1/bg.png","profile_background_tile":false,"profile_link_color":"FAB81E","profile_sidebar_border_color":"000000","profile_sidebar_fill_color":"000000","profile_text_color":"000000","profile_use_background_image":false,"profile_image_url":"http://pbs.twimg.com/profile_images/932680310336180226/PXZJpu93_normal.jpg","profile_image_url_https":"https://pbs.twimg.com/profile_images/932680310336180226/PXZJpu93_normal.jpg","profile_banner_url":"https://pbs.twimg.com/profile_banners/932675351913926656/1511203272","default_profile":false,"default_profile_image":false,"following":null,"follow_request_sent":null,"notifications":null},"geo":null,"coordinates":null,"place":null,"contributors":null,"quoted_status_id":1083742871415599100,"quoted_status_id_str":"1083742871415599105","quoted_status":{"created_at":"Fri Jan 11 15:10:10 +0000 2019","id":1083742871415599100,"id_str":"1083742871415599105","text":"@startupdareal uma dúvida: comprar franquia é empreender?...","source":"<a href=\"http://twitter.com\" rel=\"nofollow\">Twitter Web Client</a>","truncated":false,"in_reply_to_status_id":null,"in_reply_to_status_id_str":null,"in_reply_to_user_id":932675351913926700,"in_reply_to_user_id_str":"932675351913926656","in_reply_to_screen_name":"startupdareal","user":{"id":55947022,"id_str":"55947022","name":"vodeve e te aviso","screen_name":"vvodrum","location":"hell broke luce","url":"http://youtube.com/user/vodvvio","description":"é sério, eu to quebrado  Bradesco Ag 1970 Cc 136565 Jonas Alípio Pinheiro Fernandes Cardoso","translator_type":"none","protected":false,"verified":false,"followers_count":396,"friends_count":413,"listed_count":3,"favourites_count":11981,"statuses_count":45349,"created_at":"Sat Jul 11 22:23:52 +0000 2009","utc_offset":null,"time_zone":null,"geo_enabled":false,"lang":"pt","contributors_enabled":false,"is_translator":false,"profile_background_color":"000000","profile_background_image_url":"http://abs.twimg.com/images/themes/theme14/bg.gif","profile_background_image_url_https":"https://abs.twimg.com/images/themes/theme14/bg.gif","profile_background_tile":false,"profile_link_color":"500BD1","profile_sidebar_border_color":"FFFFFF","profile_sidebar_fill_color":"EFEFEF","profile_text_color":"333333","profile_use_background_image":true,"profile_image_url":"http://pbs.twimg.com/profile_images/839924321455915010/u4CmAiti_normal.jpg","profile_image_url_https":"https://pbs.twimg.com/profile_images/839924321455915010/u4CmAiti_normal.jpg","profile_banner_url":"https://pbs.twimg.com/profile_banners/55947022/1446830883","default_profile":false,"default_profile_image":false,"following":null,"follow_request_sent":null,"notifications":null},"geo":null,"coordinates":null,"place":null,"contributors":null,"is_quote_status":false,"quote_count":0,"reply_count":2,"retweet_count":0,"favorite_count":1,"entities":{"hashtags":[],"urls":[],"user_mentions":[{"screen_name":"startupdareal","name":"Startupdareal","id":932675351913926700,"id_str":"932675351913926656","indices":[0,14]}],"symbols":[]},"favorited":false,"retweeted":false,"filter_level":"low","lang":"pt"},"quoted_status_permalink":{"url":"https://t.co/ycQaGIDBxe","expanded":"https://twitter.com/vvodrum/status/1083742871415599105","display":"twitter.com/vvodrum/status…"},"is_quote_status":true,"extended_tweet":{"full_text":"Empreendedorismo é implementar e idealizar novos negócios e realizar grandes mudanças em negócios já existentes. Em franquias isso é tudo o que você não faz. O franqueado deve obedecer rigidamente o que é imposto a ele. \n\nAssim como não todo empresário é empreendedor. https://t.co/ycQaGIDBxe","display_text_range":[0,268],"entities":{"hashtags":[],"urls":[{"url":"https://t.co/ycQaGIDBxe","expanded_url":"https://twitter.com/vvodrum/status/1083742871415599105","display_url":"twitter.com/vvodrum/status…","indices":[269,292]}],"user_mentions":[],"symbols":[]}},"quote_count":0,"reply_count":11,"retweet_count":11,"favorite_count":122,"entities":{"hashtags":[],"urls":[{"url":"https://t.co/CNrZd7m6Du","expanded_url":"https://twitter.com/i/web/status/1083744018817843204","display_url":"twitter.com/i/web/status/1…","indices":[117,140]}],"user_mentions":[],"symbols":[]},"favorited":false,"retweeted":false,"possibly_sensitive":false,"filter_level":"low","lang":"pt","matching_rules":[{"tag":null}]}