{"created_at":"Wed Jan 09 20:52:30 +0000 2019","id":1083104247439413200,"id_str":"1083104247439413262","text":"TEM QUE ACABAR COM OS PRIVILÉGIOS, TALKEI? https://t.co/cCk5SswkId","display_text_range":[0,42],"source":"<a href=\"http://twitter.com\" rel=\"nofollow\">Twitter Web Client</a>","truncated":false,"in_reply_to_status_id":null,"in_reply_to_status_id_str":null,"in_reply_to_user_id":null,"in_reply_to_user_id_str":null,"in_reply_to_screen_name":null,"user":{"id":932675351913926700,"id_str":"932675351913926656","name":"Startupdareal","screen_name":"startupdareal","location":"San Francisco, CA","url":"https://medium.com/startup-da-real","description":"#1 lugar livro de empreendedorismo mais vendido na Amazon, com \"Este livro não vai te deixar rico\"","translator_type":"none","protected":false,"verified":false,"followers_count":25736,"friends_count":176,"listed_count":112,"favourites_count":20411,"statuses_count":17948,"created_at":"Mon Nov 20 18:21:46 +0000 2017","utc_offset":null,"time_zone":null,"geo_enabled":true,"lang":"en","contributors_enabled":false,"is_translator":false,"profile_background_color":"000000","profile_background_image_url":"http://abs.twimg.com/images/themes/theme1/bg.png","profile_background_image_url_https":"https://abs.twimg.com/images/themes/theme1/bg.png","profile_background_tile":false,"profile_link_color":"FAB81E","profile_sidebar_border_color":"000000","profile_sidebar_fill_color":"000000","profile_text_color":"000000","profile_use_background_image":false,"profile_image_url":"http://pbs.twimg.com/profile_images/932680310336180226/PXZJpu93_normal.jpg","profile_image_url_https":"https://pbs.twimg.com/profile_images/932680310336180226/PXZJpu93_normal.jpg","profile_banner_url":"https://pbs.twimg.com/profile_banners/932675351913926656/1511203272","default_profile":false,"default_profile_image":false,"following":null,"follow_request_sent":null,"notifications":null},"geo":null,"coordinates":null,"place":null,"contributors":null,"quoted_status_id":1083094820946698200,"quoted_status_id_str":"1083094820946698241","quoted_status":{"created_at":"Wed Jan 09 20:15:02 +0000 2019","id":1083094820946698200,"id_str":"1083094820946698241","text":"Ibama anula multa ambiental aplicada a Bolsonaro por pesca irregular.\nhttps://t.co/HbSMWSxGE6 https://t.co/YKS89iJYim","display_text_range":[0,93],"source":"<a href=\"http://twitter.com\" rel=\"nofollow\">Twitter Web Client</a>","truncated":false,"in_reply_to_status_id":null,"in_reply_to_status_id_str":null,"in_reply_to_user_id":null,"in_reply_to_user_id_str":null,"in_reply_to_screen_name":null,"user":{"id":156719729,"id_str":"156719729","name":"O Globo Brasil","screen_name":"OGloboPolitica","location":"Brasil","url":"http://www.oglobo.com.br/pais","description":"Acompanhe o que acontece pelo país e a cobertura política feita pela equipe do jornal O Globo","translator_type":"none","protected":false,"verified":true,"followers_count":301504,"friends_count":123,"listed_count":1828,"favourites_count":117,"statuses_count":78550,"created_at":"Thu Jun 17 18:28:06 +0000 2010","utc_offset":null,"time_zone":null,"geo_enabled":true,"lang":"pt","contributors_enabled":false,"is_translator":false,"profile_background_color":"FFFFFF","profile_background_image_url":"http://abs.twimg.com/images/themes/theme1/bg.png","profile_background_image_url_https":"https://abs.twimg.com/images/themes/theme1/bg.png","profile_background_tile":false,"profile_link_color":"1F97C7","profile_sidebar_border_color":"C6E2EE","profile_sidebar_fill_color":"E4F5FF","profile_text_color":"616161","profile_use_background_image":true,"profile_image_url":"http://pbs.twimg.com/profile_images/1022911612607516673/L8puc3-v_normal.jpg","profile_image_url_https":"https://pbs.twimg.com/profile_images/1022911612607516673/L8puc3-v_normal.jpg","default_profile":false,"default_profile_image":false,"following":null,"follow_request_sent":null,"notifications":null},"geo":null,"coordinates":null,"place":null,"contributors":null,"is_quote_status":false,"quote_count":0,"reply_count":162,"retweet_count":486,"favorite_count":1604,"entities":{"hashtags":[],"urls":[{"url":"https://t.co/HbSMWSxGE6","expanded_url":"https://glo.bo/2QA1PBS","display_url":"glo.bo/2QA1PBS","indices":[70,93]}],"user_mentions":[],"symbols":[],"media":[{"id":1083094810616127500,"id_str":"1083094810616127489","indices":[94,117],"media_url":"http://pbs.twimg.com/media/Dwfs_eTX4AE0Ina.jpg","media_url_https":"https://pbs.twimg.com/media/Dwfs_eTX4AE0Ina.jpg","url":"https://t.co/YKS89iJYim","display_url":"pic.twitter.com/YKS89iJYim","expanded_url":"https://twitter.com/OGloboPolitica/status/1083094820946698241/photo/1","type":"photo","sizes":{"thumb":{"w":150,"h":150,"resize":"crop"},"medium":{"w":666,"h":375,"resize":"fit"},"small":{"w":666,"h":375,"resize":"fit"},"large":{"w":666,"h":375,"resize":"fit"}}}]},"extended_entities":{"media":[{"id":1083094810616127500,"id_str":"1083094810616127489","indices":[94,117],"media_url":"http://pbs.twimg.com/media/Dwfs_eTX4AE0Ina.jpg","media_url_https":"https://pbs.twimg.com/media/Dwfs_eTX4AE0Ina.jpg","url":"https://t.co/YKS89iJYim","display_url":"pic.twitter.com/YKS89iJYim","expanded_url":"https://twitter.com/OGloboPolitica/status/1083094820946698241/photo/1","type":"photo","sizes":{"thumb":{"w":150,"h":150,"resize":"crop"},"medium":{"w":666,"h":375,"resize":"fit"},"small":{"w":666,"h":375,"resize":"fit"},"large":{"w":666,"h":375,"resize":"fit"}}}]},"favorited":false,"retweeted":false,"possibly_sensitive":false,"filter_level":"low","lang":"pt"},"quoted_status_permalink":{"url":"https://t.co/cCk5SswkId","expanded":"https://twitter.com/OGloboPolitica/status/1083094820946698241","display":"twitter.com/OGloboPolitica…"},"is_quote_status":true,"quote_count":0,"reply_count":7,"retweet_count":213,"favorite_count":906,"entities":{"hashtags":[],"urls":[{"url":"https://t.co/cCk5SswkId","expanded_url":"https://twitter.com/OGloboPolitica/status/1083094820946698241","display_url":"twitter.com/OGloboPolitica…","indices":[43,66]}],"user_mentions":[],"symbols":[]},"favorited":false,"retweeted":false,"possibly_sensitive":false,"filter_level":"low","lang":"pt","matching_rules":[{"tag":null}]}