{"created_at":"Sat Jan 12 01:38:23 +0000 2019","id":1083900968524222500,"id_str":"1083900968524222469","text":"RT @alexisohanian: Why a startup would think it's a good idea to legally threaten reporters is inexplicable. Why they would try to do it to…","source":"<a href=\"http://twitter.com/download/iphone\" rel=\"nofollow\">Twitter for iPhone</a>","truncated":false,"in_reply_to_status_id":null,"in_reply_to_status_id_str":null,"in_reply_to_user_id":null,"in_reply_to_user_id_str":null,"in_reply_to_screen_name":null,"user":{"id":932675351913926700,"id_str":"932675351913926656","name":"Startupdareal","screen_name":"startupdareal","location":"San Francisco, CA","url":"https://medium.com/startup-da-real","description":"#1 lugar livro de empreendedorismo mais vendido na Amazon, com \"Este livro não vai te deixar rico\"","translator_type":"none","protected":false,"verified":false,"followers_count":25857,"friends_count":176,"listed_count":113,"favourites_count":20540,"statuses_count":18075,"created_at":"Mon Nov 20 18:21:46 +0000 2017","utc_offset":null,"time_zone":null,"geo_enabled":true,"lang":"en","contributors_enabled":false,"is_translator":false,"profile_background_color":"000000","profile_background_image_url":"http://abs.twimg.com/images/themes/theme1/bg.png","profile_background_image_url_https":"https://abs.twimg.com/images/themes/theme1/bg.png","profile_background_tile":false,"profile_link_color":"FAB81E","profile_sidebar_border_color":"000000","profile_sidebar_fill_color":"000000","profile_text_color":"000000","profile_use_background_image":false,"profile_image_url":"http://pbs.twimg.com/profile_images/932680310336180226/PXZJpu93_normal.jpg","profile_image_url_https":"https://pbs.twimg.com/profile_images/932680310336180226/PXZJpu93_normal.jpg","profile_banner_url":"https://pbs.twimg.com/profile_banners/932675351913926656/1511203272","default_profile":false,"default_profile_image":false,"following":null,"follow_request_sent":null,"notifications":null},"geo":null,"coordinates":null,"place":null,"contributors":null,"retweeted_status":{"created_at":"Sat Jan 12 01:38:01 +0000 2019","id":1083900876677296100,"id_str":"1083900876677296128","text":"Why a startup would think it's a good idea to legally threaten reporters is inexplicable. Why they would try to do… https://t.co/Tu8tKYZM7b","display_text_range":[0,140],"source":"<a href=\"http://twitter.com/download/iphone\" rel=\"nofollow\">Twitter for iPhone</a>","truncated":true,"in_reply_to_status_id":null,"in_reply_to_status_id_str":null,"in_reply_to_user_id":null,"in_reply_to_user_id_str":null,"in_reply_to_screen_name":null,"user":{"id":811350,"id_str":"811350","name":"Alexis Ohanian Sr. 🚀","screen_name":"alexisohanian","location":"Worldwide","url":"http://konyak.com","description":"🚀 Co-founder & managing partner @Initialized (early stage VC, $22B in market value) 📖 Bestselling author  ⬆️ Co-founder @Reddit 🎮 Owner @cloud9","translator_type":"none","protected":false,"verified":true,"followers_count":259225,"friends_count":4457,"listed_count":4586,"favourites_count":31541,"statuses_count":64032,"created_at":"Mon Mar 05 03:26:51 +0000 2007","utc_offset":null,"time_zone":null,"geo_enabled":true,"lang":"en","contributors_enabled":false,"is_translator":false,"profile_background_color":"111111","profile_background_image_url":"http://abs.twimg.com/images/themes/theme1/bg.png","profile_background_image_url_https":"https://abs.twimg.com/images/themes/theme1/bg.png","profile_background_tile":true,"profile_link_color":"EE1235","profile_sidebar_border_color":"FFFFFF","profile_sidebar_fill_color":"DDEEF6","profile_text_color":"333333","profile_use_background_image":true,"profile_image_url":"http://pbs.twimg.com/profile_images/975128915533426688/JEGHXFiz_normal.jpg","profile_image_url_https":"https://pbs.twimg.com/profile_images/975128915533426688/JEGHXFiz_normal.jpg","profile_banner_url":"https://pbs.twimg.com/profile_banners/811350/1528325831","default_profile":false,"default_profile_image":false,"following":null,"follow_request_sent":null,"notifications":null},"geo":null,"coordinates":null,"place":null,"contributors":null,"quoted_status_id":1083898127331995600,"quoted_status_id_str":"1083898127331995649","quoted_status":{"created_at":"Sat Jan 12 01:27:06 +0000 2019","id":1083898127331995600,"id_str":"1083898127331995649","text":"@Doctorow declined, published the legal threat and fired back with a rebuttal letter from the @EFF accusing the… https://t.co/xZjIcvti56","source":"<a href=\"http://twitter.com/download/android\" rel=\"nofollow\">Twitter for Android</a>","truncated":true,"in_reply_to_status_id":null,"in_reply_to_status_id_str":null,"in_reply_to_user_id":2729061,"in_reply_to_user_id_str":"2729061","in_reply_to_screen_name":"doctorow","user":{"id":995747759385788400,"id_str":"995747759385788416","name":"Bad Scooters","screen_name":"BadScooters","location":"California, USA","url":"https://www.dmv.ca.gov/portal/dmv/detail/vr/scooters","description":"A motorized scooter may be operated on a bicycle path, trail or bikeway, but not on a sidewalk\n\nhttps://www.dmv.ca.gov/portal/dmv/detail/vr/scooters","translator_type":"none","protected":false,"verified":false,"followers_count":84,"friends_count":48,"listed_count":4,"favourites_count":443,"statuses_count":1199,"created_at":"Sun May 13 19:29:00 +0000 2018","utc_offset":null,"time_zone":null,"geo_enabled":false,"lang":"en","contributors_enabled":false,"is_translator":false,"profile_background_color":"F5F8FA","profile_background_image_url":"","profile_background_image_url_https":"","profile_background_tile":false,"profile_link_color":"1DA1F2","profile_sidebar_border_color":"C0DEED","profile_sidebar_fill_color":"DDEEF6","profile_text_color":"333333","profile_use_background_image":true,"profile_image_url":"http://pbs.twimg.com/profile_images/1024347724726956032/8nhiPZ4i_normal.jpg","profile_image_url_https":"https://pbs.twimg.com/profile_images/1024347724726956032/8nhiPZ4i_normal.jpg","profile_banner_url":"https://pbs.twimg.com/profile_banners/995747759385788416/1532204683","default_profile":true,"default_profile_image":false,"following":null,"follow_request_sent":null,"notifications":null},"geo":null,"coordinates":null,"place":null,"contributors":null,"is_quote_status":false,"extended_tweet":{"full_text":"@Doctorow declined, published the legal threat and fired back with a rebuttal letter from the @EFF accusing the #scooter startup of making “baseless legal threats” in an attempt to “suppress coverage that it dislikes.”\n\nhttps://t.co/fB5eaVajIO\n\n#EnjoyTheRide #BeFreeWithBird #bird","display_text_range":[0,280],"entities":{"hashtags":[{"text":"scooter","indices":[112,120]},{"text":"EnjoyTheRide","indices":[245,258]},{"text":"BeFreeWithBird","indices":[259,274]},{"text":"bird","indices":[275,280]}],"urls":[{"url":"https://t.co/fB5eaVajIO","expanded_url":"https://techcrunch.com/2019/01/11/scooter-startup-bird-silence-journalist/","display_url":"techcrunch.com/2019/01/11/sco…","indices":[220,243]}],"user_mentions":[{"screen_name":"doctorow","name":"son of an asylum seeker, father of an immigrant","id":2729061,"id_str":"2729061","indices":[0,9]},{"screen_name":"EFF","name":"EFF","id":4816,"id_str":"4816","indices":[94,98]}],"symbols":[]}},"quote_count":0,"reply_count":0,"retweet_count":27,"favorite_count":51,"entities":{"hashtags":[],"urls":[{"url":"https://t.co/xZjIcvti56","expanded_url":"https://twitter.com/i/web/status/1083898127331995649","display_url":"twitter.com/i/web/status/1…","indices":[113,136]}],"user_mentions":[{"screen_name":"doctorow","name":"son of an asylum seeker, father of an immigrant","id":2729061,"id_str":"2729061","indices":[0,9]},{"screen_name":"EFF","name":"EFF","id":4816,"id_str":"4816","indices":[94,98]}],"symbols":[]},"favorited":false,"retweeted":false,"possibly_sensitive":false,"filter_level":"low","lang":"en"},"quoted_status_permalink":{"url":"https://t.co/mE1rRnKf4p","expanded":"https://twitter.com/BadScooters/status/1083898127331995649","display":"twitter.com/BadScooters/st…"},"is_quote_status":true,"extended_tweet":{"full_text":"Why a startup would think it's a good idea to legally threaten reporters is inexplicable. Why they would try to do it to @doctorow of all people is comical. https://t.co/mE1rRnKf4p","display_text_range":[0,156],"entities":{"hashtags":[],"urls":[{"url":"https://t.co/mE1rRnKf4p","expanded_url":"https://twitter.com/BadScooters/status/1083898127331995649","display_url":"twitter.com/BadScooters/st…","indices":[157,180]}],"user_mentions":[{"screen_name":"doctorow","name":"son of an asylum seeker, father of an immigrant","id":2729061,"id_str":"2729061","indices":[121,130]}],"symbols":[]}},"quote_count":0,"reply_count":9,"retweet_count":50,"favorite_count":176,"entities":{"hashtags":[],"urls":[{"url":"https://t.co/Tu8tKYZM7b","expanded_url":"https://twitter.com/i/web/status/1083900876677296128","display_url":"twitter.com/i/web/status/1…","indices":[116,139]}],"user_mentions":[],"symbols":[]},"favorited":false,"retweeted":false,"possibly_sensitive":false,"filter_level":"low","lang":"en"},"quoted_status_id":1083898127331995600,"quoted_status_id_str":"1083898127331995649","quoted_status":{"created_at":"Sat Jan 12 01:27:06 +0000 2019","id":1083898127331995600,"id_str":"1083898127331995649","text":"@Doctorow declined, published the legal threat and fired back with a rebuttal letter from the @EFF accusing the… https://t.co/xZjIcvti56","source":"<a href=\"http://twitter.com/download/android\" rel=\"nofollow\">Twitter for Android</a>","truncated":true,"in_reply_to_status_id":null,"in_reply_to_status_id_str":null,"in_reply_to_user_id":2729061,"in_reply_to_user_id_str":"2729061","in_reply_to_screen_name":"doctorow","user":{"id":995747759385788400,"id_str":"995747759385788416","name":"Bad Scooters","screen_name":"BadScooters","location":"California, USA","url":"https://www.dmv.ca.gov/portal/dmv/detail/vr/scooters","description":"A motorized scooter may be operated on a bicycle path, trail or bikeway, but not on a sidewalk\n\nhttps://www.dmv.ca.gov/portal/dmv/detail/vr/scooters","translator_type":"none","protected":false,"verified":false,"followers_count":84,"friends_count":48,"listed_count":4,"favourites_count":443,"statuses_count":1199,"created_at":"Sun May 13 19:29:00 +0000 2018","utc_offset":null,"time_zone":null,"geo_enabled":false,"lang":"en","contributors_enabled":false,"is_translator":false,"profile_background_color":"F5F8FA","profile_background_image_url":"","profile_background_image_url_https":"","profile_background_tile":false,"profile_link_color":"1DA1F2","profile_sidebar_border_color":"C0DEED","profile_sidebar_fill_color":"DDEEF6","profile_text_color":"333333","profile_use_background_image":true,"profile_image_url":"http://pbs.twimg.com/profile_images/1024347724726956032/8nhiPZ4i_normal.jpg","profile_image_url_https":"https://pbs.twimg.com/profile_images/1024347724726956032/8nhiPZ4i_normal.jpg","profile_banner_url":"https://pbs.twimg.com/profile_banners/995747759385788416/1532204683","default_profile":true,"default_profile_image":false,"following":null,"follow_request_sent":null,"notifications":null},"geo":null,"coordinates":null,"place":null,"contributors":null,"is_quote_status":false,"extended_tweet":{"full_text":"@Doctorow declined, published the legal threat and fired back with a rebuttal letter from the @EFF accusing the #scooter startup of making “baseless legal threats” in an attempt to “suppress coverage that it dislikes.”\n\nhttps://t.co/fB5eaVajIO\n\n#EnjoyTheRide #BeFreeWithBird #bird","display_text_range":[0,280],"entities":{"hashtags":[{"text":"scooter","indices":[112,120]},{"text":"EnjoyTheRide","indices":[245,258]},{"text":"BeFreeWithBird","indices":[259,274]},{"text":"bird","indices":[275,280]}],"urls":[{"url":"https://t.co/fB5eaVajIO","expanded_url":"https://techcrunch.com/2019/01/11/scooter-startup-bird-silence-journalist/","display_url":"techcrunch.com/2019/01/11/sco…","indices":[220,243]}],"user_mentions":[{"screen_name":"doctorow","name":"son of an asylum seeker, father of an immigrant","id":2729061,"id_str":"2729061","indices":[0,9]},{"screen_name":"EFF","name":"EFF","id":4816,"id_str":"4816","indices":[94,98]}],"symbols":[]}},"quote_count":0,"reply_count":0,"retweet_count":27,"favorite_count":51,"entities":{"hashtags":[],"urls":[{"url":"https://t.co/xZjIcvti56","expanded_url":"https://twitter.com/i/web/status/1083898127331995649","display_url":"twitter.com/i/web/status/1…","indices":[113,136]}],"user_mentions":[{"screen_name":"doctorow","name":"son of an asylum seeker, father of an immigrant","id":2729061,"id_str":"2729061","indices":[0,9]},{"screen_name":"EFF","name":"EFF","id":4816,"id_str":"4816","indices":[94,98]}],"symbols":[]},"favorited":false,"retweeted":false,"possibly_sensitive":false,"filter_level":"low","lang":"en"},"quoted_status_permalink":{"url":"https://t.co/mE1rRnKf4p","expanded":"https://twitter.com/BadScooters/status/1083898127331995649","display":"twitter.com/BadScooters/st…"},"is_quote_status":true,"quote_count":0,"reply_count":0,"retweet_count":0,"favorite_count":0,"entities":{"hashtags":[],"urls":[],"user_mentions":[{"screen_name":"alexisohanian","name":"Alexis Ohanian Sr. 🚀","id":811350,"id_str":"811350","indices":[3,17]}],"symbols":[]},"favorited":false,"retweeted":false,"filter_level":"low","lang":"en","matching_rules":[{"tag":null}]}