{"created_at":"Wed Jan 09 22:31:28 +0000 2019","id":1083129155938648000,"id_str":"1083129155938648069","text":"Excelente negócio. A moda de 2019 envolve exatamente passar pano pra político e fingir moralismo com biblia. https://t.co/LTgb40Xm8O","display_text_range":[0,108],"source":"<a href=\"http://twitter.com\" rel=\"nofollow\">Twitter Web Client</a>","truncated":false,"in_reply_to_status_id":null,"in_reply_to_status_id_str":null,"in_reply_to_user_id":null,"in_reply_to_user_id_str":null,"in_reply_to_screen_name":null,"user":{"id":932675351913926700,"id_str":"932675351913926656","name":"Startupdareal","screen_name":"startupdareal","location":"San Francisco, CA","url":"https://medium.com/startup-da-real","description":"#1 lugar livro de empreendedorismo mais vendido na Amazon, com \"Este livro não vai te deixar rico\"","translator_type":"none","protected":false,"verified":false,"followers_count":25736,"friends_count":176,"listed_count":112,"favourites_count":20411,"statuses_count":17948,"created_at":"Mon Nov 20 18:21:46 +0000 2017","utc_offset":null,"time_zone":null,"geo_enabled":true,"lang":"en","contributors_enabled":false,"is_translator":false,"profile_background_color":"000000","profile_background_image_url":"http://abs.twimg.com/images/themes/theme1/bg.png","profile_background_image_url_https":"https://abs.twimg.com/images/themes/theme1/bg.png","profile_background_tile":false,"profile_link_color":"FAB81E","profile_sidebar_border_color":"000000","profile_sidebar_fill_color":"000000","profile_text_color":"000000","profile_use_background_image":false,"profile_image_url":"http://pbs.twimg.com/profile_images/932680310336180226/PXZJpu93_normal.jpg","profile_image_url_https":"https://pbs.twimg.com/profile_images/932680310336180226/PXZJpu93_normal.jpg","profile_banner_url":"https://pbs.twimg.com/profile_banners/932675351913926656/1511203272","default_profile":false,"default_profile_image":false,"following":null,"follow_request_sent":null,"notifications":null},"geo":null,"coordinates":null,"place":null,"contributors":null,"quoted_status_id":1083127476115648500,"quoted_status_id_str":"1083127476115648512","quoted_status":{"created_at":"Wed Jan 09 22:24:48 +0000 2019","id":1083127476115648500,"id_str":"1083127476115648512","text":"@startupdareal \nVender panos com frases bíblicas é um bom empreendimento para 2019?","source":"<a href=\"http://twitter.com/download/android\" rel=\"nofollow\">Twitter for Android</a>","truncated":false,"in_reply_to_status_id":null,"in_reply_to_status_id_str":null,"in_reply_to_user_id":932675351913926700,"in_reply_to_user_id_str":"932675351913926656","in_reply_to_screen_name":"startupdareal","user":{"id":4840559699,"id_str":"4840559699","name":"Lilão Martinez","screen_name":"underuus","location":null,"url":null,"description":"Winter is Coming...","translator_type":"none","protected":false,"verified":false,"followers_count":14,"friends_count":128,"listed_count":0,"favourites_count":1163,"statuses_count":419,"created_at":"Sun Jan 24 02:29:57 +0000 2016","utc_offset":null,"time_zone":null,"geo_enabled":false,"lang":"pt","contributors_enabled":false,"is_translator":false,"profile_background_color":"F5F8FA","profile_background_image_url":"","profile_background_image_url_https":"","profile_background_tile":false,"profile_link_color":"1DA1F2","profile_sidebar_border_color":"C0DEED","profile_sidebar_fill_color":"DDEEF6","profile_text_color":"333333","profile_use_background_image":true,"profile_image_url":"http://pbs.twimg.com/profile_images/1053439166451777536/KFbdXQs9_normal.jpg","profile_image_url_https":"https://pbs.twimg.com/profile_images/1053439166451777536/KFbdXQs9_normal.jpg","profile_banner_url":"https://pbs.twimg.com/profile_banners/4840559699/1544981535","default_profile":true,"default_profile_image":false,"following":null,"follow_request_sent":null,"notifications":null},"geo":null,"coordinates":null,"place":null,"contributors":null,"is_quote_status":false,"quote_count":0,"reply_count":1,"retweet_count":1,"favorite_count":6,"entities":{"hashtags":[],"urls":[],"user_mentions":[{"screen_name":"startupdareal","name":"Startupdareal","id":932675351913926700,"id_str":"932675351913926656","indices":[0,14]}],"symbols":[]},"favorited":false,"retweeted":false,"filter_level":"low","lang":"pt"},"quoted_status_permalink":{"url":"https://t.co/LTgb40Xm8O","expanded":"https://twitter.com/underuus/status/1083127476115648512","display":"twitter.com/underuus/statu…"},"is_quote_status":true,"quote_count":0,"reply_count":3,"retweet_count":33,"favorite_count":145,"entities":{"hashtags":[],"urls":[{"url":"https://t.co/LTgb40Xm8O","expanded_url":"https://twitter.com/underuus/status/1083127476115648512","display_url":"twitter.com/underuus/statu…","indices":[109,132]}],"user_mentions":[],"symbols":[]},"favorited":false,"retweeted":false,"possibly_sensitive":false,"filter_level":"low","lang":"pt","matching_rules":[{"tag":null}]}