{"created_at":"Wed Jan 09 19:06:07 +0000 2019","id":1083077477906436100,"id_str":"1083077477906436096","text":"RT @LucianoCastelo: @Felippe_Hermes @startupdareal Pode ser uma pergunta ruim, mas inócua ela não é, pois induz ao erro, e também induz a u…","source":"<a href=\"http://twitter.com\" rel=\"nofollow\">Twitter Web Client</a>","truncated":false,"in_reply_to_status_id":null,"in_reply_to_status_id_str":null,"in_reply_to_user_id":null,"in_reply_to_user_id_str":null,"in_reply_to_screen_name":null,"user":{"id":932675351913926700,"id_str":"932675351913926656","name":"Startupdareal","screen_name":"startupdareal","location":"San Francisco, CA","url":"https://medium.com/startup-da-real","description":"#1 lugar livro de empreendedorismo mais vendido na Amazon, com \"Este livro não vai te deixar rico\"","translator_type":"none","protected":false,"verified":false,"followers_count":25736,"friends_count":176,"listed_count":112,"favourites_count":20411,"statuses_count":17948,"created_at":"Mon Nov 20 18:21:46 +0000 2017","utc_offset":null,"time_zone":null,"geo_enabled":true,"lang":"en","contributors_enabled":false,"is_translator":false,"profile_background_color":"000000","profile_background_image_url":"http://abs.twimg.com/images/themes/theme1/bg.png","profile_background_image_url_https":"https://abs.twimg.com/images/themes/theme1/bg.png","profile_background_tile":false,"profile_link_color":"FAB81E","profile_sidebar_border_color":"000000","profile_sidebar_fill_color":"000000","profile_text_color":"000000","profile_use_background_image":false,"profile_image_url":"http://pbs.twimg.com/profile_images/932680310336180226/PXZJpu93_normal.jpg","profile_image_url_https":"https://pbs.twimg.com/profile_images/932680310336180226/PXZJpu93_normal.jpg","profile_banner_url":"https://pbs.twimg.com/profile_banners/932675351913926656/1511203272","default_profile":false,"default_profile_image":false,"following":null,"follow_request_sent":null,"notifications":null},"geo":null,"coordinates":null,"place":null,"contributors":null,"retweeted_status":{"created_at":"Wed Jan 09 19:03:45 +0000 2019","id":1083076879429615600,"id_str":"1083076879429615618","text":"@Felippe_Hermes @startupdareal Pode ser uma pergunta ruim, mas inócua ela não é, pois induz ao erro, e também induz… https://t.co/NGE6ciIFRv","display_text_range":[31,140],"source":"<a href=\"http://twitter.com/download/android\" rel=\"nofollow\">Twitter for Android</a>","truncated":true,"in_reply_to_status_id":1083074851471020000,"in_reply_to_status_id_str":"1083074851471020032","in_reply_to_user_id":2324619756,"in_reply_to_user_id_str":"2324619756","in_reply_to_screen_name":"Felippe_Hermes","user":{"id":75141320,"id_str":"75141320","name":"Luciano Castelo","screen_name":"LucianoCastelo","location":null,"url":null,"description":null,"translator_type":"none","protected":false,"verified":false,"followers_count":22,"friends_count":138,"listed_count":1,"favourites_count":847,"statuses_count":150,"created_at":"Thu Sep 17 23:05:23 +0000 2009","utc_offset":null,"time_zone":null,"geo_enabled":true,"lang":"pt","contributors_enabled":false,"is_translator":false,"profile_background_color":"C0DEED","profile_background_image_url":"http://abs.twimg.com/images/themes/theme1/bg.png","profile_background_image_url_https":"https://abs.twimg.com/images/themes/theme1/bg.png","profile_background_tile":false,"profile_link_color":"1DA1F2","profile_sidebar_border_color":"C0DEED","profile_sidebar_fill_color":"DDEEF6","profile_text_color":"333333","profile_use_background_image":true,"profile_image_url":"http://pbs.twimg.com/profile_images/1029526024298672128/HJ1Ia1JQ_normal.jpg","profile_image_url_https":"https://pbs.twimg.com/profile_images/1029526024298672128/HJ1Ia1JQ_normal.jpg","profile_banner_url":"https://pbs.twimg.com/profile_banners/75141320/1534293105","default_profile":true,"default_profile_image":false,"following":null,"follow_request_sent":null,"notifications":null},"geo":null,"coordinates":null,"place":null,"contributors":null,"is_quote_status":false,"extended_tweet":{"full_text":"@Felippe_Hermes @startupdareal Pode ser uma pergunta ruim, mas inócua ela não é, pois induz ao erro, e também induz a um viés de  confirmação....uma estratégia barata de convencimento....segundo, DA REAL, STARTUP 2018.","display_text_range":[31,218],"entities":{"hashtags":[],"urls":[],"user_mentions":[{"screen_name":"Felippe_Hermes","name":"Felippe Hermes","id":2324619756,"id_str":"2324619756","indices":[0,15]},{"screen_name":"startupdareal","name":"Startupdareal","id":932675351913926700,"id_str":"932675351913926656","indices":[16,30]}],"symbols":[]}},"quote_count":0,"reply_count":0,"retweet_count":2,"favorite_count":14,"entities":{"hashtags":[],"urls":[{"url":"https://t.co/NGE6ciIFRv","expanded_url":"https://twitter.com/i/web/status/1083076879429615618","display_url":"twitter.com/i/web/status/1…","indices":[117,140]}],"user_mentions":[{"screen_name":"Felippe_Hermes","name":"Felippe Hermes","id":2324619756,"id_str":"2324619756","indices":[0,15]},{"screen_name":"startupdareal","name":"Startupdareal","id":932675351913926700,"id_str":"932675351913926656","indices":[16,30]}],"symbols":[]},"favorited":false,"retweeted":false,"filter_level":"low","lang":"pt"},"is_quote_status":false,"quote_count":0,"reply_count":0,"retweet_count":0,"favorite_count":0,"entities":{"hashtags":[],"urls":[],"user_mentions":[{"screen_name":"LucianoCastelo","name":"Luciano Castelo","id":75141320,"id_str":"75141320","indices":[3,18]},{"screen_name":"Felippe_Hermes","name":"Felippe Hermes","id":2324619756,"id_str":"2324619756","indices":[20,35]},{"screen_name":"startupdareal","name":"Startupdareal","id":932675351913926700,"id_str":"932675351913926656","indices":[36,50]}],"symbols":[]},"favorited":false,"retweeted":false,"filter_level":"low","lang":"pt","matching_rules":[{"tag":null}]}