{"created_at":"Wed Jan 09 17:43:49 +0000 2019","id":1083056765242101800,"id_str":"1083056765242101761","text":"É por isso que eu falo. Pode se orgulhar de ter não ter feito faculdade e ter ficado rico. Mas a gap gigantesco de… https://t.co/uzxheG3bk0","display_text_range":[0,140],"source":"<a href=\"http://twitter.com\" rel=\"nofollow\">Twitter Web Client</a>","truncated":true,"in_reply_to_status_id":null,"in_reply_to_status_id_str":null,"in_reply_to_user_id":null,"in_reply_to_user_id_str":null,"in_reply_to_screen_name":null,"user":{"id":932675351913926700,"id_str":"932675351913926656","name":"Startupdareal","screen_name":"startupdareal","location":"San Francisco, CA","url":"https://medium.com/startup-da-real","description":"#1 lugar livro de empreendedorismo mais vendido na Amazon, com \"Este livro não vai te deixar rico\"","translator_type":"none","protected":false,"verified":false,"followers_count":25736,"friends_count":176,"listed_count":112,"favourites_count":20411,"statuses_count":17948,"created_at":"Mon Nov 20 18:21:46 +0000 2017","utc_offset":null,"time_zone":null,"geo_enabled":true,"lang":"en","contributors_enabled":false,"is_translator":false,"profile_background_color":"000000","profile_background_image_url":"http://abs.twimg.com/images/themes/theme1/bg.png","profile_background_image_url_https":"https://abs.twimg.com/images/themes/theme1/bg.png","profile_background_tile":false,"profile_link_color":"FAB81E","profile_sidebar_border_color":"000000","profile_sidebar_fill_color":"000000","profile_text_color":"000000","profile_use_background_image":false,"profile_image_url":"http://pbs.twimg.com/profile_images/932680310336180226/PXZJpu93_normal.jpg","profile_image_url_https":"https://pbs.twimg.com/profile_images/932680310336180226/PXZJpu93_normal.jpg","profile_banner_url":"https://pbs.twimg.com/profile_banners/932675351913926656/1511203272","default_profile":false,"default_profile_image":false,"following":null,"follow_request_sent":null,"notifications":null},"geo":null,"coordinates":null,"place":null,"contributors":null,"quoted_status_id":1083055557588574200,"quoted_status_id_str":"1083055557588574208","quoted_status":{"created_at":"Wed Jan 09 17:39:01 +0000 2019","id":1083055557588574200,"id_str":"1083055557588574208","text":"Ele é tão megalomaníaco q REALMENTE acredita q a base de seguidores dele no Twitter (390k) é representativa da real… https://t.co/n8Vlj8MALp","source":"<a href=\"https://about.twitter.com/products/tweetdeck\" rel=\"nofollow\">TweetDeck</a>","truncated":true,"in_reply_to_status_id":1083053671745708000,"in_reply_to_status_id_str":"1083053671745708032","in_reply_to_user_id":15172162,"in_reply_to_user_id_str":"15172162","in_reply_to_screen_name":"netomarin","user":{"id":15172162,"id_str":"15172162","name":"Neto Marin","screen_name":"netomarin","location":"Sunnyvale, CA, USA","url":"http://www.netomarin.io","description":"Actions on Google DevRel, aiming to help developers to create awesome Actions for Google Assistant. But first of all a passionate and dedicated dad and husband!","translator_type":"none","protected":false,"verified":false,"followers_count":4990,"friends_count":769,"listed_count":172,"favourites_count":4111,"statuses_count":28824,"created_at":"Thu Jun 19 18:59:09 +0000 2008","utc_offset":null,"time_zone":null,"geo_enabled":true,"lang":"en","contributors_enabled":false,"is_translator":false,"profile_background_color":"022330","profile_background_image_url":"http://abs.twimg.com/images/themes/theme15/bg.png","profile_background_image_url_https":"https://abs.twimg.com/images/themes/theme15/bg.png","profile_background_tile":false,"profile_link_color":"0084B4","profile_sidebar_border_color":"A8C7F7","profile_sidebar_fill_color":"C0DFEC","profile_text_color":"333333","profile_use_background_image":true,"profile_image_url":"http://pbs.twimg.com/profile_images/998649458194767875/qEq6c9TU_normal.jpg","profile_image_url_https":"https://pbs.twimg.com/profile_images/998649458194767875/qEq6c9TU_normal.jpg","profile_banner_url":"https://pbs.twimg.com/profile_banners/15172162/1526931946","default_profile":false,"default_profile_image":false,"following":null,"follow_request_sent":null,"notifications":null},"geo":null,"coordinates":null,"place":null,"contributors":null,"is_quote_status":false,"extended_tweet":{"full_text":"Ele é tão megalomaníaco q REALMENTE acredita q a base de seguidores dele no Twitter (390k) é representativa da realidade do país (210 mi), e q essa enquete tem de perto alguma validade comparada com a de institutos de pesquisa. Ele não cansa de passar vergonha. (@startupdareal)","display_text_range":[0,278],"entities":{"hashtags":[],"urls":[],"user_mentions":[{"screen_name":"startupdareal","name":"Startupdareal","id":932675351913926700,"id_str":"932675351913926656","indices":[263,277]}],"symbols":[]}},"quote_count":0,"reply_count":5,"retweet_count":4,"favorite_count":95,"entities":{"hashtags":[],"urls":[{"url":"https://t.co/n8Vlj8MALp","expanded_url":"https://twitter.com/i/web/status/1083055557588574208","display_url":"twitter.com/i/web/status/1…","indices":[117,140]}],"user_mentions":[],"symbols":[]},"favorited":false,"retweeted":false,"filter_level":"low","lang":"pt"},"quoted_status_permalink":{"url":"https://t.co/pNIm0WW7rh","expanded":"https://twitter.com/netomarin/status/1083055557588574208","display":"twitter.com/netomarin/stat…"},"is_quote_status":true,"extended_tweet":{"full_text":"É por isso que eu falo. Pode se orgulhar de ter não ter feito faculdade e ter ficado rico. Mas a gap gigantesco de conhecimento e senso crítico que essa experiência proporciona fica claro a todo instante. \n\nSe tivesse que fazer a análise estatística de um TCC pelo menos. https://t.co/pNIm0WW7rh","display_text_range":[0,271],"entities":{"hashtags":[],"urls":[{"url":"https://t.co/pNIm0WW7rh","expanded_url":"https://twitter.com/netomarin/status/1083055557588574208","display_url":"twitter.com/netomarin/stat…","indices":[272,295]}],"user_mentions":[],"symbols":[]}},"quote_count":0,"reply_count":15,"retweet_count":19,"favorite_count":173,"entities":{"hashtags":[],"urls":[{"url":"https://t.co/uzxheG3bk0","expanded_url":"https://twitter.com/i/web/status/1083056765242101761","display_url":"twitter.com/i/web/status/1…","indices":[116,139]}],"user_mentions":[],"symbols":[]},"favorited":false,"retweeted":false,"possibly_sensitive":false,"filter_level":"low","lang":"pt","matching_rules":[{"tag":null}]}