{"created_at":"Fri Jan 11 23:08:30 +0000 2019","id":1083863249664249900,"id_str":"1083863249664249857","text":"https://t.co/JHWNPQGnrK","display_text_range":[0,0],"source":"<a href=\"http://twitter.com/download/android\" rel=\"nofollow\">Twitter for Android</a>","truncated":false,"in_reply_to_status_id":null,"in_reply_to_status_id_str":null,"in_reply_to_user_id":null,"in_reply_to_user_id_str":null,"in_reply_to_screen_name":null,"user":{"id":572,"id_str":"572","name":"crisdias","screen_name":"crisdias","location":"São Paulo, Brasil","url":"http://www.boanoiteinternet.com.br/","description":"Um guerreirinho","translator_type":"none","protected":false,"verified":false,"followers_count":124070,"friends_count":895,"listed_count":1069,"favourites_count":34027,"statuses_count":59431,"created_at":"Thu Jul 13 00:33:22 +0000 2006","utc_offset":null,"time_zone":null,"geo_enabled":true,"lang":"pt","contributors_enabled":false,"is_translator":false,"profile_background_color":"FFFFFF","profile_background_image_url":"http://abs.twimg.com/images/themes/theme1/bg.png","profile_background_image_url_https":"https://abs.twimg.com/images/themes/theme1/bg.png","profile_background_tile":true,"profile_link_color":"447111","profile_sidebar_border_color":"FFFFFF","profile_sidebar_fill_color":"DADADA","profile_text_color":"000000","profile_use_background_image":true,"profile_image_url":"http://pbs.twimg.com/profile_images/1090569309120856065/UjDOB3rS_normal.jpg","profile_image_url_https":"https://pbs.twimg.com/profile_images/1090569309120856065/UjDOB3rS_normal.jpg","profile_banner_url":"https://pbs.twimg.com/profile_banners/572/1544732378","default_profile":false,"default_profile_image":false,"following":null,"follow_request_sent":null,"notifications":null},"geo":null,"coordinates":null,"place":null,"contributors":null,"is_quote_status":false,"quote_count":0,"reply_count":1,"retweet_count":1,"favorite_count":14,"entities":{"hashtags":[],"urls":[],"user_mentions":[],"symbols":[],"media":[{"id":1083863246338170900,"id_str":"1083863246338170880","indices":[0,23],"media_url":"http://pbs.twimg.com/media/Dwqn4UcWoAAoUbH.jpg","media_url_https":"https://pbs.twimg.com/media/Dwqn4UcWoAAoUbH.jpg","url":"https://t.co/JHWNPQGnrK","display_url":"pic.twitter.com/JHWNPQGnrK","expanded_url":"https://twitter.com/crisdias/status/1083863249664249857/photo/1","type":"photo","sizes":{"small":{"w":500,"h":500,"resize":"fit"},"large":{"w":500,"h":500,"resize":"fit"},"thumb":{"w":150,"h":150,"resize":"crop"},"medium":{"w":500,"h":500,"resize":"fit"}}}]},"extended_entities":{"media":[{"id":1083863246338170900,"id_str":"1083863246338170880","indices":[0,23],"media_url":"http://pbs.twimg.com/media/Dwqn4UcWoAAoUbH.jpg","media_url_https":"https://pbs.twimg.com/media/Dwqn4UcWoAAoUbH.jpg","url":"https://t.co/JHWNPQGnrK","display_url":"pic.twitter.com/JHWNPQGnrK","expanded_url":"https://twitter.com/crisdias/status/1083863249664249857/photo/1","type":"photo","sizes":{"small":{"w":500,"h":500,"resize":"fit"},"large":{"w":500,"h":500,"resize":"fit"},"thumb":{"w":150,"h":150,"resize":"crop"},"medium":{"w":500,"h":500,"resize":"fit"}}}]},"favorited":false,"retweeted":false,"possibly_sensitive":false,"filter_level":"low","lang":"und","matching_rules":[{"tag":null}]}