{"created_at":"Thu Jan 10 23:04:19 +0000 2019","id":1083499808789327900,"id_str":"1083499808789327872","text":"RT @ana_rute: Também quero brincar 🤓\n\n1 RT = 1 dica de git ou Github","source":"<a href=\"http://twitter.com\" rel=\"nofollow\">Twitter Web Client</a>","truncated":false,"in_reply_to_status_id":null,"in_reply_to_status_id_str":null,"in_reply_to_user_id":null,"in_reply_to_user_id_str":null,"in_reply_to_screen_name":null,"user":{"id":932675351913926700,"id_str":"932675351913926656","name":"Startupdareal","screen_name":"startupdareal","location":"San Francisco, CA","url":"https://medium.com/startup-da-real","description":"#1 lugar livro de empreendedorismo mais vendido na Amazon, com \"Este livro não vai te deixar rico\"","translator_type":"none","protected":false,"verified":false,"followers_count":25736,"friends_count":176,"listed_count":112,"favourites_count":20411,"statuses_count":17948,"created_at":"Mon Nov 20 18:21:46 +0000 2017","utc_offset":null,"time_zone":null,"geo_enabled":true,"lang":"en","contributors_enabled":false,"is_translator":false,"profile_background_color":"000000","profile_background_image_url":"http://abs.twimg.com/images/themes/theme1/bg.png","profile_background_image_url_https":"https://abs.twimg.com/images/themes/theme1/bg.png","profile_background_tile":false,"profile_link_color":"FAB81E","profile_sidebar_border_color":"000000","profile_sidebar_fill_color":"000000","profile_text_color":"000000","profile_use_background_image":false,"profile_image_url":"http://pbs.twimg.com/profile_images/932680310336180226/PXZJpu93_normal.jpg","profile_image_url_https":"https://pbs.twimg.com/profile_images/932680310336180226/PXZJpu93_normal.jpg","profile_banner_url":"https://pbs.twimg.com/profile_banners/932675351913926656/1511203272","default_profile":false,"default_profile_image":false,"following":null,"follow_request_sent":null,"notifications":null},"geo":null,"coordinates":null,"place":null,"contributors":null,"retweeted_status":{"created_at":"Thu Jan 10 13:17:25 +0000 2019","id":1083352112371765200,"id_str":"1083352112371765248","text":"Também quero brincar 🤓\n\n1 RT = 1 dica de git ou Github","source":"<a href=\"https://mobile.twitter.com\" rel=\"nofollow\">Twitter Web App</a>","truncated":false,"in_reply_to_status_id":null,"in_reply_to_status_id_str":null,"in_reply_to_user_id":null,"in_reply_to_user_id_str":null,"in_reply_to_screen_name":null,"user":{"id":16390463,"id_str":"16390463","name":"Ana Roots‏ 🤙","screen_name":"ana_rute","location":"São Paulo, Brasil","url":"http://anarute.com","description":"Web developer at @Collabora, former @outreachy intern at Mozilla 🐧Opinions are my own. ela/she/her 🇧🇷🏳️‍🌈👭🐈🐈","translator_type":"regular","protected":false,"verified":false,"followers_count":1223,"friends_count":675,"listed_count":24,"favourites_count":2513,"statuses_count":2574,"created_at":"Sun Sep 21 13:13:47 +0000 2008","utc_offset":null,"time_zone":null,"geo_enabled":true,"lang":"pt","contributors_enabled":false,"is_translator":false,"profile_background_color":"FFFFFF","profile_background_image_url":"http://abs.twimg.com/images/themes/theme7/bg.gif","profile_background_image_url_https":"https://abs.twimg.com/images/themes/theme7/bg.gif","profile_background_tile":false,"profile_link_color":"56008F","profile_sidebar_border_color":"FFFFFF","profile_sidebar_fill_color":"CFCDB6","profile_text_color":"800000","profile_use_background_image":true,"profile_image_url":"http://pbs.twimg.com/profile_images/841361010699206657/opAga4rq_normal.jpg","profile_image_url_https":"https://pbs.twimg.com/profile_images/841361010699206657/opAga4rq_normal.jpg","profile_banner_url":"https://pbs.twimg.com/profile_banners/16390463/1542822075","default_profile":false,"default_profile_image":false,"following":null,"follow_request_sent":null,"notifications":null},"geo":null,"coordinates":null,"place":null,"contributors":null,"is_quote_status":false,"quote_count":0,"reply_count":28,"retweet_count":324,"favorite_count":824,"entities":{"hashtags":[],"urls":[],"user_mentions":[],"symbols":[]},"favorited":false,"retweeted":false,"filter_level":"low","lang":"pt"},"is_quote_status":false,"quote_count":0,"reply_count":0,"retweet_count":0,"favorite_count":0,"entities":{"hashtags":[],"urls":[],"user_mentions":[{"screen_name":"ana_rute","name":"Ana Roots‏ 🤙","id":16390463,"id_str":"16390463","indices":[3,12]}],"symbols":[]},"favorited":false,"retweeted":false,"filter_level":"low","lang":"pt","matching_rules":[{"tag":null}]}