{"created_at":"Wed Jan 09 17:09:47 +0000 2019","id":1083048198183243800,"id_str":"1083048198183243776","text":"RT @homembarata: Então começa a pagar mal todo mundo q trabalha no governo, mas coloca um PS4 no congresso e faz happy hour toda semana pra…","source":"<a href=\"http://twitter.com\" rel=\"nofollow\">Twitter Web Client</a>","truncated":false,"in_reply_to_status_id":null,"in_reply_to_status_id_str":null,"in_reply_to_user_id":null,"in_reply_to_user_id_str":null,"in_reply_to_screen_name":null,"user":{"id":932675351913926700,"id_str":"932675351913926656","name":"Startupdareal","screen_name":"startupdareal","location":"San Francisco, CA","url":"https://medium.com/startup-da-real","description":"#1 lugar livro de empreendedorismo mais vendido na Amazon, com \"Este livro não vai te deixar rico\"","translator_type":"none","protected":false,"verified":false,"followers_count":25736,"friends_count":176,"listed_count":112,"favourites_count":20411,"statuses_count":17948,"created_at":"Mon Nov 20 18:21:46 +0000 2017","utc_offset":null,"time_zone":null,"geo_enabled":true,"lang":"en","contributors_enabled":false,"is_translator":false,"profile_background_color":"000000","profile_background_image_url":"http://abs.twimg.com/images/themes/theme1/bg.png","profile_background_image_url_https":"https://abs.twimg.com/images/themes/theme1/bg.png","profile_background_tile":false,"profile_link_color":"FAB81E","profile_sidebar_border_color":"000000","profile_sidebar_fill_color":"000000","profile_text_color":"000000","profile_use_background_image":false,"profile_image_url":"http://pbs.twimg.com/profile_images/932680310336180226/PXZJpu93_normal.jpg","profile_image_url_https":"https://pbs.twimg.com/profile_images/932680310336180226/PXZJpu93_normal.jpg","profile_banner_url":"https://pbs.twimg.com/profile_banners/932675351913926656/1511203272","default_profile":false,"default_profile_image":false,"following":null,"follow_request_sent":null,"notifications":null},"geo":null,"coordinates":null,"place":null,"contributors":null,"retweeted_status":{"created_at":"Wed Jan 09 11:21:50 +0000 2019","id":1082960636387225600,"id_str":"1082960636387225600","text":"Então começa a pagar mal todo mundo q trabalha no governo, mas coloca um PS4 no congresso e faz happy hour toda sem… https://t.co/1QOJHm3rPt","display_text_range":[0,140],"source":"<a href=\"https://about.twitter.com/products/tweetdeck\" rel=\"nofollow\">TweetDeck</a>","truncated":true,"in_reply_to_status_id":null,"in_reply_to_status_id_str":null,"in_reply_to_user_id":null,"in_reply_to_user_id_str":null,"in_reply_to_screen_name":null,"user":{"id":34124493,"id_str":"34124493","name":"Tuba","screen_name":"homembarata","location":"Baratacaverna","url":"http://www.fishpersonshooter.com","description":"Criador do Homem Barata, programador, GAMESFODA e capitão pirata segundo dizem. Trabalhando no http://fishpersonshooter.com. Also in english at @TubaZef.","translator_type":"none","protected":false,"verified":false,"followers_count":2385,"friends_count":988,"listed_count":138,"favourites_count":26427,"statuses_count":80896,"created_at":"Wed Apr 22 01:16:09 +0000 2009","utc_offset":null,"time_zone":null,"geo_enabled":true,"lang":"pt","contributors_enabled":false,"is_translator":false,"profile_background_color":"000066","profile_background_image_url":"http://abs.twimg.com/images/themes/theme6/bg.gif","profile_background_image_url_https":"https://abs.twimg.com/images/themes/theme6/bg.gif","profile_background_tile":false,"profile_link_color":"FF3300","profile_sidebar_border_color":"86A4A6","profile_sidebar_fill_color":"A0C5C7","profile_text_color":"333333","profile_use_background_image":true,"profile_image_url":"http://pbs.twimg.com/profile_images/1080526378896896000/NwQ0IsSz_normal.jpg","profile_image_url_https":"https://pbs.twimg.com/profile_images/1080526378896896000/NwQ0IsSz_normal.jpg","profile_banner_url":"https://pbs.twimg.com/profile_banners/34124493/1498055277","default_profile":false,"default_profile_image":false,"following":null,"follow_request_sent":null,"notifications":null},"geo":null,"coordinates":null,"place":null,"contributors":null,"quoted_status_id":1082940185858527200,"quoted_status_id_str":"1082940185858527232","quoted_status":{"created_at":"Wed Jan 09 10:00:35 +0000 2019","id":1082940185858527200,"id_str":"1082940185858527232","text":"Para Cosentino, da Totvs, governo deve pensar como startup https://t.co/HJmDjMnc7K","source":"<a href=\"http://www.valor.com.br\" rel=\"nofollow\">Valor Online</a>","truncated":false,"in_reply_to_status_id":null,"in_reply_to_status_id_str":null,"in_reply_to_user_id":null,"in_reply_to_user_id_str":null,"in_reply_to_screen_name":null,"user":{"id":32529120,"id_str":"32529120","name":"Valor Econômico","screen_name":"valoreconomico","location":"Brasil","url":"http://www.valor.com.br","description":"A mais completa e admirada cobertura de economia, negócios e finanças. Notícias que geram negócios.","translator_type":"none","protected":false,"verified":true,"followers_count":2103648,"friends_count":131,"listed_count":5977,"favourites_count":0,"statuses_count":129350,"created_at":"Fri Apr 17 19:16:16 +0000 2009","utc_offset":null,"time_zone":null,"geo_enabled":false,"lang":"pt","contributors_enabled":false,"is_translator":false,"profile_background_color":"038C8E","profile_background_image_url":"http://abs.twimg.com/images/themes/theme1/bg.png","profile_background_image_url_https":"https://abs.twimg.com/images/themes/theme1/bg.png","profile_background_tile":false,"profile_link_color":"038C8E","profile_sidebar_border_color":"BDDCAD","profile_sidebar_fill_color":"F6FEFE","profile_text_color":"333333","profile_use_background_image":true,"profile_image_url":"http://pbs.twimg.com/profile_images/808404276158545920/_IIpS4I2_normal.jpg","profile_image_url_https":"https://pbs.twimg.com/profile_images/808404276158545920/_IIpS4I2_normal.jpg","profile_banner_url":"https://pbs.twimg.com/profile_banners/32529120/1476886249","default_profile":false,"default_profile_image":false,"following":null,"follow_request_sent":null,"notifications":null},"geo":null,"coordinates":null,"place":null,"contributors":null,"is_quote_status":false,"quote_count":0,"reply_count":12,"retweet_count":1,"favorite_count":20,"entities":{"hashtags":[],"urls":[{"url":"https://t.co/HJmDjMnc7K","expanded_url":"https://www.valor.com.br/u/6056027","display_url":"valor.com.br/u/6056027","indices":[59,82]}],"user_mentions":[],"symbols":[]},"favorited":false,"retweeted":false,"possibly_sensitive":false,"filter_level":"low","lang":"pt"},"quoted_status_permalink":{"url":"https://t.co/QdKuicGJec","expanded":"https://twitter.com/valoreconomico/status/1082940185858527232","display":"twitter.com/valoreconomico…"},"is_quote_status":true,"extended_tweet":{"full_text":"Então começa a pagar mal todo mundo q trabalha no governo, mas coloca um PS4 no congresso e faz happy hour toda semana pra compensar https://t.co/QdKuicGJec","display_text_range":[0,132],"entities":{"hashtags":[],"urls":[{"url":"https://t.co/QdKuicGJec","expanded_url":"https://twitter.com/valoreconomico/status/1082940185858527232","display_url":"twitter.com/valoreconomico…","indices":[133,156]}],"user_mentions":[],"symbols":[]}},"quote_count":0,"reply_count":5,"retweet_count":212,"favorite_count":594,"entities":{"hashtags":[],"urls":[{"url":"https://t.co/1QOJHm3rPt","expanded_url":"https://twitter.com/i/web/status/1082960636387225600","display_url":"twitter.com/i/web/status/1…","indices":[117,140]}],"user_mentions":[],"symbols":[]},"favorited":false,"retweeted":false,"possibly_sensitive":false,"filter_level":"low","lang":"pt"},"quoted_status_id":1082940185858527200,"quoted_status_id_str":"1082940185858527232","quoted_status":{"created_at":"Wed Jan 09 10:00:35 +0000 2019","id":1082940185858527200,"id_str":"1082940185858527232","text":"Para Cosentino, da Totvs, governo deve pensar como startup https://t.co/HJmDjMnc7K","source":"<a href=\"http://www.valor.com.br\" rel=\"nofollow\">Valor Online</a>","truncated":false,"in_reply_to_status_id":null,"in_reply_to_status_id_str":null,"in_reply_to_user_id":null,"in_reply_to_user_id_str":null,"in_reply_to_screen_name":null,"user":{"id":32529120,"id_str":"32529120","name":"Valor Econômico","screen_name":"valoreconomico","location":"Brasil","url":"http://www.valor.com.br","description":"A mais completa e admirada cobertura de economia, negócios e finanças. Notícias que geram negócios.","translator_type":"none","protected":false,"verified":true,"followers_count":2103648,"friends_count":131,"listed_count":5977,"favourites_count":0,"statuses_count":129350,"created_at":"Fri Apr 17 19:16:16 +0000 2009","utc_offset":null,"time_zone":null,"geo_enabled":false,"lang":"pt","contributors_enabled":false,"is_translator":false,"profile_background_color":"038C8E","profile_background_image_url":"http://abs.twimg.com/images/themes/theme1/bg.png","profile_background_image_url_https":"https://abs.twimg.com/images/themes/theme1/bg.png","profile_background_tile":false,"profile_link_color":"038C8E","profile_sidebar_border_color":"BDDCAD","profile_sidebar_fill_color":"F6FEFE","profile_text_color":"333333","profile_use_background_image":true,"profile_image_url":"http://pbs.twimg.com/profile_images/808404276158545920/_IIpS4I2_normal.jpg","profile_image_url_https":"https://pbs.twimg.com/profile_images/808404276158545920/_IIpS4I2_normal.jpg","profile_banner_url":"https://pbs.twimg.com/profile_banners/32529120/1476886249","default_profile":false,"default_profile_image":false,"following":null,"follow_request_sent":null,"notifications":null},"geo":null,"coordinates":null,"place":null,"contributors":null,"is_quote_status":false,"quote_count":0,"reply_count":12,"retweet_count":1,"favorite_count":20,"entities":{"hashtags":[],"urls":[{"url":"https://t.co/HJmDjMnc7K","expanded_url":"https://www.valor.com.br/u/6056027","display_url":"valor.com.br/u/6056027","indices":[59,82]}],"user_mentions":[],"symbols":[]},"favorited":false,"retweeted":false,"possibly_sensitive":false,"filter_level":"low","lang":"pt"},"quoted_status_permalink":{"url":"https://t.co/QdKuicGJec","expanded":"https://twitter.com/valoreconomico/status/1082940185858527232","display":"twitter.com/valoreconomico…"},"is_quote_status":true,"quote_count":0,"reply_count":0,"retweet_count":0,"favorite_count":0,"entities":{"hashtags":[],"urls":[],"user_mentions":[{"screen_name":"homembarata","name":"Tuba","id":34124493,"id_str":"34124493","indices":[3,15]}],"symbols":[]},"favorited":false,"retweeted":false,"filter_level":"low","lang":"pt","matching_rules":[{"tag":null}]}