{"created_at":"Wed Jan 09 16:34:02 +0000 2019","id":1083039203825455100,"id_str":"1083039203825455104","text":"RT @marcosmbfreitas: @keerolz @startupdareal @brains9 Tem esse vídeo ótimo da Vox também sobre o assunto, explicando como o conceito nasceu…","source":"<a href=\"http://twitter.com\" rel=\"nofollow\">Twitter Web Client</a>","truncated":false,"in_reply_to_status_id":null,"in_reply_to_status_id_str":null,"in_reply_to_user_id":null,"in_reply_to_user_id_str":null,"in_reply_to_screen_name":null,"user":{"id":932675351913926700,"id_str":"932675351913926656","name":"Startupdareal","screen_name":"startupdareal","location":"San Francisco, CA","url":"https://medium.com/startup-da-real","description":"#1 lugar livro de empreendedorismo mais vendido na Amazon, com \"Este livro não vai te deixar rico\"","translator_type":"none","protected":false,"verified":false,"followers_count":25736,"friends_count":176,"listed_count":112,"favourites_count":20411,"statuses_count":17948,"created_at":"Mon Nov 20 18:21:46 +0000 2017","utc_offset":null,"time_zone":null,"geo_enabled":true,"lang":"en","contributors_enabled":false,"is_translator":false,"profile_background_color":"000000","profile_background_image_url":"http://abs.twimg.com/images/themes/theme1/bg.png","profile_background_image_url_https":"https://abs.twimg.com/images/themes/theme1/bg.png","profile_background_tile":false,"profile_link_color":"FAB81E","profile_sidebar_border_color":"000000","profile_sidebar_fill_color":"000000","profile_text_color":"000000","profile_use_background_image":false,"profile_image_url":"http://pbs.twimg.com/profile_images/932680310336180226/PXZJpu93_normal.jpg","profile_image_url_https":"https://pbs.twimg.com/profile_images/932680310336180226/PXZJpu93_normal.jpg","profile_banner_url":"https://pbs.twimg.com/profile_banners/932675351913926656/1511203272","default_profile":false,"default_profile_image":false,"following":null,"follow_request_sent":null,"notifications":null},"geo":null,"coordinates":null,"place":null,"contributors":null,"retweeted_status":{"created_at":"Wed Jan 09 16:28:17 +0000 2019","id":1083037754152403000,"id_str":"1083037754152402945","text":"@keerolz @startupdareal @brains9 Tem esse vídeo ótimo da Vox também sobre o assunto, explicando como o conceito nas… https://t.co/rNqdsFxAXh","display_text_range":[33,140],"source":"<a href=\"http://twitter.com\" rel=\"nofollow\">Twitter Web Client</a>","truncated":true,"in_reply_to_status_id":1083030302795227100,"in_reply_to_status_id_str":"1083030302795227136","in_reply_to_user_id":37823373,"in_reply_to_user_id_str":"37823373","in_reply_to_screen_name":"keerolz","user":{"id":19319161,"id_str":"19319161","name":"Marcos Freitas","screen_name":"marcosmbfreitas","location":"São Paulo","url":null,"description":"Staaaay fresh!","translator_type":"none","protected":false,"verified":false,"followers_count":147,"friends_count":452,"listed_count":7,"favourites_count":443,"statuses_count":6545,"created_at":"Thu Jan 22 01:26:00 +0000 2009","utc_offset":null,"time_zone":null,"geo_enabled":true,"lang":"pt","contributors_enabled":false,"is_translator":false,"profile_background_color":"000000","profile_background_image_url":"http://abs.twimg.com/images/themes/theme14/bg.gif","profile_background_image_url_https":"https://abs.twimg.com/images/themes/theme14/bg.gif","profile_background_tile":true,"profile_link_color":"ABB8C2","profile_sidebar_border_color":"204207","profile_sidebar_fill_color":"060A00","profile_text_color":"485C3A","profile_use_background_image":true,"profile_image_url":"http://pbs.twimg.com/profile_images/726047895040962560/hm0g2wlm_normal.jpg","profile_image_url_https":"https://pbs.twimg.com/profile_images/726047895040962560/hm0g2wlm_normal.jpg","profile_banner_url":"https://pbs.twimg.com/profile_banners/19319161/1497556820","default_profile":false,"default_profile_image":false,"following":null,"follow_request_sent":null,"notifications":null},"geo":null,"coordinates":null,"place":null,"contributors":null,"is_quote_status":false,"extended_tweet":{"full_text":"@keerolz @startupdareal @brains9 Tem esse vídeo ótimo da Vox também sobre o assunto, explicando como o conceito nasceu e foi sendo desconfigurado da ideia original, até chegar no desastre que é hoje: https://t.co/SvK05zo3zx","display_text_range":[33,223],"entities":{"hashtags":[],"urls":[{"url":"https://t.co/SvK05zo3zx","expanded_url":"https://www.youtube.com/watch?v=-p6WWRarjNs","display_url":"youtube.com/watch?v=-p6WWR…","indices":[200,223]}],"user_mentions":[{"screen_name":"keerolz","name":"Carol Silva","id":37823373,"id_str":"37823373","indices":[0,8]},{"screen_name":"startupdareal","name":"Startupdareal","id":932675351913926700,"id_str":"932675351913926656","indices":[9,23]},{"screen_name":"brains9","name":"B9","id":148854179,"id_str":"148854179","indices":[24,32]}],"symbols":[]}},"quote_count":0,"reply_count":1,"retweet_count":2,"favorite_count":15,"entities":{"hashtags":[],"urls":[{"url":"https://t.co/rNqdsFxAXh","expanded_url":"https://twitter.com/i/web/status/1083037754152402945","display_url":"twitter.com/i/web/status/1…","indices":[117,140]}],"user_mentions":[{"screen_name":"keerolz","name":"Carol Silva","id":37823373,"id_str":"37823373","indices":[0,8]},{"screen_name":"startupdareal","name":"Startupdareal","id":932675351913926700,"id_str":"932675351913926656","indices":[9,23]},{"screen_name":"brains9","name":"B9","id":148854179,"id_str":"148854179","indices":[24,32]}],"symbols":[]},"favorited":false,"retweeted":false,"possibly_sensitive":false,"filter_level":"low","lang":"pt"},"is_quote_status":false,"quote_count":0,"reply_count":0,"retweet_count":0,"favorite_count":0,"entities":{"hashtags":[],"urls":[],"user_mentions":[{"screen_name":"marcosmbfreitas","name":"Marcos Freitas","id":19319161,"id_str":"19319161","indices":[3,19]},{"screen_name":"keerolz","name":"Carol Silva","id":37823373,"id_str":"37823373","indices":[21,29]},{"screen_name":"startupdareal","name":"Startupdareal","id":932675351913926700,"id_str":"932675351913926656","indices":[30,44]},{"screen_name":"brains9","name":"B9","id":148854179,"id_str":"148854179","indices":[45,53]}],"symbols":[]},"favorited":false,"retweeted":false,"filter_level":"low","lang":"pt","matching_rules":[{"tag":null}]}