{"created_at":"Fri Jan 11 23:12:26 +0000 2019","id":1083864240325304300,"id_str":"1083864240325304330","text":"@markomello @Rattes00 @lhygino @cmerigo @alexandremaron Gente, cumbuca é tão 2017...","display_text_range":[56,84],"source":"<a href=\"http://twitter.com/download/android\" rel=\"nofollow\">Twitter for Android</a>","truncated":false,"in_reply_to_status_id":1083863819707994100,"in_reply_to_status_id_str":"1083863819707994113","in_reply_to_user_id":14663913,"in_reply_to_user_id_str":"14663913","in_reply_to_screen_name":"markomello","user":{"id":572,"id_str":"572","name":"crisdias","screen_name":"crisdias","location":"São Paulo, Brasil","url":"http://www.boanoiteinternet.com.br/","description":"Um guerreirinho","translator_type":"none","protected":false,"verified":false,"followers_count":124070,"friends_count":895,"listed_count":1069,"favourites_count":34027,"statuses_count":59431,"created_at":"Thu Jul 13 00:33:22 +0000 2006","utc_offset":null,"time_zone":null,"geo_enabled":true,"lang":"pt","contributors_enabled":false,"is_translator":false,"profile_background_color":"FFFFFF","profile_background_image_url":"http://abs.twimg.com/images/themes/theme1/bg.png","profile_background_image_url_https":"https://abs.twimg.com/images/themes/theme1/bg.png","profile_background_tile":true,"profile_link_color":"447111","profile_sidebar_border_color":"FFFFFF","profile_sidebar_fill_color":"DADADA","profile_text_color":"000000","profile_use_background_image":true,"profile_image_url":"http://pbs.twimg.com/profile_images/1090569309120856065/UjDOB3rS_normal.jpg","profile_image_url_https":"https://pbs.twimg.com/profile_images/1090569309120856065/UjDOB3rS_normal.jpg","profile_banner_url":"https://pbs.twimg.com/profile_banners/572/1544732378","default_profile":false,"default_profile_image":false,"following":null,"follow_request_sent":null,"notifications":null},"geo":null,"coordinates":null,"place":null,"contributors":null,"is_quote_status":false,"quote_count":0,"reply_count":1,"retweet_count":0,"favorite_count":2,"entities":{"hashtags":[],"urls":[],"user_mentions":[{"screen_name":"markomello","name":"marko mello","id":14663913,"id_str":"14663913","indices":[0,11]},{"screen_name":"Rattes00","name":"Jovem Quadro Comunista Soviético","id":65942359,"id_str":"65942359","indices":[12,21]},{"screen_name":"lhygino","name":"Luiz Hygino","id":66592860,"id_str":"66592860","indices":[22,30]},{"screen_name":"cmerigo","name":"Carlos Merigo","id":6506272,"id_str":"6506272","indices":[31,39]},{"screen_name":"alexandremaron","name":"Alexandre Maron","id":7363022,"id_str":"7363022","indices":[40,55]}],"symbols":[]},"favorited":false,"retweeted":false,"filter_level":"low","lang":"pt","matching_rules":[{"tag":null}]}