{"created_at":"Wed Jan 09 16:59:18 +0000 2019","id":1083045562813988900,"id_str":"1083045562813988871","text":"Objetivo do Elon Musk é fazer um mundo paralelo para os ricos nunca precisarem conviver com gente pobre. https://t.co/Py4bFlHCud","display_text_range":[0,104],"source":"<a href=\"http://twitter.com\" rel=\"nofollow\">Twitter Web Client</a>","truncated":false,"in_reply_to_status_id":null,"in_reply_to_status_id_str":null,"in_reply_to_user_id":null,"in_reply_to_user_id_str":null,"in_reply_to_screen_name":null,"user":{"id":932675351913926700,"id_str":"932675351913926656","name":"Startupdareal","screen_name":"startupdareal","location":"San Francisco, CA","url":"https://medium.com/startup-da-real","description":"#1 lugar livro de empreendedorismo mais vendido na Amazon, com \"Este livro não vai te deixar rico\"","translator_type":"none","protected":false,"verified":false,"followers_count":25736,"friends_count":176,"listed_count":112,"favourites_count":20411,"statuses_count":17948,"created_at":"Mon Nov 20 18:21:46 +0000 2017","utc_offset":null,"time_zone":null,"geo_enabled":true,"lang":"en","contributors_enabled":false,"is_translator":false,"profile_background_color":"000000","profile_background_image_url":"http://abs.twimg.com/images/themes/theme1/bg.png","profile_background_image_url_https":"https://abs.twimg.com/images/themes/theme1/bg.png","profile_background_tile":false,"profile_link_color":"FAB81E","profile_sidebar_border_color":"000000","profile_sidebar_fill_color":"000000","profile_text_color":"000000","profile_use_background_image":false,"profile_image_url":"http://pbs.twimg.com/profile_images/932680310336180226/PXZJpu93_normal.jpg","profile_image_url_https":"https://pbs.twimg.com/profile_images/932680310336180226/PXZJpu93_normal.jpg","profile_banner_url":"https://pbs.twimg.com/profile_banners/932675351913926656/1511203272","default_profile":false,"default_profile_image":false,"following":null,"follow_request_sent":null,"notifications":null},"geo":null,"coordinates":null,"place":null,"contributors":null,"quoted_status_id":1082770421139816400,"quoted_status_id_str":"1082770421139816449","quoted_status":{"created_at":"Tue Jan 08 22:45:59 +0000 2019","id":1082770421139816400,"id_str":"1082770421139816449","text":"Elon Musk continues to find inventive and expensive new ways to avoid travelling with poor people. https://t.co/n0IviKpje2","display_text_range":[0,98],"source":"<a href=\"http://twitter.com/download/android\" rel=\"nofollow\">Twitter for Android</a>","truncated":false,"in_reply_to_status_id":null,"in_reply_to_status_id_str":null,"in_reply_to_user_id":null,"in_reply_to_user_id_str":null,"in_reply_to_screen_name":null,"user":{"id":21862223,"id_str":"21862223","name":"Jonn Elledge","screen_name":"JonnElledge","location":"somewhere in east London","url":"https://itunes.apple.com/gb/podcast/skylines/id1081841156?mt=2","description":"Assistant editor @NewStatesman, in charge of the website & @CityMetric. Host of the Skylines podcast. Can differentiate a toy from reality c68% of the time.","translator_type":"none","protected":false,"verified":true,"followers_count":27917,"friends_count":4075,"listed_count":514,"favourites_count":10497,"statuses_count":130778,"created_at":"Wed Feb 25 12:58:56 +0000 2009","utc_offset":null,"time_zone":null,"geo_enabled":false,"lang":"en","contributors_enabled":false,"is_translator":false,"profile_background_color":"000000","profile_background_image_url":"http://abs.twimg.com/images/themes/theme1/bg.png","profile_background_image_url_https":"https://abs.twimg.com/images/themes/theme1/bg.png","profile_background_tile":false,"profile_link_color":"981CEB","profile_sidebar_border_color":"000000","profile_sidebar_fill_color":"000000","profile_text_color":"000000","profile_use_background_image":false,"profile_image_url":"http://pbs.twimg.com/profile_images/794006422405218304/U4wv_wCI_normal.jpg","profile_image_url_https":"https://pbs.twimg.com/profile_images/794006422405218304/U4wv_wCI_normal.jpg","profile_banner_url":"https://pbs.twimg.com/profile_banners/21862223/1540314011","default_profile":false,"default_profile_image":false,"following":null,"follow_request_sent":null,"notifications":null},"geo":null,"coordinates":null,"place":null,"contributors":null,"quoted_status_id":1082434944582979600,"quoted_status_id_str":"1082434944582979586","is_quote_status":true,"quote_count":0,"reply_count":8,"retweet_count":83,"favorite_count":203,"entities":{"hashtags":[],"urls":[{"url":"https://t.co/n0IviKpje2","expanded_url":"https://twitter.com/gin_and_tacos/status/1082434944582979586","display_url":"twitter.com/gin_and_tacos/…","indices":[99,122]}],"user_mentions":[],"symbols":[]},"favorited":false,"retweeted":false,"possibly_sensitive":false,"filter_level":"low","lang":"en"},"quoted_status_permalink":{"url":"https://t.co/Py4bFlHCud","expanded":"https://twitter.com/JonnElledge/status/1082770421139816449","display":"twitter.com/JonnElledge/st…"},"is_quote_status":true,"quote_count":0,"reply_count":6,"retweet_count":25,"favorite_count":137,"entities":{"hashtags":[],"urls":[{"url":"https://t.co/Py4bFlHCud","expanded_url":"https://twitter.com/JonnElledge/status/1082770421139816449","display_url":"twitter.com/JonnElledge/st…","indices":[105,128]}],"user_mentions":[],"symbols":[]},"favorited":false,"retweeted":false,"possibly_sensitive":false,"filter_level":"low","lang":"pt","matching_rules":[{"tag":null}]}