{"created_at":"Thu Jan 10 13:04:35 +0000 2019","id":1083348879058161700,"id_str":"1083348879058161664","text":"RT @fthiagogv: Como não planejar uma vida de sucesso by @startupdareal https://t.co/MmCjy9FsaO","source":"<a href=\"http://twitter.com\" rel=\"nofollow\">Twitter Web Client</a>","truncated":false,"in_reply_to_status_id":null,"in_reply_to_status_id_str":null,"in_reply_to_user_id":null,"in_reply_to_user_id_str":null,"in_reply_to_screen_name":null,"user":{"id":932675351913926700,"id_str":"932675351913926656","name":"Startupdareal","screen_name":"startupdareal","location":"San Francisco, CA","url":"https://medium.com/startup-da-real","description":"#1 lugar livro de empreendedorismo mais vendido na Amazon, com \"Este livro não vai te deixar rico\"","translator_type":"none","protected":false,"verified":false,"followers_count":25736,"friends_count":176,"listed_count":112,"favourites_count":20411,"statuses_count":17948,"created_at":"Mon Nov 20 18:21:46 +0000 2017","utc_offset":null,"time_zone":null,"geo_enabled":true,"lang":"en","contributors_enabled":false,"is_translator":false,"profile_background_color":"000000","profile_background_image_url":"http://abs.twimg.com/images/themes/theme1/bg.png","profile_background_image_url_https":"https://abs.twimg.com/images/themes/theme1/bg.png","profile_background_tile":false,"profile_link_color":"FAB81E","profile_sidebar_border_color":"000000","profile_sidebar_fill_color":"000000","profile_text_color":"000000","profile_use_background_image":false,"profile_image_url":"http://pbs.twimg.com/profile_images/932680310336180226/PXZJpu93_normal.jpg","profile_image_url_https":"https://pbs.twimg.com/profile_images/932680310336180226/PXZJpu93_normal.jpg","profile_banner_url":"https://pbs.twimg.com/profile_banners/932675351913926656/1511203272","default_profile":false,"default_profile_image":false,"following":null,"follow_request_sent":null,"notifications":null},"geo":null,"coordinates":null,"place":null,"contributors":null,"retweeted_status":{"created_at":"Thu Jan 10 13:00:33 +0000 2019","id":1083347865571864600,"id_str":"1083347865571864576","text":"Como não planejar uma vida de sucesso by @startupdareal https://t.co/MmCjy9FsaO","source":"<a href=\"http://twitter.com\" rel=\"nofollow\">Twitter Web Client</a>","truncated":false,"in_reply_to_status_id":null,"in_reply_to_status_id_str":null,"in_reply_to_user_id":null,"in_reply_to_user_id_str":null,"in_reply_to_screen_name":null,"user":{"id":3151663383,"id_str":"3151663383","name":"Thiago, Chicão","screen_name":"fthiagogv","location":"Fortaleza, Brasil","url":"http://thiichico.github.io","description":"Master degree student, thinking about self-adaptive microservices. Full stack developer, playing with @vuejs, @official_php and @CouchDB most of the time.","translator_type":"none","protected":false,"verified":false,"followers_count":75,"friends_count":677,"listed_count":5,"favourites_count":208,"statuses_count":1062,"created_at":"Thu Apr 09 13:55:28 +0000 2015","utc_offset":null,"time_zone":null,"geo_enabled":false,"lang":"en","contributors_enabled":false,"is_translator":false,"profile_background_color":"131516","profile_background_image_url":"http://abs.twimg.com/images/themes/theme14/bg.gif","profile_background_image_url_https":"https://abs.twimg.com/images/themes/theme14/bg.gif","profile_background_tile":true,"profile_link_color":"19CF86","profile_sidebar_border_color":"000000","profile_sidebar_fill_color":"000000","profile_text_color":"000000","profile_use_background_image":true,"profile_image_url":"http://pbs.twimg.com/profile_images/1061766356780101632/lfHIfbzH_normal.jpg","profile_image_url_https":"https://pbs.twimg.com/profile_images/1061766356780101632/lfHIfbzH_normal.jpg","profile_banner_url":"https://pbs.twimg.com/profile_banners/3151663383/1541990508","default_profile":false,"default_profile_image":false,"following":null,"follow_request_sent":null,"notifications":null},"geo":null,"coordinates":null,"place":null,"contributors":null,"is_quote_status":false,"quote_count":0,"reply_count":0,"retweet_count":5,"favorite_count":18,"entities":{"hashtags":[],"urls":[{"url":"https://t.co/MmCjy9FsaO","expanded_url":"https://link.medium.com/zxEGnN4DmT","display_url":"link.medium.com/zxEGnN4DmT","indices":[56,79]}],"user_mentions":[{"screen_name":"startupdareal","name":"Startupdareal","id":932675351913926700,"id_str":"932675351913926656","indices":[41,55]}],"symbols":[]},"favorited":false,"retweeted":false,"possibly_sensitive":false,"filter_level":"low","lang":"pt"},"is_quote_status":false,"quote_count":0,"reply_count":0,"retweet_count":0,"favorite_count":0,"entities":{"hashtags":[],"urls":[{"url":"https://t.co/MmCjy9FsaO","expanded_url":"https://link.medium.com/zxEGnN4DmT","display_url":"link.medium.com/zxEGnN4DmT","indices":[71,94]}],"user_mentions":[{"screen_name":"fthiagogv","name":"Thiago, Chicão","id":3151663383,"id_str":"3151663383","indices":[3,13]},{"screen_name":"startupdareal","name":"Startupdareal","id":932675351913926700,"id_str":"932675351913926656","indices":[56,70]}],"symbols":[]},"favorited":false,"retweeted":false,"possibly_sensitive":false,"filter_level":"low","lang":"pt","matching_rules":[{"tag":null}]}