{"created_at":"Fri Jan 11 12:57:01 +0000 2019","id":1083709366237311000,"id_str":"1083709366237310977","text":"RT @lhygino: https://t.co/0urChhKgZG","source":"<a href=\"http://twitter.com/download/android\" rel=\"nofollow\">Twitter for Android</a>","truncated":false,"in_reply_to_status_id":null,"in_reply_to_status_id_str":null,"in_reply_to_user_id":null,"in_reply_to_user_id_str":null,"in_reply_to_screen_name":null,"user":{"id":572,"id_str":"572","name":"crisdias","screen_name":"crisdias","location":"São Paulo, Brasil","url":"http://www.boanoiteinternet.com.br/","description":"Um guerreirinho","translator_type":"none","protected":false,"verified":false,"followers_count":124070,"friends_count":895,"listed_count":1069,"favourites_count":34027,"statuses_count":59431,"created_at":"Thu Jul 13 00:33:22 +0000 2006","utc_offset":null,"time_zone":null,"geo_enabled":true,"lang":"pt","contributors_enabled":false,"is_translator":false,"profile_background_color":"FFFFFF","profile_background_image_url":"http://abs.twimg.com/images/themes/theme1/bg.png","profile_background_image_url_https":"https://abs.twimg.com/images/themes/theme1/bg.png","profile_background_tile":true,"profile_link_color":"447111","profile_sidebar_border_color":"FFFFFF","profile_sidebar_fill_color":"DADADA","profile_text_color":"000000","profile_use_background_image":true,"profile_image_url":"http://pbs.twimg.com/profile_images/1090569309120856065/UjDOB3rS_normal.jpg","profile_image_url_https":"https://pbs.twimg.com/profile_images/1090569309120856065/UjDOB3rS_normal.jpg","profile_banner_url":"https://pbs.twimg.com/profile_banners/572/1544732378","default_profile":false,"default_profile_image":false,"following":null,"follow_request_sent":null,"notifications":null},"geo":null,"coordinates":null,"place":null,"contributors":null,"retweeted_status":{"created_at":"Fri Jan 11 12:56:54 +0000 2019","id":1083709336382263300,"id_str":"1083709336382263296","text":"https://t.co/0urChhKgZG","display_text_range":[0,0],"source":"<a href=\"http://twitter.com\" rel=\"nofollow\">Twitter Web Client</a>","truncated":false,"in_reply_to_status_id":null,"in_reply_to_status_id_str":null,"in_reply_to_user_id":null,"in_reply_to_user_id_str":null,"in_reply_to_screen_name":null,"user":{"id":66592860,"id_str":"66592860","name":"Luiz Hygino","screen_name":"lhygino","location":"Santos - São Paulo","url":"http://www.coronelpacheco.com","description":"Jovem.","translator_type":"none","protected":false,"verified":true,"followers_count":14798,"friends_count":301,"listed_count":155,"favourites_count":9387,"statuses_count":13256,"created_at":"Tue Aug 18 04:15:14 +0000 2009","utc_offset":null,"time_zone":null,"geo_enabled":true,"lang":"pt","contributors_enabled":false,"is_translator":false,"profile_background_color":"0C5182","profile_background_image_url":"http://abs.twimg.com/images/themes/theme1/bg.png","profile_background_image_url_https":"https://abs.twimg.com/images/themes/theme1/bg.png","profile_background_tile":true,"profile_link_color":"0044FF","profile_sidebar_border_color":"BDDCAD","profile_sidebar_fill_color":"FFE600","profile_text_color":"333333","profile_use_background_image":true,"profile_image_url":"http://pbs.twimg.com/profile_images/648981885998206976/pmnCo8_8_normal.png","profile_image_url_https":"https://pbs.twimg.com/profile_images/648981885998206976/pmnCo8_8_normal.png","profile_banner_url":"https://pbs.twimg.com/profile_banners/66592860/1443192957","default_profile":false,"default_profile_image":false,"following":null,"follow_request_sent":null,"notifications":null},"geo":null,"coordinates":null,"place":null,"contributors":null,"is_quote_status":false,"quote_count":0,"reply_count":32,"retweet_count":3183,"favorite_count":8562,"entities":{"hashtags":[],"urls":[],"user_mentions":[],"symbols":[],"media":[{"id":1083709092986789900,"id_str":"1083709092986789890","indices":[0,23],"media_url":"http://pbs.twimg.com/media/DwobradWoAIt7Ir.jpg","media_url_https":"https://pbs.twimg.com/media/DwobradWoAIt7Ir.jpg","url":"https://t.co/0urChhKgZG","display_url":"pic.twitter.com/0urChhKgZG","expanded_url":"https://twitter.com/lhygino/status/1083709336382263296/photo/1","type":"photo","sizes":{"thumb":{"w":150,"h":150,"resize":"crop"},"medium":{"w":815,"h":648,"resize":"fit"},"large":{"w":815,"h":648,"resize":"fit"},"small":{"w":680,"h":541,"resize":"fit"}}}]},"extended_entities":{"media":[{"id":1083709092986789900,"id_str":"1083709092986789890","indices":[0,23],"media_url":"http://pbs.twimg.com/media/DwobradWoAIt7Ir.jpg","media_url_https":"https://pbs.twimg.com/media/DwobradWoAIt7Ir.jpg","url":"https://t.co/0urChhKgZG","display_url":"pic.twitter.com/0urChhKgZG","expanded_url":"https://twitter.com/lhygino/status/1083709336382263296/photo/1","type":"photo","sizes":{"thumb":{"w":150,"h":150,"resize":"crop"},"medium":{"w":815,"h":648,"resize":"fit"},"large":{"w":815,"h":648,"resize":"fit"},"small":{"w":680,"h":541,"resize":"fit"}}}]},"favorited":false,"retweeted":false,"possibly_sensitive":false,"filter_level":"low","lang":"und"},"is_quote_status":false,"quote_count":0,"reply_count":0,"retweet_count":0,"favorite_count":0,"entities":{"hashtags":[],"urls":[],"user_mentions":[{"screen_name":"lhygino","name":"Luiz Hygino","id":66592860,"id_str":"66592860","indices":[3,11]}],"symbols":[],"media":[{"id":1083709092986789900,"id_str":"1083709092986789890","indices":[13,36],"media_url":"http://pbs.twimg.com/media/DwobradWoAIt7Ir.jpg","media_url_https":"https://pbs.twimg.com/media/DwobradWoAIt7Ir.jpg","url":"https://t.co/0urChhKgZG","display_url":"pic.twitter.com/0urChhKgZG","expanded_url":"https://twitter.com/lhygino/status/1083709336382263296/photo/1","type":"photo","sizes":{"thumb":{"w":150,"h":150,"resize":"crop"},"medium":{"w":815,"h":648,"resize":"fit"},"large":{"w":815,"h":648,"resize":"fit"},"small":{"w":680,"h":541,"resize":"fit"}},"source_status_id":1083709336382263300,"source_status_id_str":"1083709336382263296","source_user_id":66592860,"source_user_id_str":"66592860"}]},"extended_entities":{"media":[{"id":1083709092986789900,"id_str":"1083709092986789890","indices":[13,36],"media_url":"http://pbs.twimg.com/media/DwobradWoAIt7Ir.jpg","media_url_https":"https://pbs.twimg.com/media/DwobradWoAIt7Ir.jpg","url":"https://t.co/0urChhKgZG","display_url":"pic.twitter.com/0urChhKgZG","expanded_url":"https://twitter.com/lhygino/status/1083709336382263296/photo/1","type":"photo","sizes":{"thumb":{"w":150,"h":150,"resize":"crop"},"medium":{"w":815,"h":648,"resize":"fit"},"large":{"w":815,"h":648,"resize":"fit"},"small":{"w":680,"h":541,"resize":"fit"}},"source_status_id":1083709336382263300,"source_status_id_str":"1083709336382263296","source_user_id":66592860,"source_user_id_str":"66592860"}]},"favorited":false,"retweeted":false,"possibly_sensitive":false,"filter_level":"low","lang":"und","matching_rules":[{"tag":null}]}