{"created_at":"Thu Jan 10 12:58:59 +0000 2019","id":1083347472292941800,"id_str":"1083347472292941825","text":"Do jeito que tá, é capaz do governo mandar devolver os escravos https://t.co/ad5643H7Q2","display_text_range":[0,63],"source":"<a href=\"http://twitter.com\" rel=\"nofollow\">Twitter Web Client</a>","truncated":false,"in_reply_to_status_id":null,"in_reply_to_status_id_str":null,"in_reply_to_user_id":null,"in_reply_to_user_id_str":null,"in_reply_to_screen_name":null,"user":{"id":932675351913926700,"id_str":"932675351913926656","name":"Startupdareal","screen_name":"startupdareal","location":"San Francisco, CA","url":"https://medium.com/startup-da-real","description":"#1 lugar livro de empreendedorismo mais vendido na Amazon, com \"Este livro não vai te deixar rico\"","translator_type":"none","protected":false,"verified":false,"followers_count":25736,"friends_count":176,"listed_count":112,"favourites_count":20411,"statuses_count":17948,"created_at":"Mon Nov 20 18:21:46 +0000 2017","utc_offset":null,"time_zone":null,"geo_enabled":true,"lang":"en","contributors_enabled":false,"is_translator":false,"profile_background_color":"000000","profile_background_image_url":"http://abs.twimg.com/images/themes/theme1/bg.png","profile_background_image_url_https":"https://abs.twimg.com/images/themes/theme1/bg.png","profile_background_tile":false,"profile_link_color":"FAB81E","profile_sidebar_border_color":"000000","profile_sidebar_fill_color":"000000","profile_text_color":"000000","profile_use_background_image":false,"profile_image_url":"http://pbs.twimg.com/profile_images/932680310336180226/PXZJpu93_normal.jpg","profile_image_url_https":"https://pbs.twimg.com/profile_images/932680310336180226/PXZJpu93_normal.jpg","profile_banner_url":"https://pbs.twimg.com/profile_banners/932675351913926656/1511203272","default_profile":false,"default_profile_image":false,"following":null,"follow_request_sent":null,"notifications":null},"geo":null,"coordinates":null,"place":null,"contributors":null,"quoted_status_id":1083345622529380400,"quoted_status_id_str":"1083345622529380352","quoted_status":{"created_at":"Thu Jan 10 12:51:38 +0000 2019","id":1083345622529380400,"id_str":"1083345622529380352","text":"@startupdareal que tal enfraquecer ainda mais o MPT e a CLT em favor do livre mercado, afinal ele se regulamenta so… https://t.co/Mk8ukVsts0","display_text_range":[0,140],"source":"<a href=\"http://twitter.com/download/android\" rel=\"nofollow\">Twitter for Android</a>","truncated":true,"in_reply_to_status_id":null,"in_reply_to_status_id_str":null,"in_reply_to_user_id":932675351913926700,"in_reply_to_user_id_str":"932675351913926656","in_reply_to_screen_name":"startupdareal","user":{"id":604611074,"id_str":"604611074","name":"Juliano de Barcellos","screen_name":"jdbarcellos","location":"Maringá, Brasil","url":null,"description":"Trabalho com informática desde os 15 anos, e sou apaixonado por tecnologia.","translator_type":"none","protected":false,"verified":false,"followers_count":589,"friends_count":241,"listed_count":0,"favourites_count":100,"statuses_count":1390,"created_at":"Sun Jun 10 15:42:36 +0000 2012","utc_offset":null,"time_zone":null,"geo_enabled":false,"lang":"pt","contributors_enabled":false,"is_translator":false,"profile_background_color":"000000","profile_background_image_url":"http://abs.twimg.com/images/themes/theme1/bg.png","profile_background_image_url_https":"https://abs.twimg.com/images/themes/theme1/bg.png","profile_background_tile":false,"profile_link_color":"1B95E0","profile_sidebar_border_color":"000000","profile_sidebar_fill_color":"000000","profile_text_color":"000000","profile_use_background_image":false,"profile_image_url":"http://pbs.twimg.com/profile_images/621985922226253824/xQ6FlIP6_normal.jpg","profile_image_url_https":"https://pbs.twimg.com/profile_images/621985922226253824/xQ6FlIP6_normal.jpg","profile_banner_url":"https://pbs.twimg.com/profile_banners/604611074/1520553972","default_profile":false,"default_profile_image":false,"following":null,"follow_request_sent":null,"notifications":null},"geo":null,"coordinates":null,"place":null,"contributors":null,"is_quote_status":false,"extended_tweet":{"full_text":"@startupdareal que tal enfraquecer ainda mais o MPT e a CLT em favor do livre mercado, afinal ele se regulamenta sozinho... https://t.co/GhwEdA17pQ","display_text_range":[0,123],"entities":{"hashtags":[],"urls":[],"user_mentions":[{"screen_name":"startupdareal","name":"Startupdareal","id":932675351913926700,"id_str":"932675351913926656","indices":[0,14]}],"symbols":[],"media":[{"id":1083345615805993000,"id_str":"1083345615805992960","indices":[124,147],"media_url":"http://pbs.twimg.com/media/DwjRGQcX0AAqEDX.jpg","media_url_https":"https://pbs.twimg.com/media/DwjRGQcX0AAqEDX.jpg","url":"https://t.co/GhwEdA17pQ","display_url":"pic.twitter.com/GhwEdA17pQ","expanded_url":"https://twitter.com/jdbarcellos/status/1083345622529380352/photo/1","type":"photo","sizes":{"thumb":{"w":150,"h":150,"resize":"crop"},"large":{"w":846,"h":876,"resize":"fit"},"medium":{"w":846,"h":876,"resize":"fit"},"small":{"w":657,"h":680,"resize":"fit"}}}]},"extended_entities":{"media":[{"id":1083345615805993000,"id_str":"1083345615805992960","indices":[124,147],"media_url":"http://pbs.twimg.com/media/DwjRGQcX0AAqEDX.jpg","media_url_https":"https://pbs.twimg.com/media/DwjRGQcX0AAqEDX.jpg","url":"https://t.co/GhwEdA17pQ","display_url":"pic.twitter.com/GhwEdA17pQ","expanded_url":"https://twitter.com/jdbarcellos/status/1083345622529380352/photo/1","type":"photo","sizes":{"thumb":{"w":150,"h":150,"resize":"crop"},"large":{"w":846,"h":876,"resize":"fit"},"medium":{"w":846,"h":876,"resize":"fit"},"small":{"w":657,"h":680,"resize":"fit"}}}]}},"quote_count":0,"reply_count":1,"retweet_count":2,"favorite_count":8,"entities":{"hashtags":[],"urls":[{"url":"https://t.co/Mk8ukVsts0","expanded_url":"https://twitter.com/i/web/status/1083345622529380352","display_url":"twitter.com/i/web/status/1…","indices":[117,140]}],"user_mentions":[{"screen_name":"startupdareal","name":"Startupdareal","id":932675351913926700,"id_str":"932675351913926656","indices":[0,14]}],"symbols":[]},"favorited":false,"retweeted":false,"possibly_sensitive":false,"filter_level":"low","lang":"pt"},"quoted_status_permalink":{"url":"https://t.co/ad5643H7Q2","expanded":"https://twitter.com/jdbarcellos/status/1083345622529380352","display":"twitter.com/jdbarcellos/st…"},"is_quote_status":true,"quote_count":0,"reply_count":1,"retweet_count":4,"favorite_count":39,"entities":{"hashtags":[],"urls":[{"url":"https://t.co/ad5643H7Q2","expanded_url":"https://twitter.com/jdbarcellos/status/1083345622529380352","display_url":"twitter.com/jdbarcellos/st…","indices":[64,87]}],"user_mentions":[],"symbols":[]},"favorited":false,"retweeted":false,"possibly_sensitive":false,"filter_level":"low","lang":"pt","matching_rules":[{"tag":null}]}