{"created_at":"Fri Jan 11 13:09:57 +0000 2019","id":1083712619712794600,"id_str":"1083712619712794630","text":"@guerrapedro Diga lá, Tino!","display_text_range":[13,27],"source":"<a href=\"http://twitter.com\" rel=\"nofollow\">Twitter Web Client</a>","truncated":false,"in_reply_to_status_id":1083712353332592600,"in_reply_to_status_id_str":"1083712353332592643","in_reply_to_user_id":49087689,"in_reply_to_user_id_str":"49087689","in_reply_to_screen_name":"guerrapedro","user":{"id":572,"id_str":"572","name":"crisdias","screen_name":"crisdias","location":"São Paulo, Brasil","url":"http://www.boanoiteinternet.com.br/","description":"Um guerreirinho","translator_type":"none","protected":false,"verified":false,"followers_count":124070,"friends_count":895,"listed_count":1069,"favourites_count":34027,"statuses_count":59431,"created_at":"Thu Jul 13 00:33:22 +0000 2006","utc_offset":null,"time_zone":null,"geo_enabled":true,"lang":"pt","contributors_enabled":false,"is_translator":false,"profile_background_color":"FFFFFF","profile_background_image_url":"http://abs.twimg.com/images/themes/theme1/bg.png","profile_background_image_url_https":"https://abs.twimg.com/images/themes/theme1/bg.png","profile_background_tile":true,"profile_link_color":"447111","profile_sidebar_border_color":"FFFFFF","profile_sidebar_fill_color":"DADADA","profile_text_color":"000000","profile_use_background_image":true,"profile_image_url":"http://pbs.twimg.com/profile_images/1090569309120856065/UjDOB3rS_normal.jpg","profile_image_url_https":"https://pbs.twimg.com/profile_images/1090569309120856065/UjDOB3rS_normal.jpg","profile_banner_url":"https://pbs.twimg.com/profile_banners/572/1544732378","default_profile":false,"default_profile_image":false,"following":null,"follow_request_sent":null,"notifications":null},"geo":null,"coordinates":null,"place":null,"contributors":null,"is_quote_status":false,"quote_count":0,"reply_count":2,"retweet_count":0,"favorite_count":5,"entities":{"hashtags":[],"urls":[],"user_mentions":[{"screen_name":"guerrapedro","name":"Pedro Guerra","id":49087689,"id_str":"49087689","indices":[0,12]}],"symbols":[]},"favorited":false,"retweeted":false,"filter_level":"low","lang":"pt","matching_rules":[{"tag":null}]}