{"created_at":"Thu Jan 10 04:07:43 +0000 2019","id":1083213775283605500,"id_str":"1083213775283605504","text":"RT @vgr: This is actually a very good visual summary of @FukuyamaFrancis End of History thesis. We’re all NPCs now. https://t.co/R0k1IuYfhu","source":"<a href=\"http://twitter.com/download/iphone\" rel=\"nofollow\">Twitter for iPhone</a>","truncated":false,"in_reply_to_status_id":null,"in_reply_to_status_id_str":null,"in_reply_to_user_id":null,"in_reply_to_user_id_str":null,"in_reply_to_screen_name":null,"user":{"id":932675351913926700,"id_str":"932675351913926656","name":"Startupdareal","screen_name":"startupdareal","location":"San Francisco, CA","url":"https://medium.com/startup-da-real","description":"#1 lugar livro de empreendedorismo mais vendido na Amazon, com \"Este livro não vai te deixar rico\"","translator_type":"none","protected":false,"verified":false,"followers_count":25736,"friends_count":176,"listed_count":112,"favourites_count":20411,"statuses_count":17948,"created_at":"Mon Nov 20 18:21:46 +0000 2017","utc_offset":null,"time_zone":null,"geo_enabled":true,"lang":"en","contributors_enabled":false,"is_translator":false,"profile_background_color":"000000","profile_background_image_url":"http://abs.twimg.com/images/themes/theme1/bg.png","profile_background_image_url_https":"https://abs.twimg.com/images/themes/theme1/bg.png","profile_background_tile":false,"profile_link_color":"FAB81E","profile_sidebar_border_color":"000000","profile_sidebar_fill_color":"000000","profile_text_color":"000000","profile_use_background_image":false,"profile_image_url":"http://pbs.twimg.com/profile_images/932680310336180226/PXZJpu93_normal.jpg","profile_image_url_https":"https://pbs.twimg.com/profile_images/932680310336180226/PXZJpu93_normal.jpg","profile_banner_url":"https://pbs.twimg.com/profile_banners/932675351913926656/1511203272","default_profile":false,"default_profile_image":false,"following":null,"follow_request_sent":null,"notifications":null},"geo":null,"coordinates":null,"place":null,"contributors":null,"retweeted_status":{"created_at":"Thu Jan 10 03:46:49 +0000 2019","id":1083208512350482400,"id_str":"1083208512350482435","text":"This is actually a very good visual summary of @FukuyamaFrancis End of History thesis. We’re all NPCs now. https://t.co/R0k1IuYfhu","display_text_range":[0,106],"source":"<a href=\"http://twitter.com/#!/download/ipad\" rel=\"nofollow\">Twitter for iPad</a>","truncated":false,"in_reply_to_status_id":null,"in_reply_to_status_id_str":null,"in_reply_to_user_id":null,"in_reply_to_user_id_str":null,"in_reply_to_screen_name":null,"user":{"id":8500962,"id_str":"8500962","name":"Venkatesh Rao","screen_name":"vgr","location":"Seattle, WA","url":"http://venkateshrao.com/","description":"RTs not fact-checked or sanity-checked. Premium mediocre cryptoquack. 我很高兴认识你 Owner: http://ribbonfarm.com and http://breakingsmart.com","translator_type":"none","protected":false,"verified":false,"followers_count":21575,"friends_count":825,"listed_count":913,"favourites_count":38281,"statuses_count":74564,"created_at":"Wed Aug 29 02:23:32 +0000 2007","utc_offset":null,"time_zone":null,"geo_enabled":false,"lang":"en","contributors_enabled":false,"is_translator":false,"profile_background_color":"9AE4E8","profile_background_image_url":"http://abs.twimg.com/images/themes/theme1/bg.png","profile_background_image_url_https":"https://abs.twimg.com/images/themes/theme1/bg.png","profile_background_tile":true,"profile_link_color":"0000FF","profile_sidebar_border_color":"87BC44","profile_sidebar_fill_color":"E9EFD7","profile_text_color":"000000","profile_use_background_image":false,"profile_image_url":"http://pbs.twimg.com/profile_images/1085766602157547521/pIgqwBJu_normal.jpg","profile_image_url_https":"https://pbs.twimg.com/profile_images/1085766602157547521/pIgqwBJu_normal.jpg","profile_banner_url":"https://pbs.twimg.com/profile_banners/8500962/1439420739","default_profile":false,"default_profile_image":false,"following":null,"follow_request_sent":null,"notifications":null},"geo":null,"coordinates":null,"place":null,"contributors":null,"quoted_status_id":1083195053508579300,"quoted_status_id_str":"1083195053508579328","quoted_status":{"created_at":"Thu Jan 10 02:53:20 +0000 2019","id":1083195053508579300,"id_str":"1083195053508579328","text":"https://t.co/VsjMBGe7jh","display_text_range":[0,0],"source":"<a href=\"http://twitter.com/download/android\" rel=\"nofollow\">Twitter for Android</a>","truncated":false,"in_reply_to_status_id":null,"in_reply_to_status_id_str":null,"in_reply_to_user_id":null,"in_reply_to_user_id_str":null,"in_reply_to_screen_name":null,"user":{"id":265481588,"id_str":"265481588","name":"Alex \"Boreal\" Forrest 🚉","screen_name":"380kmh","location":"Pioneer Valley","url":"https://www.patreon.com/380kmh","description":"#TrainTwitter - trains & train stations - passionate opinions on public transit & civic design - transit bureacrat, but all views here are my own","translator_type":"none","protected":false,"verified":false,"followers_count":9429,"friends_count":996,"listed_count":263,"favourites_count":328731,"statuses_count":154229,"created_at":"Sun Mar 13 16:25:04 +0000 2011","utc_offset":null,"time_zone":null,"geo_enabled":true,"lang":"en","contributors_enabled":false,"is_translator":false,"profile_background_color":"000000","profile_background_image_url":"http://abs.twimg.com/images/themes/theme1/bg.png","profile_background_image_url_https":"https://abs.twimg.com/images/themes/theme1/bg.png","profile_background_tile":false,"profile_link_color":"1D6300","profile_sidebar_border_color":"000000","profile_sidebar_fill_color":"000000","profile_text_color":"000000","profile_use_background_image":false,"profile_image_url":"http://pbs.twimg.com/profile_images/1082021613602832385/-q9SZgs3_normal.jpg","profile_image_url_https":"https://pbs.twimg.com/profile_images/1082021613602832385/-q9SZgs3_normal.jpg","profile_banner_url":"https://pbs.twimg.com/profile_banners/265481588/1541073350","default_profile":false,"default_profile_image":false,"following":null,"follow_request_sent":null,"notifications":null},"geo":null,"coordinates":null,"place":null,"contributors":null,"is_quote_status":false,"quote_count":0,"reply_count":34,"retweet_count":366,"favorite_count":1310,"entities":{"hashtags":[],"urls":[],"user_mentions":[],"symbols":[],"media":[{"id":1083195047628193800,"id_str":"1083195047628193792","indices":[0,23],"media_url":"http://pbs.twimg.com/media/DwhIKCRXQAASDgK.jpg","media_url_https":"https://pbs.twimg.com/media/DwhIKCRXQAASDgK.jpg","url":"https://t.co/VsjMBGe7jh","display_url":"pic.twitter.com/VsjMBGe7jh","expanded_url":"https://twitter.com/380kmh/status/1083195053508579328/photo/1","type":"photo","sizes":{"thumb":{"w":150,"h":150,"resize":"crop"},"medium":{"w":720,"h":720,"resize":"fit"},"large":{"w":720,"h":720,"resize":"fit"},"small":{"w":680,"h":680,"resize":"fit"}}}]},"extended_entities":{"media":[{"id":1083195047628193800,"id_str":"1083195047628193792","indices":[0,23],"media_url":"http://pbs.twimg.com/media/DwhIKCRXQAASDgK.jpg","media_url_https":"https://pbs.twimg.com/media/DwhIKCRXQAASDgK.jpg","url":"https://t.co/VsjMBGe7jh","display_url":"pic.twitter.com/VsjMBGe7jh","expanded_url":"https://twitter.com/380kmh/status/1083195053508579328/photo/1","type":"photo","sizes":{"thumb":{"w":150,"h":150,"resize":"crop"},"medium":{"w":720,"h":720,"resize":"fit"},"large":{"w":720,"h":720,"resize":"fit"},"small":{"w":680,"h":680,"resize":"fit"}}}]},"favorited":false,"retweeted":false,"possibly_sensitive":false,"filter_level":"low","lang":"und"},"quoted_status_permalink":{"url":"https://t.co/R0k1IuYfhu","expanded":"https://twitter.com/380kmh/status/1083195053508579328","display":"twitter.com/380kmh/status/…"},"is_quote_status":true,"quote_count":0,"reply_count":1,"retweet_count":13,"favorite_count":43,"entities":{"hashtags":[],"urls":[{"url":"https://t.co/R0k1IuYfhu","expanded_url":"https://twitter.com/380kmh/status/1083195053508579328","display_url":"twitter.com/380kmh/status/…","indices":[107,130]}],"user_mentions":[{"screen_name":"FukuyamaFrancis","name":"Francis Fukuyama","id":430250670,"id_str":"430250670","indices":[47,63]}],"symbols":[]},"favorited":false,"retweeted":false,"possibly_sensitive":false,"filter_level":"low","lang":"en"},"quoted_status_id":1083195053508579300,"quoted_status_id_str":"1083195053508579328","quoted_status":{"created_at":"Thu Jan 10 02:53:20 +0000 2019","id":1083195053508579300,"id_str":"1083195053508579328","text":"https://t.co/VsjMBGe7jh","display_text_range":[0,0],"source":"<a href=\"http://twitter.com/download/android\" rel=\"nofollow\">Twitter for Android</a>","truncated":false,"in_reply_to_status_id":null,"in_reply_to_status_id_str":null,"in_reply_to_user_id":null,"in_reply_to_user_id_str":null,"in_reply_to_screen_name":null,"user":{"id":265481588,"id_str":"265481588","name":"Alex \"Boreal\" Forrest 🚉","screen_name":"380kmh","location":"Pioneer Valley","url":"https://www.patreon.com/380kmh","description":"#TrainTwitter - trains & train stations - passionate opinions on public transit & civic design - transit bureacrat, but all views here are my own","translator_type":"none","protected":false,"verified":false,"followers_count":9429,"friends_count":996,"listed_count":263,"favourites_count":328731,"statuses_count":154229,"created_at":"Sun Mar 13 16:25:04 +0000 2011","utc_offset":null,"time_zone":null,"geo_enabled":true,"lang":"en","contributors_enabled":false,"is_translator":false,"profile_background_color":"000000","profile_background_image_url":"http://abs.twimg.com/images/themes/theme1/bg.png","profile_background_image_url_https":"https://abs.twimg.com/images/themes/theme1/bg.png","profile_background_tile":false,"profile_link_color":"1D6300","profile_sidebar_border_color":"000000","profile_sidebar_fill_color":"000000","profile_text_color":"000000","profile_use_background_image":false,"profile_image_url":"http://pbs.twimg.com/profile_images/1082021613602832385/-q9SZgs3_normal.jpg","profile_image_url_https":"https://pbs.twimg.com/profile_images/1082021613602832385/-q9SZgs3_normal.jpg","profile_banner_url":"https://pbs.twimg.com/profile_banners/265481588/1541073350","default_profile":false,"default_profile_image":false,"following":null,"follow_request_sent":null,"notifications":null},"geo":null,"coordinates":null,"place":null,"contributors":null,"is_quote_status":false,"quote_count":0,"reply_count":34,"retweet_count":366,"favorite_count":1310,"entities":{"hashtags":[],"urls":[],"user_mentions":[],"symbols":[],"media":[{"id":1083195047628193800,"id_str":"1083195047628193792","indices":[0,23],"media_url":"http://pbs.twimg.com/media/DwhIKCRXQAASDgK.jpg","media_url_https":"https://pbs.twimg.com/media/DwhIKCRXQAASDgK.jpg","url":"https://t.co/VsjMBGe7jh","display_url":"pic.twitter.com/VsjMBGe7jh","expanded_url":"https://twitter.com/380kmh/status/1083195053508579328/photo/1","type":"photo","sizes":{"thumb":{"w":150,"h":150,"resize":"crop"},"medium":{"w":720,"h":720,"resize":"fit"},"large":{"w":720,"h":720,"resize":"fit"},"small":{"w":680,"h":680,"resize":"fit"}}}]},"extended_entities":{"media":[{"id":1083195047628193800,"id_str":"1083195047628193792","indices":[0,23],"media_url":"http://pbs.twimg.com/media/DwhIKCRXQAASDgK.jpg","media_url_https":"https://pbs.twimg.com/media/DwhIKCRXQAASDgK.jpg","url":"https://t.co/VsjMBGe7jh","display_url":"pic.twitter.com/VsjMBGe7jh","expanded_url":"https://twitter.com/380kmh/status/1083195053508579328/photo/1","type":"photo","sizes":{"thumb":{"w":150,"h":150,"resize":"crop"},"medium":{"w":720,"h":720,"resize":"fit"},"large":{"w":720,"h":720,"resize":"fit"},"small":{"w":680,"h":680,"resize":"fit"}}}]},"favorited":false,"retweeted":false,"possibly_sensitive":false,"filter_level":"low","lang":"und"},"quoted_status_permalink":{"url":"https://t.co/R0k1IuYfhu","expanded":"https://twitter.com/380kmh/status/1083195053508579328","display":"twitter.com/380kmh/status/…"},"is_quote_status":true,"quote_count":0,"reply_count":0,"retweet_count":0,"favorite_count":0,"entities":{"hashtags":[],"urls":[{"url":"https://t.co/R0k1IuYfhu","expanded_url":"https://twitter.com/380kmh/status/1083195053508579328","display_url":"twitter.com/380kmh/status/…","indices":[116,139]}],"user_mentions":[{"screen_name":"vgr","name":"Venkatesh Rao","id":8500962,"id_str":"8500962","indices":[3,7]},{"screen_name":"FukuyamaFrancis","name":"Francis Fukuyama","id":430250670,"id_str":"430250670","indices":[56,72]}],"symbols":[]},"favorited":false,"retweeted":false,"possibly_sensitive":false,"filter_level":"low","lang":"en","matching_rules":[{"tag":null}]}