{"created_at":"Fri Jan 11 01:37:38 +0000 2019","id":1083538391780737000,"id_str":"1083538391780737024","text":"@luizolh já to treinando para entrar assim ó https://t.co/JdrUH38Rv6","display_text_range":[9,44],"source":"<a href=\"http://twitter.com\" rel=\"nofollow\">Twitter Web Client</a>","truncated":false,"in_reply_to_status_id":1083537177353568300,"in_reply_to_status_id_str":"1083537177353568257","in_reply_to_user_id":704776339891626000,"in_reply_to_user_id_str":"704776339891625985","in_reply_to_screen_name":"luizolh","user":{"id":932675351913926700,"id_str":"932675351913926656","name":"Startupdareal","screen_name":"startupdareal","location":"San Francisco, CA","url":"https://medium.com/startup-da-real","description":"#1 lugar livro de empreendedorismo mais vendido na Amazon, com \"Este livro não vai te deixar rico\"","translator_type":"none","protected":false,"verified":false,"followers_count":25857,"friends_count":176,"listed_count":113,"favourites_count":20540,"statuses_count":18075,"created_at":"Mon Nov 20 18:21:46 +0000 2017","utc_offset":null,"time_zone":null,"geo_enabled":true,"lang":"en","contributors_enabled":false,"is_translator":false,"profile_background_color":"000000","profile_background_image_url":"http://abs.twimg.com/images/themes/theme1/bg.png","profile_background_image_url_https":"https://abs.twimg.com/images/themes/theme1/bg.png","profile_background_tile":false,"profile_link_color":"FAB81E","profile_sidebar_border_color":"000000","profile_sidebar_fill_color":"000000","profile_text_color":"000000","profile_use_background_image":false,"profile_image_url":"http://pbs.twimg.com/profile_images/932680310336180226/PXZJpu93_normal.jpg","profile_image_url_https":"https://pbs.twimg.com/profile_images/932680310336180226/PXZJpu93_normal.jpg","profile_banner_url":"https://pbs.twimg.com/profile_banners/932675351913926656/1511203272","default_profile":false,"default_profile_image":false,"following":null,"follow_request_sent":null,"notifications":null},"geo":null,"coordinates":null,"place":null,"contributors":null,"is_quote_status":false,"quote_count":0,"reply_count":2,"retweet_count":0,"favorite_count":1,"entities":{"hashtags":[],"urls":[],"user_mentions":[{"screen_name":"luizolh","name":"Luiz H","id":704776339891626000,"id_str":"704776339891625985","indices":[0,8]}],"symbols":[],"media":[{"id":1083538367739060200,"id_str":"1083538367739060224","indices":[45,68],"additional_media_info":{"monetizable":false},"media_url":"http://pbs.twimg.com/ext_tw_video_thumb/1083538367739060224/pu/img/X33EwCmZPREgd9Zc.jpg","media_url_https":"https://pbs.twimg.com/ext_tw_video_thumb/1083538367739060224/pu/img/X33EwCmZPREgd9Zc.jpg","url":"https://t.co/JdrUH38Rv6","display_url":"pic.twitter.com/JdrUH38Rv6","expanded_url":"https://twitter.com/startupdareal/status/1083538391780737024/video/1","type":"photo","sizes":{"small":{"w":480,"h":480,"resize":"fit"},"thumb":{"w":150,"h":150,"resize":"crop"},"large":{"w":480,"h":480,"resize":"fit"},"medium":{"w":480,"h":480,"resize":"fit"}}}]},"extended_entities":{"media":[{"id":1083538367739060200,"id_str":"1083538367739060224","indices":[45,68],"additional_media_info":{"monetizable":false},"media_url":"http://pbs.twimg.com/ext_tw_video_thumb/1083538367739060224/pu/img/X33EwCmZPREgd9Zc.jpg","media_url_https":"https://pbs.twimg.com/ext_tw_video_thumb/1083538367739060224/pu/img/X33EwCmZPREgd9Zc.jpg","url":"https://t.co/JdrUH38Rv6","display_url":"pic.twitter.com/JdrUH38Rv6","expanded_url":"https://twitter.com/startupdareal/status/1083538391780737024/video/1","type":"video","video_info":{"aspect_ratio":[1,1],"duration_millis":2731,"variants":[{"bitrate":832000,"content_type":"video/mp4","url":"https://video.twimg.com/ext_tw_video/1083538367739060224/pu/vid/480x480/HsDTbim2wdY5r1N2.mp4?tag=6"},{"bitrate":432000,"content_type":"video/mp4","url":"https://video.twimg.com/ext_tw_video/1083538367739060224/pu/vid/320x320/wTUvzmV-M2H5E8O-.mp4?tag=6"},{"content_type":"application/x-mpegURL","url":"https://video.twimg.com/ext_tw_video/1083538367739060224/pu/pl/ZUF5xVOJ3pvZfsRu.m3u8?tag=6"}]},"sizes":{"small":{"w":480,"h":480,"resize":"fit"},"thumb":{"w":150,"h":150,"resize":"crop"},"large":{"w":480,"h":480,"resize":"fit"},"medium":{"w":480,"h":480,"resize":"fit"}}}]},"favorited":false,"retweeted":false,"possibly_sensitive":false,"filter_level":"low","lang":"pt","matching_rules":[{"tag":null}]}