{"created_at":"Fri Jan 11 02:36:10 +0000 2019","id":1083553122369368000,"id_str":"1083553122369368064","text":"RT @adonias: .@mariekondo e @startupdareal são minhas paixões neste mês. Tô me sentindo muito #grato e #realista. https://t.co/Gg2a4CPY7p","source":"<a href=\"http://twitter.com/download/iphone\" rel=\"nofollow\">Twitter for iPhone</a>","truncated":false,"in_reply_to_status_id":null,"in_reply_to_status_id_str":null,"in_reply_to_user_id":null,"in_reply_to_user_id_str":null,"in_reply_to_screen_name":null,"user":{"id":932675351913926700,"id_str":"932675351913926656","name":"Startupdareal","screen_name":"startupdareal","location":"San Francisco, CA","url":"https://medium.com/startup-da-real","description":"#1 lugar livro de empreendedorismo mais vendido na Amazon, com \"Este livro não vai te deixar rico\"","translator_type":"none","protected":false,"verified":false,"followers_count":25857,"friends_count":176,"listed_count":113,"favourites_count":20540,"statuses_count":18075,"created_at":"Mon Nov 20 18:21:46 +0000 2017","utc_offset":null,"time_zone":null,"geo_enabled":true,"lang":"en","contributors_enabled":false,"is_translator":false,"profile_background_color":"000000","profile_background_image_url":"http://abs.twimg.com/images/themes/theme1/bg.png","profile_background_image_url_https":"https://abs.twimg.com/images/themes/theme1/bg.png","profile_background_tile":false,"profile_link_color":"FAB81E","profile_sidebar_border_color":"000000","profile_sidebar_fill_color":"000000","profile_text_color":"000000","profile_use_background_image":false,"profile_image_url":"http://pbs.twimg.com/profile_images/932680310336180226/PXZJpu93_normal.jpg","profile_image_url_https":"https://pbs.twimg.com/profile_images/932680310336180226/PXZJpu93_normal.jpg","profile_banner_url":"https://pbs.twimg.com/profile_banners/932675351913926656/1511203272","default_profile":false,"default_profile_image":false,"following":null,"follow_request_sent":null,"notifications":null},"geo":null,"coordinates":null,"place":null,"contributors":null,"retweeted_status":{"created_at":"Fri Jan 11 02:19:28 +0000 2019","id":1083548918527467500,"id_str":"1083548918527467521","text":".@mariekondo e @startupdareal são minhas paixões neste mês. Tô me sentindo muito #grato e #realista. https://t.co/Gg2a4CPY7p","display_text_range":[0,100],"source":"<a href=\"https://mobile.twitter.com\" rel=\"nofollow\">Twitter Web App</a>","truncated":false,"in_reply_to_status_id":null,"in_reply_to_status_id_str":null,"in_reply_to_user_id":null,"in_reply_to_user_id_str":null,"in_reply_to_screen_name":null,"user":{"id":931375111709577200,"id_str":"931375111709577221","name":"Adonias","screen_name":"adonias","location":"Brasil","url":"http://adonias.carrd.co","description":"Potiguar desenhando experiências em São Paulo. Forró básico, reggaeton avançado. Fluente em kpop e funk (clássico e contemporâneo).","translator_type":"none","protected":false,"verified":false,"followers_count":74,"friends_count":212,"listed_count":0,"favourites_count":1224,"statuses_count":792,"created_at":"Fri Nov 17 04:15:05 +0000 2017","utc_offset":null,"time_zone":null,"geo_enabled":false,"lang":"pt","contributors_enabled":false,"is_translator":false,"profile_background_color":"000000","profile_background_image_url":"http://abs.twimg.com/images/themes/theme1/bg.png","profile_background_image_url_https":"https://abs.twimg.com/images/themes/theme1/bg.png","profile_background_tile":false,"profile_link_color":"ABB8C2","profile_sidebar_border_color":"000000","profile_sidebar_fill_color":"000000","profile_text_color":"000000","profile_use_background_image":false,"profile_image_url":"http://pbs.twimg.com/profile_images/1042636683039178752/KfsPQHn1_normal.jpg","profile_image_url_https":"https://pbs.twimg.com/profile_images/1042636683039178752/KfsPQHn1_normal.jpg","profile_banner_url":"https://pbs.twimg.com/profile_banners/931375111709577221/1516154959","default_profile":false,"default_profile_image":false,"following":null,"follow_request_sent":null,"notifications":null},"geo":null,"coordinates":null,"place":null,"contributors":null,"is_quote_status":false,"quote_count":0,"reply_count":0,"retweet_count":1,"favorite_count":3,"entities":{"hashtags":[{"text":"grato","indices":[81,87]},{"text":"realista","indices":[90,99]}],"urls":[],"user_mentions":[{"screen_name":"MarieKondo","name":"Marie Kondo","id":2949131574,"id_str":"2949131574","indices":[1,12]},{"screen_name":"startupdareal","name":"Startupdareal","id":932675351913926700,"id_str":"932675351913926656","indices":[15,29]}],"symbols":[],"media":[{"id":1083548910281547800,"id_str":"1083548910281547776","indices":[101,124],"media_url":"http://pbs.twimg.com/tweet_video_thumb/DwmJ_jYX4AA6vT8.jpg","media_url_https":"https://pbs.twimg.com/tweet_video_thumb/DwmJ_jYX4AA6vT8.jpg","url":"https://t.co/Gg2a4CPY7p","display_url":"pic.twitter.com/Gg2a4CPY7p","expanded_url":"https://twitter.com/adonias/status/1083548918527467521/photo/1","type":"photo","sizes":{"small":{"w":424,"h":284,"resize":"fit"},"thumb":{"w":150,"h":150,"resize":"crop"},"medium":{"w":424,"h":284,"resize":"fit"},"large":{"w":424,"h":284,"resize":"fit"}}}]},"extended_entities":{"media":[{"id":1083548910281547800,"id_str":"1083548910281547776","indices":[101,124],"media_url":"http://pbs.twimg.com/tweet_video_thumb/DwmJ_jYX4AA6vT8.jpg","media_url_https":"https://pbs.twimg.com/tweet_video_thumb/DwmJ_jYX4AA6vT8.jpg","url":"https://t.co/Gg2a4CPY7p","display_url":"pic.twitter.com/Gg2a4CPY7p","expanded_url":"https://twitter.com/adonias/status/1083548918527467521/photo/1","type":"animated_gif","video_info":{"aspect_ratio":[106,71],"variants":[{"bitrate":0,"content_type":"video/mp4","url":"https://video.twimg.com/tweet_video/DwmJ_jYX4AA6vT8.mp4"}]},"sizes":{"small":{"w":424,"h":284,"resize":"fit"},"thumb":{"w":150,"h":150,"resize":"crop"},"medium":{"w":424,"h":284,"resize":"fit"},"large":{"w":424,"h":284,"resize":"fit"}}}]},"favorited":false,"retweeted":false,"possibly_sensitive":false,"filter_level":"low","lang":"pt"},"is_quote_status":false,"quote_count":0,"reply_count":0,"retweet_count":0,"favorite_count":0,"entities":{"hashtags":[{"text":"grato","indices":[94,100]},{"text":"realista","indices":[103,112]}],"urls":[],"user_mentions":[{"screen_name":"adonias","name":"Adonias","id":931375111709577200,"id_str":"931375111709577221","indices":[3,11]},{"screen_name":"MarieKondo","name":"Marie Kondo","id":2949131574,"id_str":"2949131574","indices":[14,25]},{"screen_name":"startupdareal","name":"Startupdareal","id":932675351913926700,"id_str":"932675351913926656","indices":[28,42]}],"symbols":[],"media":[{"id":1083548910281547800,"id_str":"1083548910281547776","indices":[114,137],"media_url":"http://pbs.twimg.com/tweet_video_thumb/DwmJ_jYX4AA6vT8.jpg","media_url_https":"https://pbs.twimg.com/tweet_video_thumb/DwmJ_jYX4AA6vT8.jpg","url":"https://t.co/Gg2a4CPY7p","display_url":"pic.twitter.com/Gg2a4CPY7p","expanded_url":"https://twitter.com/adonias/status/1083548918527467521/photo/1","type":"photo","sizes":{"small":{"w":424,"h":284,"resize":"fit"},"thumb":{"w":150,"h":150,"resize":"crop"},"medium":{"w":424,"h":284,"resize":"fit"},"large":{"w":424,"h":284,"resize":"fit"}},"source_status_id":1083548918527467500,"source_status_id_str":"1083548918527467521","source_user_id":931375111709577200,"source_user_id_str":"931375111709577221"}]},"extended_entities":{"media":[{"id":1083548910281547800,"id_str":"1083548910281547776","indices":[114,137],"media_url":"http://pbs.twimg.com/tweet_video_thumb/DwmJ_jYX4AA6vT8.jpg","media_url_https":"https://pbs.twimg.com/tweet_video_thumb/DwmJ_jYX4AA6vT8.jpg","url":"https://t.co/Gg2a4CPY7p","display_url":"pic.twitter.com/Gg2a4CPY7p","expanded_url":"https://twitter.com/adonias/status/1083548918527467521/photo/1","type":"animated_gif","video_info":{"aspect_ratio":[106,71],"variants":[{"bitrate":0,"content_type":"video/mp4","url":"https://video.twimg.com/tweet_video/DwmJ_jYX4AA6vT8.mp4"}]},"sizes":{"small":{"w":424,"h":284,"resize":"fit"},"thumb":{"w":150,"h":150,"resize":"crop"},"medium":{"w":424,"h":284,"resize":"fit"},"large":{"w":424,"h":284,"resize":"fit"}},"source_status_id":1083548918527467500,"source_status_id_str":"1083548918527467521","source_user_id":931375111709577200,"source_user_id_str":"931375111709577221"}]},"favorited":false,"retweeted":false,"possibly_sensitive":false,"filter_level":"low","lang":"pt","matching_rules":[{"tag":null}]}