{"created_at":"Fri Jan 11 13:35:36 +0000 2019","id":1083719072670498800,"id_str":"1083719072670498822","text":"e como mais de uma pessoa em momentos diferentes vieram com o mesmo argumento, isso já deve ser algo ensaiado na ba… https://t.co/ROGpuReyi1","display_text_range":[0,140],"source":"<a href=\"http://twitter.com\" rel=\"nofollow\">Twitter Web Client</a>","truncated":true,"in_reply_to_status_id":null,"in_reply_to_status_id_str":null,"in_reply_to_user_id":null,"in_reply_to_user_id_str":null,"in_reply_to_screen_name":null,"user":{"id":932675351913926700,"id_str":"932675351913926656","name":"Startupdareal","screen_name":"startupdareal","location":"San Francisco, CA","url":"https://medium.com/startup-da-real","description":"#1 lugar livro de empreendedorismo mais vendido na Amazon, com \"Este livro não vai te deixar rico\"","translator_type":"none","protected":false,"verified":false,"followers_count":25857,"friends_count":176,"listed_count":113,"favourites_count":20540,"statuses_count":18075,"created_at":"Mon Nov 20 18:21:46 +0000 2017","utc_offset":null,"time_zone":null,"geo_enabled":true,"lang":"en","contributors_enabled":false,"is_translator":false,"profile_background_color":"000000","profile_background_image_url":"http://abs.twimg.com/images/themes/theme1/bg.png","profile_background_image_url_https":"https://abs.twimg.com/images/themes/theme1/bg.png","profile_background_tile":false,"profile_link_color":"FAB81E","profile_sidebar_border_color":"000000","profile_sidebar_fill_color":"000000","profile_text_color":"000000","profile_use_background_image":false,"profile_image_url":"http://pbs.twimg.com/profile_images/932680310336180226/PXZJpu93_normal.jpg","profile_image_url_https":"https://pbs.twimg.com/profile_images/932680310336180226/PXZJpu93_normal.jpg","profile_banner_url":"https://pbs.twimg.com/profile_banners/932675351913926656/1511203272","default_profile":false,"default_profile_image":false,"following":null,"follow_request_sent":null,"notifications":null},"geo":null,"coordinates":null,"place":null,"contributors":null,"quoted_status_id":1083715732024766500,"quoted_status_id_str":"1083715732024766465","quoted_status":{"created_at":"Fri Jan 11 13:22:19 +0000 2019","id":1083715732024766500,"id_str":"1083715732024766465","text":"@PrincesaDende @startupdareal Muitos petistas tiraram as manguinhas de fora nesse episódio...desmerecendo que não é… https://t.co/Wkgm49tOl0","display_text_range":[30,140],"source":"<a href=\"http://twitter.com\" rel=\"nofollow\">Twitter Web Client</a>","truncated":true,"in_reply_to_status_id":1083713772714377200,"in_reply_to_status_id_str":"1083713772714377216","in_reply_to_user_id":76145492,"in_reply_to_user_id_str":"76145492","in_reply_to_screen_name":"PrincesaDende","user":{"id":1047561383427149800,"id_str":"1047561383427149824","name":"Ovo da Serpente","screen_name":"ovodaserpente","location":"Butantan, Instituto","url":"https://medium.com/@ovodaserpente","description":"...vocês não comem de todas as árvores do jardim?","translator_type":"none","protected":false,"verified":false,"followers_count":67,"friends_count":323,"listed_count":0,"favourites_count":272,"statuses_count":442,"created_at":"Wed Oct 03 18:57:51 +0000 2018","utc_offset":null,"time_zone":null,"geo_enabled":false,"lang":"en","contributors_enabled":false,"is_translator":false,"profile_background_color":"000000","profile_background_image_url":"http://abs.twimg.com/images/themes/theme1/bg.png","profile_background_image_url_https":"https://abs.twimg.com/images/themes/theme1/bg.png","profile_background_tile":false,"profile_link_color":"19CF86","profile_sidebar_border_color":"000000","profile_sidebar_fill_color":"000000","profile_text_color":"000000","profile_use_background_image":false,"profile_image_url":"http://pbs.twimg.com/profile_images/1047975887000543232/qhQLYo3M_normal.jpg","profile_image_url_https":"https://pbs.twimg.com/profile_images/1047975887000543232/qhQLYo3M_normal.jpg","profile_banner_url":"https://pbs.twimg.com/profile_banners/1047561383427149824/1538620147","default_profile":false,"default_profile_image":false,"following":null,"follow_request_sent":null,"notifications":null},"geo":null,"coordinates":null,"place":null,"contributors":null,"is_quote_status":false,"extended_tweet":{"full_text":"@PrincesaDende @startupdareal Muitos petistas tiraram as manguinhas de fora nesse episódio...desmerecendo que não é do partido...daqui 3 anos e meio vai vir pedir meu apoio e voto...se acham donos da esquerda...ah não, comigo não, comigo nunca mais...","display_text_range":[30,251],"entities":{"hashtags":[],"urls":[],"user_mentions":[{"screen_name":"PrincesaDende","name":"Nova Lora do Tchan","id":76145492,"id_str":"76145492","indices":[0,14]},{"screen_name":"startupdareal","name":"Startupdareal","id":932675351913926700,"id_str":"932675351913926656","indices":[15,29]}],"symbols":[]}},"quote_count":0,"reply_count":2,"retweet_count":0,"favorite_count":10,"entities":{"hashtags":[],"urls":[{"url":"https://t.co/Wkgm49tOl0","expanded_url":"https://twitter.com/i/web/status/1083715732024766465","display_url":"twitter.com/i/web/status/1…","indices":[117,140]}],"user_mentions":[{"screen_name":"PrincesaDende","name":"Nova Lora do Tchan","id":76145492,"id_str":"76145492","indices":[0,14]},{"screen_name":"startupdareal","name":"Startupdareal","id":932675351913926700,"id_str":"932675351913926656","indices":[15,29]}],"symbols":[]},"favorited":false,"retweeted":false,"filter_level":"low","lang":"pt"},"quoted_status_permalink":{"url":"https://t.co/USpxSL6yDI","expanded":"https://twitter.com/ovodaserpente/status/1083715732024766465","display":"twitter.com/ovodaserpente/…"},"is_quote_status":true,"extended_tweet":{"full_text":"e como mais de uma pessoa em momentos diferentes vieram com o mesmo argumento, isso já deve ser algo ensaiado na base. https://t.co/USpxSL6yDI","display_text_range":[0,118],"entities":{"hashtags":[],"urls":[{"url":"https://t.co/USpxSL6yDI","expanded_url":"https://twitter.com/ovodaserpente/status/1083715732024766465","display_url":"twitter.com/ovodaserpente/…","indices":[119,142]}],"user_mentions":[],"symbols":[]}},"quote_count":0,"reply_count":1,"retweet_count":1,"favorite_count":11,"entities":{"hashtags":[],"urls":[{"url":"https://t.co/ROGpuReyi1","expanded_url":"https://twitter.com/i/web/status/1083719072670498822","display_url":"twitter.com/i/web/status/1…","indices":[117,140]}],"user_mentions":[],"symbols":[]},"favorited":false,"retweeted":false,"possibly_sensitive":false,"filter_level":"low","lang":"pt","matching_rules":[{"tag":null}]}