{"created_at":"Thu Jan 10 01:14:45 +0000 2019","id":1083170243533520900,"id_str":"1083170243533520896","text":"RT @lutricav: @startupdareal https://t.co/To3k7vGmnI","source":"<a href=\"http://twitter.com\" rel=\"nofollow\">Twitter Web Client</a>","truncated":false,"in_reply_to_status_id":null,"in_reply_to_status_id_str":null,"in_reply_to_user_id":null,"in_reply_to_user_id_str":null,"in_reply_to_screen_name":null,"user":{"id":932675351913926700,"id_str":"932675351913926656","name":"Startupdareal","screen_name":"startupdareal","location":"San Francisco, CA","url":"https://medium.com/startup-da-real","description":"#1 lugar livro de empreendedorismo mais vendido na Amazon, com \"Este livro não vai te deixar rico\"","translator_type":"none","protected":false,"verified":false,"followers_count":25736,"friends_count":176,"listed_count":112,"favourites_count":20411,"statuses_count":17948,"created_at":"Mon Nov 20 18:21:46 +0000 2017","utc_offset":null,"time_zone":null,"geo_enabled":true,"lang":"en","contributors_enabled":false,"is_translator":false,"profile_background_color":"000000","profile_background_image_url":"http://abs.twimg.com/images/themes/theme1/bg.png","profile_background_image_url_https":"https://abs.twimg.com/images/themes/theme1/bg.png","profile_background_tile":false,"profile_link_color":"FAB81E","profile_sidebar_border_color":"000000","profile_sidebar_fill_color":"000000","profile_text_color":"000000","profile_use_background_image":false,"profile_image_url":"http://pbs.twimg.com/profile_images/932680310336180226/PXZJpu93_normal.jpg","profile_image_url_https":"https://pbs.twimg.com/profile_images/932680310336180226/PXZJpu93_normal.jpg","profile_banner_url":"https://pbs.twimg.com/profile_banners/932675351913926656/1511203272","default_profile":false,"default_profile_image":false,"following":null,"follow_request_sent":null,"notifications":null},"geo":null,"coordinates":null,"place":null,"contributors":null,"retweeted_status":{"created_at":"Thu Jan 10 01:02:57 +0000 2019","id":1083167277825040400,"id_str":"1083167277825040385","text":"@startupdareal https://t.co/To3k7vGmnI","display_text_range":[0,14],"source":"<a href=\"http://twitter.com/#!/download/ipad\" rel=\"nofollow\">Twitter for iPad</a>","truncated":false,"in_reply_to_status_id":null,"in_reply_to_status_id_str":null,"in_reply_to_user_id":932675351913926700,"in_reply_to_user_id_str":"932675351913926656","in_reply_to_screen_name":"startupdareal","user":{"id":970443714,"id_str":"970443714","name":"Luciana T. Cavalini","screen_name":"lutricav","location":null,"url":null,"description":null,"translator_type":"none","protected":false,"verified":false,"followers_count":123,"friends_count":344,"listed_count":0,"favourites_count":9934,"statuses_count":1307,"created_at":"Sun Nov 25 17:40:20 +0000 2012","utc_offset":null,"time_zone":null,"geo_enabled":true,"lang":"pt","contributors_enabled":false,"is_translator":false,"profile_background_color":"C0DEED","profile_background_image_url":"http://abs.twimg.com/images/themes/theme1/bg.png","profile_background_image_url_https":"https://abs.twimg.com/images/themes/theme1/bg.png","profile_background_tile":false,"profile_link_color":"1DA1F2","profile_sidebar_border_color":"C0DEED","profile_sidebar_fill_color":"DDEEF6","profile_text_color":"333333","profile_use_background_image":true,"profile_image_url":"http://pbs.twimg.com/profile_images/3083645864/e91e48c07bc3d519adbba38da30fda8c_normal.jpeg","profile_image_url_https":"https://pbs.twimg.com/profile_images/3083645864/e91e48c07bc3d519adbba38da30fda8c_normal.jpeg","profile_banner_url":"https://pbs.twimg.com/profile_banners/970443714/1546989593","default_profile":true,"default_profile_image":false,"following":null,"follow_request_sent":null,"notifications":null},"geo":null,"coordinates":null,"place":null,"contributors":null,"quoted_status_id":1083150117153194000,"quoted_status_id_str":"1083150117153193984","quoted_status":{"created_at":"Wed Jan 09 23:54:46 +0000 2019","id":1083150117153194000,"id_str":"1083150117153193984","text":"Self-made man https://t.co/zpKYieEi1H","display_text_range":[0,13],"source":"<a href=\"http://twitter.com\" rel=\"nofollow\">Twitter Web Client</a>","truncated":false,"in_reply_to_status_id":null,"in_reply_to_status_id_str":null,"in_reply_to_user_id":null,"in_reply_to_user_id_str":null,"in_reply_to_screen_name":null,"user":{"id":50322722,"id_str":"50322722","name":"Ricardo Coimbra","screen_name":"coimbraricardo","location":"São Paulo","url":"http://www.vidaeobrademimmesmo.blogspot.com","description":"o obina do amor\nhttp://vidaeobrademimmesmo.blogspot.com.br/\nhttps://www.facebook.com/ricardo.coimbra.129\nhttps://www.instagram.com/coimbronco/","translator_type":"none","protected":false,"verified":false,"followers_count":17361,"friends_count":482,"listed_count":206,"favourites_count":11216,"statuses_count":22775,"created_at":"Wed Jun 24 14:42:04 +0000 2009","utc_offset":null,"time_zone":null,"geo_enabled":true,"lang":"en","contributors_enabled":false,"is_translator":false,"profile_background_color":"C0DEED","profile_background_image_url":"http://abs.twimg.com/images/themes/theme1/bg.png","profile_background_image_url_https":"https://abs.twimg.com/images/themes/theme1/bg.png","profile_background_tile":true,"profile_link_color":"1B95E0","profile_sidebar_border_color":"FFFFFF","profile_sidebar_fill_color":"DDEEF6","profile_text_color":"333333","profile_use_background_image":true,"profile_image_url":"http://pbs.twimg.com/profile_images/614842669446098945/KES9PP10_normal.jpg","profile_image_url_https":"https://pbs.twimg.com/profile_images/614842669446098945/KES9PP10_normal.jpg","profile_banner_url":"https://pbs.twimg.com/profile_banners/50322722/1548761510","default_profile":false,"default_profile_image":false,"following":null,"follow_request_sent":null,"notifications":null},"geo":null,"coordinates":null,"place":null,"contributors":null,"is_quote_status":false,"quote_count":0,"reply_count":6,"retweet_count":380,"favorite_count":1042,"entities":{"hashtags":[],"urls":[],"user_mentions":[],"symbols":[],"media":[{"id":1083150006100652000,"id_str":"1083150006100652033","indices":[14,37],"media_url":"http://pbs.twimg.com/media/DwgfMRgXcAEgVTi.jpg","media_url_https":"https://pbs.twimg.com/media/DwgfMRgXcAEgVTi.jpg","url":"https://t.co/zpKYieEi1H","display_url":"pic.twitter.com/zpKYieEi1H","expanded_url":"https://twitter.com/coimbraricardo/status/1083150117153193984/photo/1","type":"photo","sizes":{"thumb":{"w":150,"h":150,"resize":"crop"},"medium":{"w":870,"h":383,"resize":"fit"},"large":{"w":870,"h":383,"resize":"fit"},"small":{"w":680,"h":299,"resize":"fit"}}}]},"extended_entities":{"media":[{"id":1083150006100652000,"id_str":"1083150006100652033","indices":[14,37],"media_url":"http://pbs.twimg.com/media/DwgfMRgXcAEgVTi.jpg","media_url_https":"https://pbs.twimg.com/media/DwgfMRgXcAEgVTi.jpg","url":"https://t.co/zpKYieEi1H","display_url":"pic.twitter.com/zpKYieEi1H","expanded_url":"https://twitter.com/coimbraricardo/status/1083150117153193984/photo/1","type":"photo","sizes":{"thumb":{"w":150,"h":150,"resize":"crop"},"medium":{"w":870,"h":383,"resize":"fit"},"large":{"w":870,"h":383,"resize":"fit"},"small":{"w":680,"h":299,"resize":"fit"}}}]},"favorited":false,"retweeted":false,"possibly_sensitive":false,"filter_level":"low","lang":"en"},"quoted_status_permalink":{"url":"https://t.co/To3k7vGmnI","expanded":"https://twitter.com/coimbraricardo/status/1083150117153193984","display":"twitter.com/coimbraricardo…"},"is_quote_status":true,"quote_count":0,"reply_count":0,"retweet_count":6,"favorite_count":24,"entities":{"hashtags":[],"urls":[{"url":"https://t.co/To3k7vGmnI","expanded_url":"https://twitter.com/coimbraricardo/status/1083150117153193984","display_url":"twitter.com/coimbraricardo…","indices":[15,38]}],"user_mentions":[{"screen_name":"startupdareal","name":"Startupdareal","id":932675351913926700,"id_str":"932675351913926656","indices":[0,14]}],"symbols":[]},"favorited":false,"retweeted":false,"possibly_sensitive":false,"filter_level":"low","lang":"und"},"quoted_status_id":1083150117153194000,"quoted_status_id_str":"1083150117153193984","quoted_status":{"created_at":"Wed Jan 09 23:54:46 +0000 2019","id":1083150117153194000,"id_str":"1083150117153193984","text":"Self-made man https://t.co/zpKYieEi1H","display_text_range":[0,13],"source":"<a href=\"http://twitter.com\" rel=\"nofollow\">Twitter Web Client</a>","truncated":false,"in_reply_to_status_id":null,"in_reply_to_status_id_str":null,"in_reply_to_user_id":null,"in_reply_to_user_id_str":null,"in_reply_to_screen_name":null,"user":{"id":50322722,"id_str":"50322722","name":"Ricardo Coimbra","screen_name":"coimbraricardo","location":"São Paulo","url":"http://www.vidaeobrademimmesmo.blogspot.com","description":"o obina do amor\nhttp://vidaeobrademimmesmo.blogspot.com.br/\nhttps://www.facebook.com/ricardo.coimbra.129\nhttps://www.instagram.com/coimbronco/","translator_type":"none","protected":false,"verified":false,"followers_count":17361,"friends_count":482,"listed_count":206,"favourites_count":11216,"statuses_count":22775,"created_at":"Wed Jun 24 14:42:04 +0000 2009","utc_offset":null,"time_zone":null,"geo_enabled":true,"lang":"en","contributors_enabled":false,"is_translator":false,"profile_background_color":"C0DEED","profile_background_image_url":"http://abs.twimg.com/images/themes/theme1/bg.png","profile_background_image_url_https":"https://abs.twimg.com/images/themes/theme1/bg.png","profile_background_tile":true,"profile_link_color":"1B95E0","profile_sidebar_border_color":"FFFFFF","profile_sidebar_fill_color":"DDEEF6","profile_text_color":"333333","profile_use_background_image":true,"profile_image_url":"http://pbs.twimg.com/profile_images/614842669446098945/KES9PP10_normal.jpg","profile_image_url_https":"https://pbs.twimg.com/profile_images/614842669446098945/KES9PP10_normal.jpg","profile_banner_url":"https://pbs.twimg.com/profile_banners/50322722/1548761510","default_profile":false,"default_profile_image":false,"following":null,"follow_request_sent":null,"notifications":null},"geo":null,"coordinates":null,"place":null,"contributors":null,"is_quote_status":false,"quote_count":0,"reply_count":6,"retweet_count":380,"favorite_count":1042,"entities":{"hashtags":[],"urls":[],"user_mentions":[],"symbols":[],"media":[{"id":1083150006100652000,"id_str":"1083150006100652033","indices":[14,37],"media_url":"http://pbs.twimg.com/media/DwgfMRgXcAEgVTi.jpg","media_url_https":"https://pbs.twimg.com/media/DwgfMRgXcAEgVTi.jpg","url":"https://t.co/zpKYieEi1H","display_url":"pic.twitter.com/zpKYieEi1H","expanded_url":"https://twitter.com/coimbraricardo/status/1083150117153193984/photo/1","type":"photo","sizes":{"thumb":{"w":150,"h":150,"resize":"crop"},"medium":{"w":870,"h":383,"resize":"fit"},"large":{"w":870,"h":383,"resize":"fit"},"small":{"w":680,"h":299,"resize":"fit"}}}]},"extended_entities":{"media":[{"id":1083150006100652000,"id_str":"1083150006100652033","indices":[14,37],"media_url":"http://pbs.twimg.com/media/DwgfMRgXcAEgVTi.jpg","media_url_https":"https://pbs.twimg.com/media/DwgfMRgXcAEgVTi.jpg","url":"https://t.co/zpKYieEi1H","display_url":"pic.twitter.com/zpKYieEi1H","expanded_url":"https://twitter.com/coimbraricardo/status/1083150117153193984/photo/1","type":"photo","sizes":{"thumb":{"w":150,"h":150,"resize":"crop"},"medium":{"w":870,"h":383,"resize":"fit"},"large":{"w":870,"h":383,"resize":"fit"},"small":{"w":680,"h":299,"resize":"fit"}}}]},"favorited":false,"retweeted":false,"possibly_sensitive":false,"filter_level":"low","lang":"en"},"quoted_status_permalink":{"url":"https://t.co/To3k7vGmnI","expanded":"https://twitter.com/coimbraricardo/status/1083150117153193984","display":"twitter.com/coimbraricardo…"},"is_quote_status":true,"quote_count":0,"reply_count":0,"retweet_count":0,"favorite_count":0,"entities":{"hashtags":[],"urls":[{"url":"https://t.co/To3k7vGmnI","expanded_url":"https://twitter.com/coimbraricardo/status/1083150117153193984","display_url":"twitter.com/coimbraricardo…","indices":[29,52]}],"user_mentions":[{"screen_name":"lutricav","name":"Luciana T. Cavalini","id":970443714,"id_str":"970443714","indices":[3,12]},{"screen_name":"startupdareal","name":"Startupdareal","id":932675351913926700,"id_str":"932675351913926656","indices":[14,28]}],"symbols":[]},"favorited":false,"retweeted":false,"possibly_sensitive":false,"filter_level":"low","lang":"und","matching_rules":[{"tag":null}]}