{"created_at":"Thu Jan 10 23:10:39 +0000 2019","id":1083501403795062800,"id_str":"1083501403795062790","text":"@filipeguelber Eu sei que existe e faz sentido, mas no caso comparado, um país em guerra civil com uma ditadura de… https://t.co/6KNIdH2XGb","display_text_range":[15,140],"source":"<a href=\"http://twitter.com\" rel=\"nofollow\">Twitter Web Client</a>","truncated":true,"in_reply_to_status_id":1083499790640603100,"in_reply_to_status_id_str":"1083499790640603136","in_reply_to_user_id":17905529,"in_reply_to_user_id_str":"17905529","in_reply_to_screen_name":"filipeguelber","user":{"id":932675351913926700,"id_str":"932675351913926656","name":"Startupdareal","screen_name":"startupdareal","location":"San Francisco, CA","url":"https://medium.com/startup-da-real","description":"#1 lugar livro de empreendedorismo mais vendido na Amazon, com \"Este livro não vai te deixar rico\"","translator_type":"none","protected":false,"verified":false,"followers_count":25736,"friends_count":176,"listed_count":112,"favourites_count":20411,"statuses_count":17948,"created_at":"Mon Nov 20 18:21:46 +0000 2017","utc_offset":null,"time_zone":null,"geo_enabled":true,"lang":"en","contributors_enabled":false,"is_translator":false,"profile_background_color":"000000","profile_background_image_url":"http://abs.twimg.com/images/themes/theme1/bg.png","profile_background_image_url_https":"https://abs.twimg.com/images/themes/theme1/bg.png","profile_background_tile":false,"profile_link_color":"FAB81E","profile_sidebar_border_color":"000000","profile_sidebar_fill_color":"000000","profile_text_color":"000000","profile_use_background_image":false,"profile_image_url":"http://pbs.twimg.com/profile_images/932680310336180226/PXZJpu93_normal.jpg","profile_image_url_https":"https://pbs.twimg.com/profile_images/932680310336180226/PXZJpu93_normal.jpg","profile_banner_url":"https://pbs.twimg.com/profile_banners/932675351913926656/1511203272","default_profile":false,"default_profile_image":false,"following":null,"follow_request_sent":null,"notifications":null},"geo":null,"coordinates":null,"place":null,"contributors":null,"is_quote_status":false,"extended_tweet":{"full_text":"@filipeguelber Eu sei que existe e faz sentido, mas no caso comparado, um país em guerra civil com uma ditadura de um lado e uma oposição violenta bombardeando coisas do outro, é risível usar isso como exemplo.\n\nInclusive a venezuela é removida do indice exatamente por não ser parâmetro. https://t.co/LS9D15lFXE","display_text_range":[15,288],"entities":{"hashtags":[],"urls":[],"user_mentions":[{"screen_name":"filipeguelber","name":"filipeguelber","id":17905529,"id_str":"17905529","indices":[0,14]}],"symbols":[],"media":[{"id":1083501392315191300,"id_str":"1083501392315191296","indices":[289,312],"media_url":"http://pbs.twimg.com/media/DwlexpKWkAAa0Ia.jpg","media_url_https":"https://pbs.twimg.com/media/DwlexpKWkAAa0Ia.jpg","url":"https://t.co/LS9D15lFXE","display_url":"pic.twitter.com/LS9D15lFXE","expanded_url":"https://twitter.com/startupdareal/status/1083501403795062790/photo/1","type":"photo","sizes":{"thumb":{"w":150,"h":150,"resize":"crop"},"large":{"w":2048,"h":1081,"resize":"fit"},"medium":{"w":1200,"h":634,"resize":"fit"},"small":{"w":680,"h":359,"resize":"fit"}}}]},"extended_entities":{"media":[{"id":1083501392315191300,"id_str":"1083501392315191296","indices":[289,312],"media_url":"http://pbs.twimg.com/media/DwlexpKWkAAa0Ia.jpg","media_url_https":"https://pbs.twimg.com/media/DwlexpKWkAAa0Ia.jpg","url":"https://t.co/LS9D15lFXE","display_url":"pic.twitter.com/LS9D15lFXE","expanded_url":"https://twitter.com/startupdareal/status/1083501403795062790/photo/1","type":"photo","sizes":{"thumb":{"w":150,"h":150,"resize":"crop"},"large":{"w":2048,"h":1081,"resize":"fit"},"medium":{"w":1200,"h":634,"resize":"fit"},"small":{"w":680,"h":359,"resize":"fit"}}}]}},"quote_count":0,"reply_count":1,"retweet_count":0,"favorite_count":19,"entities":{"hashtags":[],"urls":[{"url":"https://t.co/6KNIdH2XGb","expanded_url":"https://twitter.com/i/web/status/1083501403795062790","display_url":"twitter.com/i/web/status/1…","indices":[116,139]}],"user_mentions":[{"screen_name":"filipeguelber","name":"filipeguelber","id":17905529,"id_str":"17905529","indices":[0,14]}],"symbols":[]},"favorited":false,"retweeted":false,"possibly_sensitive":false,"filter_level":"low","lang":"pt","matching_rules":[{"tag":null}]}