{"created_at":"Thu Jan 10 10:08:37 +0000 2019","id":1083304597836517400,"id_str":"1083304597836517384","text":"RT @LsfIgor: Excelente texto.\n\nComo não planejar uma vida de sucesso by @startupdareal https://t.co/Git7hYueFF","source":"<a href=\"http://twitter.com\" rel=\"nofollow\">Twitter Web Client</a>","truncated":false,"in_reply_to_status_id":null,"in_reply_to_status_id_str":null,"in_reply_to_user_id":null,"in_reply_to_user_id_str":null,"in_reply_to_screen_name":null,"user":{"id":932675351913926700,"id_str":"932675351913926656","name":"Startupdareal","screen_name":"startupdareal","location":"San Francisco, CA","url":"https://medium.com/startup-da-real","description":"#1 lugar livro de empreendedorismo mais vendido na Amazon, com \"Este livro não vai te deixar rico\"","translator_type":"none","protected":false,"verified":false,"followers_count":25736,"friends_count":176,"listed_count":112,"favourites_count":20411,"statuses_count":17948,"created_at":"Mon Nov 20 18:21:46 +0000 2017","utc_offset":null,"time_zone":null,"geo_enabled":true,"lang":"en","contributors_enabled":false,"is_translator":false,"profile_background_color":"000000","profile_background_image_url":"http://abs.twimg.com/images/themes/theme1/bg.png","profile_background_image_url_https":"https://abs.twimg.com/images/themes/theme1/bg.png","profile_background_tile":false,"profile_link_color":"FAB81E","profile_sidebar_border_color":"000000","profile_sidebar_fill_color":"000000","profile_text_color":"000000","profile_use_background_image":false,"profile_image_url":"http://pbs.twimg.com/profile_images/932680310336180226/PXZJpu93_normal.jpg","profile_image_url_https":"https://pbs.twimg.com/profile_images/932680310336180226/PXZJpu93_normal.jpg","profile_banner_url":"https://pbs.twimg.com/profile_banners/932675351913926656/1511203272","default_profile":false,"default_profile_image":false,"following":null,"follow_request_sent":null,"notifications":null},"geo":null,"coordinates":null,"place":null,"contributors":null,"retweeted_status":{"created_at":"Thu Jan 10 09:00:48 +0000 2019","id":1083287532316606500,"id_str":"1083287532316606464","text":"Excelente texto.\n\nComo não planejar uma vida de sucesso by @startupdareal https://t.co/Git7hYueFF","source":"<a href=\"http://twitter.com/download/android\" rel=\"nofollow\">Twitter for Android</a>","truncated":false,"in_reply_to_status_id":null,"in_reply_to_status_id_str":null,"in_reply_to_user_id":null,"in_reply_to_user_id_str":null,"in_reply_to_screen_name":null,"user":{"id":3241463265,"id_str":"3241463265","name":"Igor","screen_name":"LsfIgor","location":"Rio de Janeiro, Brasil","url":"http://www.instagram.com/Igorbfr7","description":"Once the money goes, so does the hoes.","translator_type":"none","protected":false,"verified":false,"followers_count":42,"friends_count":159,"listed_count":1,"favourites_count":6250,"statuses_count":3343,"created_at":"Fri May 08 05:43:49 +0000 2015","utc_offset":null,"time_zone":null,"geo_enabled":true,"lang":"en","contributors_enabled":false,"is_translator":false,"profile_background_color":"352726","profile_background_image_url":"http://abs.twimg.com/images/themes/theme1/bg.png","profile_background_image_url_https":"https://abs.twimg.com/images/themes/theme1/bg.png","profile_background_tile":false,"profile_link_color":"050505","profile_sidebar_border_color":"000000","profile_sidebar_fill_color":"000000","profile_text_color":"000000","profile_use_background_image":true,"profile_image_url":"http://pbs.twimg.com/profile_images/1081675637037977600/pFuoRNbk_normal.jpg","profile_image_url_https":"https://pbs.twimg.com/profile_images/1081675637037977600/pFuoRNbk_normal.jpg","profile_banner_url":"https://pbs.twimg.com/profile_banners/3241463265/1542593941","default_profile":false,"default_profile_image":false,"following":null,"follow_request_sent":null,"notifications":null},"geo":null,"coordinates":null,"place":null,"contributors":null,"is_quote_status":false,"quote_count":0,"reply_count":0,"retweet_count":16,"favorite_count":35,"entities":{"hashtags":[],"urls":[{"url":"https://t.co/Git7hYueFF","expanded_url":"https://link.medium.com/1vmTyHVmmT","display_url":"link.medium.com/1vmTyHVmmT","indices":[74,97]}],"user_mentions":[{"screen_name":"startupdareal","name":"Startupdareal","id":932675351913926700,"id_str":"932675351913926656","indices":[59,73]}],"symbols":[]},"favorited":false,"retweeted":false,"possibly_sensitive":false,"filter_level":"low","lang":"pt"},"is_quote_status":false,"quote_count":0,"reply_count":0,"retweet_count":0,"favorite_count":0,"entities":{"hashtags":[],"urls":[{"url":"https://t.co/Git7hYueFF","expanded_url":"https://link.medium.com/1vmTyHVmmT","display_url":"link.medium.com/1vmTyHVmmT","indices":[87,110]}],"user_mentions":[{"screen_name":"LsfIgor","name":"Igor","id":3241463265,"id_str":"3241463265","indices":[3,11]},{"screen_name":"startupdareal","name":"Startupdareal","id":932675351913926700,"id_str":"932675351913926656","indices":[72,86]}],"symbols":[]},"favorited":false,"retweeted":false,"possibly_sensitive":false,"filter_level":"low","lang":"pt","matching_rules":[{"tag":null}]}