{"created_at":"Thu Jan 10 04:09:23 +0000 2019","id":1083214195041230800,"id_str":"1083214195041230848","text":"RT @demori: São pilheiros do dinheiro público tipo esse cara aqui, o Matheus, criador de uma arroba bem famosa aqui no Twitter que vem paga…","source":"<a href=\"http://twitter.com/download/iphone\" rel=\"nofollow\">Twitter for iPhone</a>","truncated":false,"in_reply_to_status_id":null,"in_reply_to_status_id_str":null,"in_reply_to_user_id":null,"in_reply_to_user_id_str":null,"in_reply_to_screen_name":null,"user":{"id":932675351913926700,"id_str":"932675351913926656","name":"Startupdareal","screen_name":"startupdareal","location":"San Francisco, CA","url":"https://medium.com/startup-da-real","description":"#1 lugar livro de empreendedorismo mais vendido na Amazon, com \"Este livro não vai te deixar rico\"","translator_type":"none","protected":false,"verified":false,"followers_count":25736,"friends_count":176,"listed_count":112,"favourites_count":20411,"statuses_count":17948,"created_at":"Mon Nov 20 18:21:46 +0000 2017","utc_offset":null,"time_zone":null,"geo_enabled":true,"lang":"en","contributors_enabled":false,"is_translator":false,"profile_background_color":"000000","profile_background_image_url":"http://abs.twimg.com/images/themes/theme1/bg.png","profile_background_image_url_https":"https://abs.twimg.com/images/themes/theme1/bg.png","profile_background_tile":false,"profile_link_color":"FAB81E","profile_sidebar_border_color":"000000","profile_sidebar_fill_color":"000000","profile_text_color":"000000","profile_use_background_image":false,"profile_image_url":"http://pbs.twimg.com/profile_images/932680310336180226/PXZJpu93_normal.jpg","profile_image_url_https":"https://pbs.twimg.com/profile_images/932680310336180226/PXZJpu93_normal.jpg","profile_banner_url":"https://pbs.twimg.com/profile_banners/932675351913926656/1511203272","default_profile":false,"default_profile_image":false,"following":null,"follow_request_sent":null,"notifications":null},"geo":null,"coordinates":null,"place":null,"contributors":null,"retweeted_status":{"created_at":"Thu Jan 10 02:36:16 +0000 2019","id":1083190760118386700,"id_str":"1083190760118386688","text":"São pilheiros do dinheiro público tipo esse cara aqui, o Matheus, criador de uma arroba bem famosa aqui no Twitter… https://t.co/Bbt0RKZsdh","source":"<a href=\"http://twitter.com/download/iphone\" rel=\"nofollow\">Twitter for iPhone</a>","truncated":true,"in_reply_to_status_id":1083189149673365500,"in_reply_to_status_id_str":"1083189149673365504","in_reply_to_user_id":15675149,"in_reply_to_user_id_str":"15675149","in_reply_to_screen_name":"demori","user":{"id":15675149,"id_str":"15675149","name":"Leandro Demori","screen_name":"demori","location":null,"url":"https://www.amazon.com.br/Livros-Leandro-Demori/s?rh=n%3A6740748011%2Cp_27%3ALeandro+Demori","description":"Editor-executivo @theinterceptbr. Diretor @abraji. Autor de «Cosa Nostra no Brasil, a história do mafioso que derrubou um Império». http://goo.gl/jiNurH","translator_type":"none","protected":false,"verified":true,"followers_count":45207,"friends_count":2423,"listed_count":429,"favourites_count":22691,"statuses_count":8079,"created_at":"Thu Jul 31 14:29:44 +0000 2008","utc_offset":null,"time_zone":null,"geo_enabled":true,"lang":"pt","contributors_enabled":false,"is_translator":false,"profile_background_color":"FFFFFF","profile_background_image_url":"http://abs.twimg.com/images/themes/theme1/bg.png","profile_background_image_url_https":"https://abs.twimg.com/images/themes/theme1/bg.png","profile_background_tile":true,"profile_link_color":"FF0000","profile_sidebar_border_color":"FFFFFF","profile_sidebar_fill_color":"EDE4ED","profile_text_color":"000000","profile_use_background_image":true,"profile_image_url":"http://pbs.twimg.com/profile_images/1080093267780341761/YxKd7T3T_normal.jpg","profile_image_url_https":"https://pbs.twimg.com/profile_images/1080093267780341761/YxKd7T3T_normal.jpg","profile_banner_url":"https://pbs.twimg.com/profile_banners/15675149/1549026733","default_profile":false,"default_profile_image":false,"following":null,"follow_request_sent":null,"notifications":null},"geo":null,"coordinates":null,"place":null,"contributors":null,"is_quote_status":false,"extended_tweet":{"full_text":"São pilheiros do dinheiro público tipo esse cara aqui, o Matheus, criador de uma arroba bem famosa aqui no Twitter que vem pagando de \"jornalista investigativo\" (dando Google no portal transparência sem comprovar nenhum crime ou irregularidade) https://t.co/uC9R5GsqQv","display_text_range":[0,268],"entities":{"hashtags":[],"urls":[{"url":"https://t.co/uC9R5GsqQv","expanded_url":"https://noticias.uol.com.br/politica/ultimas-noticias/2019/01/04/bolsonaro-tera-como-assessores-dois-ex-funcionarios-do-filho-carlos.htm","display_url":"noticias.uol.com.br/politica/ultim…","indices":[245,268]}],"user_mentions":[],"symbols":[]}},"quote_count":0,"reply_count":5,"retweet_count":40,"favorite_count":150,"entities":{"hashtags":[],"urls":[{"url":"https://t.co/Bbt0RKZsdh","expanded_url":"https://twitter.com/i/web/status/1083190760118386688","display_url":"twitter.com/i/web/status/1…","indices":[116,139]}],"user_mentions":[],"symbols":[]},"favorited":false,"retweeted":false,"possibly_sensitive":false,"filter_level":"low","lang":"pt"},"is_quote_status":false,"quote_count":0,"reply_count":0,"retweet_count":0,"favorite_count":0,"entities":{"hashtags":[],"urls":[],"user_mentions":[{"screen_name":"demori","name":"𝙻𝚎𝚊𝚗𝚍𝚛𝚘 𝙳𝚎𝚖𝚘𝚛𝚒","id":15675149,"id_str":"15675149","indices":[3,10]}],"symbols":[]},"favorited":false,"retweeted":false,"filter_level":"low","lang":"pt","matching_rules":[{"tag":null}]}