{"created_at":"Sat Jan 12 02:25:03 +0000 2019","id":1083912714764861400,"id_str":"1083912714764861440","text":"RT @aquijuz: Não acabou, tem que acabar:\n1) a polícia militar\n2) Israel https://t.co/1MDzAargtO","source":"<a href=\"http://twitter.com/download/iphone\" rel=\"nofollow\">Twitter for iPhone</a>","truncated":false,"in_reply_to_status_id":null,"in_reply_to_status_id_str":null,"in_reply_to_user_id":null,"in_reply_to_user_id_str":null,"in_reply_to_screen_name":null,"user":{"id":932675351913926700,"id_str":"932675351913926656","name":"Startupdareal","screen_name":"startupdareal","location":"San Francisco, CA","url":"https://medium.com/startup-da-real","description":"#1 lugar livro de empreendedorismo mais vendido na Amazon, com \"Este livro não vai te deixar rico\"","translator_type":"none","protected":false,"verified":false,"followers_count":25857,"friends_count":176,"listed_count":113,"favourites_count":20540,"statuses_count":18075,"created_at":"Mon Nov 20 18:21:46 +0000 2017","utc_offset":null,"time_zone":null,"geo_enabled":true,"lang":"en","contributors_enabled":false,"is_translator":false,"profile_background_color":"000000","profile_background_image_url":"http://abs.twimg.com/images/themes/theme1/bg.png","profile_background_image_url_https":"https://abs.twimg.com/images/themes/theme1/bg.png","profile_background_tile":false,"profile_link_color":"FAB81E","profile_sidebar_border_color":"000000","profile_sidebar_fill_color":"000000","profile_text_color":"000000","profile_use_background_image":false,"profile_image_url":"http://pbs.twimg.com/profile_images/932680310336180226/PXZJpu93_normal.jpg","profile_image_url_https":"https://pbs.twimg.com/profile_images/932680310336180226/PXZJpu93_normal.jpg","profile_banner_url":"https://pbs.twimg.com/profile_banners/932675351913926656/1511203272","default_profile":false,"default_profile_image":false,"following":null,"follow_request_sent":null,"notifications":null},"geo":null,"coordinates":null,"place":null,"contributors":null,"retweeted_status":{"created_at":"Sat Jan 12 01:49:15 +0000 2019","id":1083903705190146000,"id_str":"1083903705190146048","text":"Não acabou, tem que acabar:\n1) a polícia militar\n2) Israel https://t.co/1MDzAargtO","display_text_range":[0,58],"source":"<a href=\"http://twitter.com/download/android\" rel=\"nofollow\">Twitter for Android</a>","truncated":false,"in_reply_to_status_id":null,"in_reply_to_status_id_str":null,"in_reply_to_user_id":null,"in_reply_to_user_id_str":null,"in_reply_to_screen_name":null,"user":{"id":34991631,"id_str":"34991631","name":"da lama ao caos, do caos à lama","screen_name":"aquijuz","location":"São Paulo, SP","url":null,"description":"Preguiça is the mind killer","translator_type":"none","protected":false,"verified":false,"followers_count":294,"friends_count":281,"listed_count":13,"favourites_count":6973,"statuses_count":11616,"created_at":"Fri Apr 24 18:01:53 +0000 2009","utc_offset":null,"time_zone":null,"geo_enabled":false,"lang":"en","contributors_enabled":false,"is_translator":false,"profile_background_color":"000000","profile_background_image_url":"http://abs.twimg.com/images/themes/theme9/bg.gif","profile_background_image_url_https":"https://abs.twimg.com/images/themes/theme9/bg.gif","profile_background_tile":true,"profile_link_color":"8B0000","profile_sidebar_border_color":"8B0000","profile_sidebar_fill_color":"DCDCDC","profile_text_color":"666666","profile_use_background_image":true,"profile_image_url":"http://pbs.twimg.com/profile_images/928629694467051521/VrMwtDK0_normal.jpg","profile_image_url_https":"https://pbs.twimg.com/profile_images/928629694467051521/VrMwtDK0_normal.jpg","profile_banner_url":"https://pbs.twimg.com/profile_banners/34991631/1531091798","default_profile":false,"default_profile_image":false,"following":null,"follow_request_sent":null,"notifications":null},"geo":null,"coordinates":null,"place":null,"contributors":null,"quoted_status_id":1083809375561629700,"quoted_status_id_str":"1083809375561629698","quoted_status":{"created_at":"Fri Jan 11 19:34:25 +0000 2019","id":1083809375561629700,"id_str":"1083809375561629698","text":"Cheguei tarde pra esse lance do \"1 like 1 causo\" mas vamos lá, se flopar flopou: 1 like = 1 curiosidade das minhas… https://t.co/Ac0g0lQE2O","source":"<a href=\"http://twitter.com\" rel=\"nofollow\">Twitter Web Client</a>","truncated":true,"in_reply_to_status_id":null,"in_reply_to_status_id_str":null,"in_reply_to_user_id":null,"in_reply_to_user_id_str":null,"in_reply_to_screen_name":null,"user":{"id":33837097,"id_str":"33837097","name":"P.P. Bocca","screen_name":"ppbocca","location":"São Paulo, Brasil","url":"http://instagram.com/ppbocca","description":"It's a leap of faith. That's all it is, Miles. A leap of faith.","translator_type":"none","protected":false,"verified":false,"followers_count":682,"friends_count":567,"listed_count":8,"favourites_count":20780,"statuses_count":16043,"created_at":"Tue Apr 21 06:52:13 +0000 2009","utc_offset":null,"time_zone":null,"geo_enabled":false,"lang":"pt","contributors_enabled":false,"is_translator":false,"profile_background_color":"EDECE9","profile_background_image_url":"http://abs.twimg.com/images/themes/theme9/bg.gif","profile_background_image_url_https":"https://abs.twimg.com/images/themes/theme9/bg.gif","profile_background_tile":false,"profile_link_color":"088253","profile_sidebar_border_color":"D3D2CF","profile_sidebar_fill_color":"E3E2DE","profile_text_color":"634047","profile_use_background_image":true,"profile_image_url":"http://pbs.twimg.com/profile_images/1080505079130714113/_A8WZeqs_normal.jpg","profile_image_url_https":"https://pbs.twimg.com/profile_images/1080505079130714113/_A8WZeqs_normal.jpg","profile_banner_url":"https://pbs.twimg.com/profile_banners/33837097/1545580608","default_profile":false,"default_profile_image":false,"following":null,"follow_request_sent":null,"notifications":null},"geo":null,"coordinates":null,"place":null,"contributors":null,"is_quote_status":false,"extended_tweet":{"full_text":"Cheguei tarde pra esse lance do \"1 like 1 causo\" mas vamos lá, se flopar flopou: 1 like = 1 curiosidade das minhas andanças pela Palestina 🇵🇸","display_text_range":[0,141],"entities":{"hashtags":[],"urls":[],"user_mentions":[],"symbols":[]}},"quote_count":0,"reply_count":37,"retweet_count":407,"favorite_count":1490,"entities":{"hashtags":[],"urls":[{"url":"https://t.co/Ac0g0lQE2O","expanded_url":"https://twitter.com/i/web/status/1083809375561629698","display_url":"twitter.com/i/web/status/1…","indices":[116,139]}],"user_mentions":[],"symbols":[]},"favorited":false,"retweeted":false,"filter_level":"low","lang":"pt"},"quoted_status_permalink":{"url":"https://t.co/1MDzAargtO","expanded":"https://twitter.com/ppbocca/status/1083809375561629698","display":"twitter.com/ppbocca/status…"},"is_quote_status":true,"quote_count":0,"reply_count":1,"retweet_count":10,"favorite_count":79,"entities":{"hashtags":[],"urls":[{"url":"https://t.co/1MDzAargtO","expanded_url":"https://twitter.com/ppbocca/status/1083809375561629698","display_url":"twitter.com/ppbocca/status…","indices":[59,82]}],"user_mentions":[],"symbols":[]},"favorited":false,"retweeted":false,"possibly_sensitive":false,"filter_level":"low","lang":"pt"},"quoted_status_id":1083809375561629700,"quoted_status_id_str":"1083809375561629698","quoted_status":{"created_at":"Fri Jan 11 19:34:25 +0000 2019","id":1083809375561629700,"id_str":"1083809375561629698","text":"Cheguei tarde pra esse lance do \"1 like 1 causo\" mas vamos lá, se flopar flopou: 1 like = 1 curiosidade das minhas… https://t.co/Ac0g0lQE2O","source":"<a href=\"http://twitter.com\" rel=\"nofollow\">Twitter Web Client</a>","truncated":true,"in_reply_to_status_id":null,"in_reply_to_status_id_str":null,"in_reply_to_user_id":null,"in_reply_to_user_id_str":null,"in_reply_to_screen_name":null,"user":{"id":33837097,"id_str":"33837097","name":"P.P. Bocca","screen_name":"ppbocca","location":"São Paulo, Brasil","url":"http://instagram.com/ppbocca","description":"It's a leap of faith. That's all it is, Miles. A leap of faith.","translator_type":"none","protected":false,"verified":false,"followers_count":682,"friends_count":567,"listed_count":8,"favourites_count":20780,"statuses_count":16043,"created_at":"Tue Apr 21 06:52:13 +0000 2009","utc_offset":null,"time_zone":null,"geo_enabled":false,"lang":"pt","contributors_enabled":false,"is_translator":false,"profile_background_color":"EDECE9","profile_background_image_url":"http://abs.twimg.com/images/themes/theme9/bg.gif","profile_background_image_url_https":"https://abs.twimg.com/images/themes/theme9/bg.gif","profile_background_tile":false,"profile_link_color":"088253","profile_sidebar_border_color":"D3D2CF","profile_sidebar_fill_color":"E3E2DE","profile_text_color":"634047","profile_use_background_image":true,"profile_image_url":"http://pbs.twimg.com/profile_images/1080505079130714113/_A8WZeqs_normal.jpg","profile_image_url_https":"https://pbs.twimg.com/profile_images/1080505079130714113/_A8WZeqs_normal.jpg","profile_banner_url":"https://pbs.twimg.com/profile_banners/33837097/1545580608","default_profile":false,"default_profile_image":false,"following":null,"follow_request_sent":null,"notifications":null},"geo":null,"coordinates":null,"place":null,"contributors":null,"is_quote_status":false,"extended_tweet":{"full_text":"Cheguei tarde pra esse lance do \"1 like 1 causo\" mas vamos lá, se flopar flopou: 1 like = 1 curiosidade das minhas andanças pela Palestina 🇵🇸","display_text_range":[0,141],"entities":{"hashtags":[],"urls":[],"user_mentions":[],"symbols":[]}},"quote_count":0,"reply_count":37,"retweet_count":407,"favorite_count":1490,"entities":{"hashtags":[],"urls":[{"url":"https://t.co/Ac0g0lQE2O","expanded_url":"https://twitter.com/i/web/status/1083809375561629698","display_url":"twitter.com/i/web/status/1…","indices":[116,139]}],"user_mentions":[],"symbols":[]},"favorited":false,"retweeted":false,"filter_level":"low","lang":"pt"},"quoted_status_permalink":{"url":"https://t.co/1MDzAargtO","expanded":"https://twitter.com/ppbocca/status/1083809375561629698","display":"twitter.com/ppbocca/status…"},"is_quote_status":true,"quote_count":0,"reply_count":0,"retweet_count":0,"favorite_count":0,"entities":{"hashtags":[],"urls":[{"url":"https://t.co/1MDzAargtO","expanded_url":"https://twitter.com/ppbocca/status/1083809375561629698","display_url":"twitter.com/ppbocca/status…","indices":[72,95]}],"user_mentions":[{"screen_name":"aquijuz","name":"da lama ao caos, do caos à lama","id":34991631,"id_str":"34991631","indices":[3,11]}],"symbols":[]},"favorited":false,"retweeted":false,"possibly_sensitive":false,"filter_level":"low","lang":"pt","matching_rules":[{"tag":null}]}