{"created_at":"Wed Jan 09 18:43:24 +0000 2019","id":1083071757295198200,"id_str":"1083071757295198208","text":"RT @PicturesFoIder: https://t.co/xgCbYQta0k","source":"<a href=\"http://twitter.com\" rel=\"nofollow\">Twitter Web Client</a>","truncated":false,"in_reply_to_status_id":null,"in_reply_to_status_id_str":null,"in_reply_to_user_id":null,"in_reply_to_user_id_str":null,"in_reply_to_screen_name":null,"user":{"id":932675351913926700,"id_str":"932675351913926656","name":"Startupdareal","screen_name":"startupdareal","location":"San Francisco, CA","url":"https://medium.com/startup-da-real","description":"#1 lugar livro de empreendedorismo mais vendido na Amazon, com \"Este livro não vai te deixar rico\"","translator_type":"none","protected":false,"verified":false,"followers_count":25736,"friends_count":176,"listed_count":112,"favourites_count":20411,"statuses_count":17948,"created_at":"Mon Nov 20 18:21:46 +0000 2017","utc_offset":null,"time_zone":null,"geo_enabled":true,"lang":"en","contributors_enabled":false,"is_translator":false,"profile_background_color":"000000","profile_background_image_url":"http://abs.twimg.com/images/themes/theme1/bg.png","profile_background_image_url_https":"https://abs.twimg.com/images/themes/theme1/bg.png","profile_background_tile":false,"profile_link_color":"FAB81E","profile_sidebar_border_color":"000000","profile_sidebar_fill_color":"000000","profile_text_color":"000000","profile_use_background_image":false,"profile_image_url":"http://pbs.twimg.com/profile_images/932680310336180226/PXZJpu93_normal.jpg","profile_image_url_https":"https://pbs.twimg.com/profile_images/932680310336180226/PXZJpu93_normal.jpg","profile_banner_url":"https://pbs.twimg.com/profile_banners/932675351913926656/1511203272","default_profile":false,"default_profile_image":false,"following":null,"follow_request_sent":null,"notifications":null},"geo":null,"coordinates":null,"place":null,"contributors":null,"retweeted_status":{"created_at":"Sun Jan 06 23:33:14 +0000 2019","id":1082057533295128600,"id_str":"1082057533295128576","text":"https://t.co/xgCbYQta0k","display_text_range":[0,0],"source":"<a href=\"http://twitter.com/download/iphone\" rel=\"nofollow\">Twitter for iPhone</a>","truncated":false,"in_reply_to_status_id":null,"in_reply_to_status_id_str":null,"in_reply_to_user_id":null,"in_reply_to_user_id_str":null,"in_reply_to_screen_name":null,"user":{"id":2538322138,"id_str":"2538322138","name":"non aesthetic things","screen_name":"PicturesFoIder","location":"Dm promo","url":null,"description":"Best page in the world. Parody account","translator_type":"none","protected":false,"verified":false,"followers_count":2181704,"friends_count":0,"listed_count":5627,"favourites_count":1204,"statuses_count":5471,"created_at":"Sat May 10 04:08:46 +0000 2014","utc_offset":null,"time_zone":null,"geo_enabled":true,"lang":"en","contributors_enabled":false,"is_translator":false,"profile_background_color":"000000","profile_background_image_url":"http://abs.twimg.com/images/themes/theme1/bg.png","profile_background_image_url_https":"https://abs.twimg.com/images/themes/theme1/bg.png","profile_background_tile":false,"profile_link_color":"ABB8C2","profile_sidebar_border_color":"000000","profile_sidebar_fill_color":"000000","profile_text_color":"000000","profile_use_background_image":false,"profile_image_url":"http://pbs.twimg.com/profile_images/989513875124117504/UNMIb20k_normal.jpg","profile_image_url_https":"https://pbs.twimg.com/profile_images/989513875124117504/UNMIb20k_normal.jpg","profile_banner_url":"https://pbs.twimg.com/profile_banners/2538322138/1534220325","default_profile":false,"default_profile_image":false,"following":null,"follow_request_sent":null,"notifications":null},"geo":null,"coordinates":null,"place":null,"contributors":null,"is_quote_status":false,"quote_count":0,"reply_count":176,"retweet_count":15491,"favorite_count":63499,"entities":{"hashtags":[],"urls":[],"user_mentions":[],"symbols":[],"media":[{"id":1082057511119794200,"id_str":"1082057511119794176","indices":[0,23],"media_url":"http://pbs.twimg.com/media/DwQ9ksjWsAAONEC.jpg","media_url_https":"https://pbs.twimg.com/media/DwQ9ksjWsAAONEC.jpg","url":"https://t.co/xgCbYQta0k","display_url":"pic.twitter.com/xgCbYQta0k","expanded_url":"https://twitter.com/PicturesFoIder/status/1082057533295128576/photo/1","type":"photo","sizes":{"medium":{"w":580,"h":438,"resize":"fit"},"thumb":{"w":150,"h":150,"resize":"crop"},"small":{"w":580,"h":438,"resize":"fit"},"large":{"w":580,"h":438,"resize":"fit"}}}]},"extended_entities":{"media":[{"id":1082057511119794200,"id_str":"1082057511119794176","indices":[0,23],"media_url":"http://pbs.twimg.com/media/DwQ9ksjWsAAONEC.jpg","media_url_https":"https://pbs.twimg.com/media/DwQ9ksjWsAAONEC.jpg","url":"https://t.co/xgCbYQta0k","display_url":"pic.twitter.com/xgCbYQta0k","expanded_url":"https://twitter.com/PicturesFoIder/status/1082057533295128576/photo/1","type":"photo","sizes":{"medium":{"w":580,"h":438,"resize":"fit"},"thumb":{"w":150,"h":150,"resize":"crop"},"small":{"w":580,"h":438,"resize":"fit"},"large":{"w":580,"h":438,"resize":"fit"}}}]},"favorited":false,"retweeted":false,"possibly_sensitive":false,"filter_level":"low","lang":"und"},"is_quote_status":false,"quote_count":0,"reply_count":0,"retweet_count":0,"favorite_count":0,"entities":{"hashtags":[],"urls":[],"user_mentions":[{"screen_name":"PicturesFoIder","name":"non aesthetic things","id":2538322138,"id_str":"2538322138","indices":[3,18]}],"symbols":[],"media":[{"id":1082057511119794200,"id_str":"1082057511119794176","indices":[20,43],"media_url":"http://pbs.twimg.com/media/DwQ9ksjWsAAONEC.jpg","media_url_https":"https://pbs.twimg.com/media/DwQ9ksjWsAAONEC.jpg","url":"https://t.co/xgCbYQta0k","display_url":"pic.twitter.com/xgCbYQta0k","expanded_url":"https://twitter.com/PicturesFoIder/status/1082057533295128576/photo/1","type":"photo","sizes":{"medium":{"w":580,"h":438,"resize":"fit"},"thumb":{"w":150,"h":150,"resize":"crop"},"small":{"w":580,"h":438,"resize":"fit"},"large":{"w":580,"h":438,"resize":"fit"}},"source_status_id":1082057533295128600,"source_status_id_str":"1082057533295128576","source_user_id":2538322138,"source_user_id_str":"2538322138"}]},"extended_entities":{"media":[{"id":1082057511119794200,"id_str":"1082057511119794176","indices":[20,43],"media_url":"http://pbs.twimg.com/media/DwQ9ksjWsAAONEC.jpg","media_url_https":"https://pbs.twimg.com/media/DwQ9ksjWsAAONEC.jpg","url":"https://t.co/xgCbYQta0k","display_url":"pic.twitter.com/xgCbYQta0k","expanded_url":"https://twitter.com/PicturesFoIder/status/1082057533295128576/photo/1","type":"photo","sizes":{"medium":{"w":580,"h":438,"resize":"fit"},"thumb":{"w":150,"h":150,"resize":"crop"},"small":{"w":580,"h":438,"resize":"fit"},"large":{"w":580,"h":438,"resize":"fit"}},"source_status_id":1082057533295128600,"source_status_id_str":"1082057533295128576","source_user_id":2538322138,"source_user_id_str":"2538322138"}]},"favorited":false,"retweeted":false,"possibly_sensitive":false,"filter_level":"low","lang":"und","matching_rules":[{"tag":null}]}