{"created_at":"Fri Jan 11 16:57:28 +0000 2019","id":1083769875389141000,"id_str":"1083769875389140992","text":"RT @foIha_sp: Trump teria oferecido 30 espelhos e 10 pano de prato do smilinguido a Bolsonaro em troca da Amazônia\nhttps://t.co/lcN9ITJaAC…","source":"<a href=\"http://twitter.com/download/iphone\" rel=\"nofollow\">Twitter for iPhone</a>","truncated":false,"in_reply_to_status_id":null,"in_reply_to_status_id_str":null,"in_reply_to_user_id":null,"in_reply_to_user_id_str":null,"in_reply_to_screen_name":null,"user":{"id":932675351913926700,"id_str":"932675351913926656","name":"Startupdareal","screen_name":"startupdareal","location":"San Francisco, CA","url":"https://medium.com/startup-da-real","description":"#1 lugar livro de empreendedorismo mais vendido na Amazon, com \"Este livro não vai te deixar rico\"","translator_type":"none","protected":false,"verified":false,"followers_count":25857,"friends_count":176,"listed_count":113,"favourites_count":20540,"statuses_count":18075,"created_at":"Mon Nov 20 18:21:46 +0000 2017","utc_offset":null,"time_zone":null,"geo_enabled":true,"lang":"en","contributors_enabled":false,"is_translator":false,"profile_background_color":"000000","profile_background_image_url":"http://abs.twimg.com/images/themes/theme1/bg.png","profile_background_image_url_https":"https://abs.twimg.com/images/themes/theme1/bg.png","profile_background_tile":false,"profile_link_color":"FAB81E","profile_sidebar_border_color":"000000","profile_sidebar_fill_color":"000000","profile_text_color":"000000","profile_use_background_image":false,"profile_image_url":"http://pbs.twimg.com/profile_images/932680310336180226/PXZJpu93_normal.jpg","profile_image_url_https":"https://pbs.twimg.com/profile_images/932680310336180226/PXZJpu93_normal.jpg","profile_banner_url":"https://pbs.twimg.com/profile_banners/932675351913926656/1511203272","default_profile":false,"default_profile_image":false,"following":null,"follow_request_sent":null,"notifications":null},"geo":null,"coordinates":null,"place":null,"contributors":null,"retweeted_status":{"created_at":"Tue Jan 08 23:57:56 +0000 2019","id":1082788527564312600,"id_str":"1082788527564312579","text":"Trump teria oferecido 30 espelhos e 10 pano de prato do smilinguido a Bolsonaro em troca da Amazônia… https://t.co/7cEULu71zD","display_text_range":[0,140],"source":"<a href=\"https://about.twitter.com/products/tweetdeck\" rel=\"nofollow\">TweetDeck</a>","truncated":true,"in_reply_to_status_id":null,"in_reply_to_status_id_str":null,"in_reply_to_user_id":null,"in_reply_to_user_id_str":null,"in_reply_to_screen_name":null,"user":{"id":474595805,"id_str":"474595805","name":"Falha de S.Paulo","screen_name":"foIha_sp","location":"São Paulo, Brasil","url":"https://www.instagram.com/falha_sp/","description":"Perfil não oficial, apenas uma sátira, não leve nada a sério o que você vir por aqui, todas as notícias são fictícias. Enviem sugestões via DM.","translator_type":"none","protected":false,"verified":false,"followers_count":185853,"friends_count":240,"listed_count":157,"favourites_count":0,"statuses_count":634,"created_at":"Thu Jan 26 04:38:10 +0000 2012","utc_offset":null,"time_zone":null,"geo_enabled":false,"lang":"pt","contributors_enabled":false,"is_translator":false,"profile_background_color":"FF0000","profile_background_image_url":"http://abs.twimg.com/images/themes/theme12/bg.gif","profile_background_image_url_https":"https://abs.twimg.com/images/themes/theme12/bg.gif","profile_background_tile":false,"profile_link_color":"BADFCD","profile_sidebar_border_color":"C0DEED","profile_sidebar_fill_color":"DDEEF6","profile_text_color":"333333","profile_use_background_image":false,"profile_image_url":"http://pbs.twimg.com/profile_images/1065282176697159680/0rWosXD0_normal.jpg","profile_image_url_https":"https://pbs.twimg.com/profile_images/1065282176697159680/0rWosXD0_normal.jpg","profile_banner_url":"https://pbs.twimg.com/profile_banners/474595805/1547277623","default_profile":false,"default_profile_image":false,"following":null,"follow_request_sent":null,"notifications":null},"geo":null,"coordinates":null,"place":null,"contributors":null,"is_quote_status":false,"extended_tweet":{"full_text":"Trump teria oferecido 30 espelhos e 10 pano de prato do smilinguido a Bolsonaro em troca da Amazônia\nhttps://t.co/lcN9ITJaAC https://t.co/iV09lKq6Qm","display_text_range":[0,124],"entities":{"hashtags":[],"urls":[{"url":"https://t.co/lcN9ITJaAC","expanded_url":"http://bit.ly/2ztU1er","display_url":"bit.ly/2ztU1er","indices":[101,124]}],"user_mentions":[],"symbols":[],"media":[{"id":1082787534042738700,"id_str":"1082787534042738689","indices":[125,148],"media_url":"http://pbs.twimg.com/media/DwbVhn3WsAEiRB1.jpg","media_url_https":"https://pbs.twimg.com/media/DwbVhn3WsAEiRB1.jpg","url":"https://t.co/iV09lKq6Qm","display_url":"pic.twitter.com/iV09lKq6Qm","expanded_url":"https://twitter.com/foIha_sp/status/1082788527564312579/photo/1","type":"photo","sizes":{"medium":{"w":678,"h":381,"resize":"fit"},"thumb":{"w":150,"h":150,"resize":"crop"},"large":{"w":678,"h":381,"resize":"fit"},"small":{"w":678,"h":381,"resize":"fit"}}}]},"extended_entities":{"media":[{"id":1082787534042738700,"id_str":"1082787534042738689","indices":[125,148],"media_url":"http://pbs.twimg.com/media/DwbVhn3WsAEiRB1.jpg","media_url_https":"https://pbs.twimg.com/media/DwbVhn3WsAEiRB1.jpg","url":"https://t.co/iV09lKq6Qm","display_url":"pic.twitter.com/iV09lKq6Qm","expanded_url":"https://twitter.com/foIha_sp/status/1082788527564312579/photo/1","type":"photo","sizes":{"medium":{"w":678,"h":381,"resize":"fit"},"thumb":{"w":150,"h":150,"resize":"crop"},"large":{"w":678,"h":381,"resize":"fit"},"small":{"w":678,"h":381,"resize":"fit"}}}]}},"quote_count":0,"reply_count":321,"retweet_count":4347,"favorite_count":16239,"entities":{"hashtags":[],"urls":[{"url":"https://t.co/7cEULu71zD","expanded_url":"https://twitter.com/i/web/status/1082788527564312579","display_url":"twitter.com/i/web/status/1…","indices":[102,125]}],"user_mentions":[],"symbols":[]},"favorited":false,"retweeted":false,"possibly_sensitive":false,"filter_level":"low","lang":"pt"},"is_quote_status":false,"quote_count":0,"reply_count":0,"retweet_count":0,"favorite_count":0,"entities":{"hashtags":[],"urls":[{"url":"https://t.co/lcN9ITJaAC","expanded_url":"http://bit.ly/2ztU1er","display_url":"bit.ly/2ztU1er","indices":[115,138]}],"user_mentions":[{"screen_name":"foIha_sp","name":"Falha de S.Paulo","id":474595805,"id_str":"474595805","indices":[3,12]}],"symbols":[]},"favorited":false,"retweeted":false,"possibly_sensitive":false,"filter_level":"low","lang":"pt","matching_rules":[{"tag":null}]}