{"created_at":"Wed Jan 09 18:23:32 +0000 2019","id":1083066757844267000,"id_str":"1083066757844267011","text":"@PauloHRPinheiro @Smaylle @netomarin muito boa mesmo","display_text_range":[37,52],"source":"<a href=\"http://twitter.com\" rel=\"nofollow\">Twitter Web Client</a>","truncated":false,"in_reply_to_status_id":1083063979054911500,"in_reply_to_status_id_str":"1083063979054911488","in_reply_to_user_id":2265325102,"in_reply_to_user_id_str":"2265325102","in_reply_to_screen_name":"PauloHRPinheiro","user":{"id":932675351913926700,"id_str":"932675351913926656","name":"Startupdareal","screen_name":"startupdareal","location":"San Francisco, CA","url":"https://medium.com/startup-da-real","description":"#1 lugar livro de empreendedorismo mais vendido na Amazon, com \"Este livro não vai te deixar rico\"","translator_type":"none","protected":false,"verified":false,"followers_count":25736,"friends_count":176,"listed_count":112,"favourites_count":20411,"statuses_count":17948,"created_at":"Mon Nov 20 18:21:46 +0000 2017","utc_offset":null,"time_zone":null,"geo_enabled":true,"lang":"en","contributors_enabled":false,"is_translator":false,"profile_background_color":"000000","profile_background_image_url":"http://abs.twimg.com/images/themes/theme1/bg.png","profile_background_image_url_https":"https://abs.twimg.com/images/themes/theme1/bg.png","profile_background_tile":false,"profile_link_color":"FAB81E","profile_sidebar_border_color":"000000","profile_sidebar_fill_color":"000000","profile_text_color":"000000","profile_use_background_image":false,"profile_image_url":"http://pbs.twimg.com/profile_images/932680310336180226/PXZJpu93_normal.jpg","profile_image_url_https":"https://pbs.twimg.com/profile_images/932680310336180226/PXZJpu93_normal.jpg","profile_banner_url":"https://pbs.twimg.com/profile_banners/932675351913926656/1511203272","default_profile":false,"default_profile_image":false,"following":null,"follow_request_sent":null,"notifications":null},"geo":null,"coordinates":null,"place":null,"contributors":null,"is_quote_status":false,"quote_count":0,"reply_count":1,"retweet_count":0,"favorite_count":6,"entities":{"hashtags":[],"urls":[],"user_mentions":[{"screen_name":"PauloHRPinheiro","name":"🍊Paulo H R Pinheiro","id":2265325102,"id_str":"2265325102","indices":[0,16]},{"screen_name":"Smaylle","name":"Smaylle","id":16202631,"id_str":"16202631","indices":[17,25]},{"screen_name":"netomarin","name":"Neto Marin","id":15172162,"id_str":"15172162","indices":[26,36]}],"symbols":[]},"favorited":false,"retweeted":false,"filter_level":"low","lang":"pt","matching_rules":[{"tag":null}]}