{"created_at":"Fri Jan 11 17:09:37 +0000 2019","id":1083772933300981800,"id_str":"1083772933300981762","text":"@rebokel @fepacheco @jwallauer O @fabioyabu não gosta de quem fala \"não é sobre...\" mas eu vou falar. Marie Kondo n… https://t.co/xi6WUGgGB9","display_text_range":[31,140],"source":"<a href=\"http://twitter.com/download/android\" rel=\"nofollow\">Twitter for Android</a>","truncated":true,"in_reply_to_status_id":1083768347110633500,"in_reply_to_status_id_str":"1083768347110633478","in_reply_to_user_id":12951442,"in_reply_to_user_id_str":"12951442","in_reply_to_screen_name":"rebokel","user":{"id":572,"id_str":"572","name":"crisdias","screen_name":"crisdias","location":"São Paulo, Brasil","url":"http://www.boanoiteinternet.com.br/","description":"Um guerreirinho","translator_type":"none","protected":false,"verified":false,"followers_count":124070,"friends_count":895,"listed_count":1069,"favourites_count":34027,"statuses_count":59431,"created_at":"Thu Jul 13 00:33:22 +0000 2006","utc_offset":null,"time_zone":null,"geo_enabled":true,"lang":"pt","contributors_enabled":false,"is_translator":false,"profile_background_color":"FFFFFF","profile_background_image_url":"http://abs.twimg.com/images/themes/theme1/bg.png","profile_background_image_url_https":"https://abs.twimg.com/images/themes/theme1/bg.png","profile_background_tile":true,"profile_link_color":"447111","profile_sidebar_border_color":"FFFFFF","profile_sidebar_fill_color":"DADADA","profile_text_color":"000000","profile_use_background_image":true,"profile_image_url":"http://pbs.twimg.com/profile_images/1090569309120856065/UjDOB3rS_normal.jpg","profile_image_url_https":"https://pbs.twimg.com/profile_images/1090569309120856065/UjDOB3rS_normal.jpg","profile_banner_url":"https://pbs.twimg.com/profile_banners/572/1544732378","default_profile":false,"default_profile_image":false,"following":null,"follow_request_sent":null,"notifications":null},"geo":null,"coordinates":null,"place":null,"contributors":null,"is_quote_status":false,"extended_tweet":{"full_text":"@rebokel @fepacheco @jwallauer O @fabioyabu não gosta de quem fala \"não é sobre...\" mas eu vou falar. Marie Kondo não é sobre arrumar gavetas. (e a série é ruim mesmo)\n\nPra saber mais sintonize domingo no Boa Noite Internet","display_text_range":[31,223],"entities":{"hashtags":[],"urls":[],"user_mentions":[{"screen_name":"rebokel","name":"rebokel","id":12951442,"id_str":"12951442","indices":[0,8]},{"screen_name":"fepacheco","name":"Felipe Pacheco","id":8075312,"id_str":"8075312","indices":[9,19]},{"screen_name":"jwallauer","name":"Diva Laura","id":16089130,"id_str":"16089130","indices":[20,30]},{"screen_name":"fabioyabu","name":"Fábio Yabu","id":8334342,"id_str":"8334342","indices":[33,43]}],"symbols":[]}},"quote_count":0,"reply_count":3,"retweet_count":0,"favorite_count":11,"entities":{"hashtags":[],"urls":[{"url":"https://t.co/xi6WUGgGB9","expanded_url":"https://twitter.com/i/web/status/1083772933300981762","display_url":"twitter.com/i/web/status/1…","indices":[117,140]}],"user_mentions":[{"screen_name":"rebokel","name":"rebokel","id":12951442,"id_str":"12951442","indices":[0,8]},{"screen_name":"fepacheco","name":"Felipe Pacheco","id":8075312,"id_str":"8075312","indices":[9,19]},{"screen_name":"jwallauer","name":"Diva Laura","id":16089130,"id_str":"16089130","indices":[20,30]},{"screen_name":"fabioyabu","name":"Fábio Yabu","id":8334342,"id_str":"8334342","indices":[33,43]}],"symbols":[]},"favorited":false,"retweeted":false,"filter_level":"low","lang":"pt","matching_rules":[{"tag":null}]}