{"created_at":"Thu Jan 10 01:23:25 +0000 2019","id":1083172427063087100,"id_str":"1083172427063087105","text":"eahieahieuaheaiuhaieuea vai sim https://t.co/uTHGfIxFvC","display_text_range":[0,31],"source":"<a href=\"http://twitter.com\" rel=\"nofollow\">Twitter Web Client</a>","truncated":false,"in_reply_to_status_id":null,"in_reply_to_status_id_str":null,"in_reply_to_user_id":null,"in_reply_to_user_id_str":null,"in_reply_to_screen_name":null,"user":{"id":932675351913926700,"id_str":"932675351913926656","name":"Startupdareal","screen_name":"startupdareal","location":"San Francisco, CA","url":"https://medium.com/startup-da-real","description":"#1 lugar livro de empreendedorismo mais vendido na Amazon, com \"Este livro não vai te deixar rico\"","translator_type":"none","protected":false,"verified":false,"followers_count":25736,"friends_count":176,"listed_count":112,"favourites_count":20411,"statuses_count":17948,"created_at":"Mon Nov 20 18:21:46 +0000 2017","utc_offset":null,"time_zone":null,"geo_enabled":true,"lang":"en","contributors_enabled":false,"is_translator":false,"profile_background_color":"000000","profile_background_image_url":"http://abs.twimg.com/images/themes/theme1/bg.png","profile_background_image_url_https":"https://abs.twimg.com/images/themes/theme1/bg.png","profile_background_tile":false,"profile_link_color":"FAB81E","profile_sidebar_border_color":"000000","profile_sidebar_fill_color":"000000","profile_text_color":"000000","profile_use_background_image":false,"profile_image_url":"http://pbs.twimg.com/profile_images/932680310336180226/PXZJpu93_normal.jpg","profile_image_url_https":"https://pbs.twimg.com/profile_images/932680310336180226/PXZJpu93_normal.jpg","profile_banner_url":"https://pbs.twimg.com/profile_banners/932675351913926656/1511203272","default_profile":false,"default_profile_image":false,"following":null,"follow_request_sent":null,"notifications":null},"geo":null,"coordinates":null,"place":null,"contributors":null,"quoted_status_id":1083170954098946000,"quoted_status_id_str":"1083170954098946053","quoted_status":{"created_at":"Thu Jan 10 01:17:34 +0000 2019","id":1083170954098946000,"id_str":"1083170954098946053","text":"@startupdareal \"No livre mercado você vai poder escolher quais aplicativos vai querer no seu smartphone.\"","display_text_range":[15,105],"source":"<a href=\"http://twitter.com/download/android\" rel=\"nofollow\">Twitter for Android</a>","truncated":false,"in_reply_to_status_id":1083155602480816100,"in_reply_to_status_id_str":"1083155602480816128","in_reply_to_user_id":932675351913926700,"in_reply_to_user_id_str":"932675351913926656","in_reply_to_screen_name":"startupdareal","user":{"id":77857002,"id_str":"77857002","name":"Ricardo Azevedo","screen_name":"ricardotda","location":"Campinas-SP","url":null,"description":"um cabeça chata de cabeça dura | palmeiras | android developer | esquerda","translator_type":"none","protected":false,"verified":false,"followers_count":144,"friends_count":664,"listed_count":1,"favourites_count":1778,"statuses_count":1226,"created_at":"Sun Sep 27 22:57:27 +0000 2009","utc_offset":null,"time_zone":null,"geo_enabled":true,"lang":"en","contributors_enabled":false,"is_translator":false,"profile_background_color":"131516","profile_background_image_url":"http://abs.twimg.com/images/themes/theme14/bg.gif","profile_background_image_url_https":"https://abs.twimg.com/images/themes/theme14/bg.gif","profile_background_tile":true,"profile_link_color":"000000","profile_sidebar_border_color":"FFFFFF","profile_sidebar_fill_color":"EFEFEF","profile_text_color":"333333","profile_use_background_image":true,"profile_image_url":"http://pbs.twimg.com/profile_images/1069430775156785153/eIj2kPmE_normal.jpg","profile_image_url_https":"https://pbs.twimg.com/profile_images/1069430775156785153/eIj2kPmE_normal.jpg","default_profile":false,"default_profile_image":false,"following":null,"follow_request_sent":null,"notifications":null},"geo":null,"coordinates":null,"place":null,"contributors":null,"is_quote_status":false,"quote_count":0,"reply_count":1,"retweet_count":3,"favorite_count":39,"entities":{"hashtags":[],"urls":[],"user_mentions":[{"screen_name":"startupdareal","name":"Startupdareal","id":932675351913926700,"id_str":"932675351913926656","indices":[0,14]}],"symbols":[]},"favorited":false,"retweeted":false,"filter_level":"low","lang":"pt"},"quoted_status_permalink":{"url":"https://t.co/uTHGfIxFvC","expanded":"https://twitter.com/ricardotda/status/1083170954098946053","display":"twitter.com/ricardotda/sta…"},"is_quote_status":true,"quote_count":0,"reply_count":1,"retweet_count":6,"favorite_count":53,"entities":{"hashtags":[],"urls":[{"url":"https://t.co/uTHGfIxFvC","expanded_url":"https://twitter.com/ricardotda/status/1083170954098946053","display_url":"twitter.com/ricardotda/sta…","indices":[32,55]}],"user_mentions":[],"symbols":[]},"favorited":false,"retweeted":false,"possibly_sensitive":false,"filter_level":"low","lang":"et","matching_rules":[{"tag":null}]}