{"created_at":"Fri Jan 11 12:44:42 +0000 2019","id":1083706265870786600,"id_str":"1083706265870786561","text":"Isso não é assunto para filiados. Dizer isso é BIZARRO.  O PT é um partido que esta disputando poder no país onde e… https://t.co/YTraUKIK3w","display_text_range":[0,140],"source":"<a href=\"http://twitter.com\" rel=\"nofollow\">Twitter Web Client</a>","truncated":true,"in_reply_to_status_id":null,"in_reply_to_status_id_str":null,"in_reply_to_user_id":null,"in_reply_to_user_id_str":null,"in_reply_to_screen_name":null,"user":{"id":932675351913926700,"id_str":"932675351913926656","name":"Startupdareal","screen_name":"startupdareal","location":"San Francisco, CA","url":"https://medium.com/startup-da-real","description":"#1 lugar livro de empreendedorismo mais vendido na Amazon, com \"Este livro não vai te deixar rico\"","translator_type":"none","protected":false,"verified":false,"followers_count":25857,"friends_count":176,"listed_count":113,"favourites_count":20540,"statuses_count":18075,"created_at":"Mon Nov 20 18:21:46 +0000 2017","utc_offset":null,"time_zone":null,"geo_enabled":true,"lang":"en","contributors_enabled":false,"is_translator":false,"profile_background_color":"000000","profile_background_image_url":"http://abs.twimg.com/images/themes/theme1/bg.png","profile_background_image_url_https":"https://abs.twimg.com/images/themes/theme1/bg.png","profile_background_tile":false,"profile_link_color":"FAB81E","profile_sidebar_border_color":"000000","profile_sidebar_fill_color":"000000","profile_text_color":"000000","profile_use_background_image":false,"profile_image_url":"http://pbs.twimg.com/profile_images/932680310336180226/PXZJpu93_normal.jpg","profile_image_url_https":"https://pbs.twimg.com/profile_images/932680310336180226/PXZJpu93_normal.jpg","profile_banner_url":"https://pbs.twimg.com/profile_banners/932675351913926656/1511203272","default_profile":false,"default_profile_image":false,"following":null,"follow_request_sent":null,"notifications":null},"geo":null,"coordinates":null,"place":null,"contributors":null,"quoted_status_id":1083705484874580000,"quoted_status_id_str":"1083705484874579968","quoted_status":{"created_at":"Fri Jan 11 12:41:36 +0000 2019","id":1083705484874580000,"id_str":"1083705484874579968","text":"@startupdareal Pela tom do seu comentário pedindo a expulsão, achei que fosse. Isso é assunto de filiados.","display_text_range":[15,106],"source":"<a href=\"https://mobile.twitter.com\" rel=\"nofollow\">Twitter Web App</a>","truncated":false,"in_reply_to_status_id":1083704519190548500,"in_reply_to_status_id_str":"1083704519190548480","in_reply_to_user_id":932675351913926700,"in_reply_to_user_id_str":"932675351913926656","in_reply_to_screen_name":"startupdareal","user":{"id":797169914,"id_str":"797169914","name":"Rita Machadø","screen_name":"nesimachado","location":"São Paulo, Brasil","url":null,"description":"Don't let the bastards grind you down.   #LulaLivre #LulaPresoPolitico","translator_type":"none","protected":false,"verified":false,"followers_count":4036,"friends_count":4689,"listed_count":25,"favourites_count":56519,"statuses_count":45570,"created_at":"Sun Sep 02 00:30:16 +0000 2012","utc_offset":null,"time_zone":null,"geo_enabled":false,"lang":"pt","contributors_enabled":false,"is_translator":false,"profile_background_color":"4A913C","profile_background_image_url":"http://abs.twimg.com/images/themes/theme1/bg.png","profile_background_image_url_https":"https://abs.twimg.com/images/themes/theme1/bg.png","profile_background_tile":true,"profile_link_color":"072530","profile_sidebar_border_color":"FFFFFF","profile_sidebar_fill_color":"DDEEF6","profile_text_color":"333333","profile_use_background_image":true,"profile_image_url":"http://pbs.twimg.com/profile_images/1094007921724268544/4HGGRIPk_normal.jpg","profile_image_url_https":"https://pbs.twimg.com/profile_images/1094007921724268544/4HGGRIPk_normal.jpg","profile_banner_url":"https://pbs.twimg.com/profile_banners/797169914/1549420895","default_profile":false,"default_profile_image":false,"following":null,"follow_request_sent":null,"notifications":null},"geo":null,"coordinates":null,"place":null,"contributors":null,"is_quote_status":false,"quote_count":0,"reply_count":4,"retweet_count":0,"favorite_count":3,"entities":{"hashtags":[],"urls":[],"user_mentions":[{"screen_name":"startupdareal","name":"Startupdareal","id":932675351913926700,"id_str":"932675351913926656","indices":[0,14]}],"symbols":[]},"favorited":false,"retweeted":false,"filter_level":"low","lang":"pt"},"quoted_status_permalink":{"url":"https://t.co/gfUgelZIMm","expanded":"https://twitter.com/nesimachado/status/1083705484874579968","display":"twitter.com/nesimachado/st…"},"is_quote_status":true,"extended_tweet":{"full_text":"Isso não é assunto para filiados. Dizer isso é BIZARRO.  O PT é um partido que esta disputando poder no país onde eu voto, onde eu faço parte de quem DEVE criticar posições.  Talvez seja por essa maluquice que você levantou que o PT tem perdido em todas as periferias do país. https://t.co/gfUgelZIMm","display_text_range":[0,276],"entities":{"hashtags":[],"urls":[{"url":"https://t.co/gfUgelZIMm","expanded_url":"https://twitter.com/nesimachado/status/1083705484874579968","display_url":"twitter.com/nesimachado/st…","indices":[277,300]}],"user_mentions":[],"symbols":[]}},"quote_count":0,"reply_count":5,"retweet_count":4,"favorite_count":91,"entities":{"hashtags":[],"urls":[{"url":"https://t.co/YTraUKIK3w","expanded_url":"https://twitter.com/i/web/status/1083706265870786561","display_url":"twitter.com/i/web/status/1…","indices":[117,140]}],"user_mentions":[],"symbols":[]},"favorited":false,"retweeted":false,"possibly_sensitive":false,"filter_level":"low","lang":"pt","matching_rules":[{"tag":null}]}