{"created_at":"Fri Jan 11 18:29:00 +0000 2019","id":1083792911018479600,"id_str":"1083792911018479618","text":"Quando eu era criança a gente vivia sobre o medo do comunismo e uma grande história contada era de que o comunismo… https://t.co/tY8uePACIx","source":"<a href=\"http://twitter.com\" rel=\"nofollow\">Twitter Web Client</a>","truncated":true,"in_reply_to_status_id":null,"in_reply_to_status_id_str":null,"in_reply_to_user_id":null,"in_reply_to_user_id_str":null,"in_reply_to_screen_name":null,"user":{"id":572,"id_str":"572","name":"crisdias","screen_name":"crisdias","location":"São Paulo, Brasil","url":"http://www.boanoiteinternet.com.br/","description":"Um guerreirinho","translator_type":"none","protected":false,"verified":false,"followers_count":124070,"friends_count":895,"listed_count":1069,"favourites_count":34027,"statuses_count":59431,"created_at":"Thu Jul 13 00:33:22 +0000 2006","utc_offset":null,"time_zone":null,"geo_enabled":true,"lang":"pt","contributors_enabled":false,"is_translator":false,"profile_background_color":"FFFFFF","profile_background_image_url":"http://abs.twimg.com/images/themes/theme1/bg.png","profile_background_image_url_https":"https://abs.twimg.com/images/themes/theme1/bg.png","profile_background_tile":true,"profile_link_color":"447111","profile_sidebar_border_color":"FFFFFF","profile_sidebar_fill_color":"DADADA","profile_text_color":"000000","profile_use_background_image":true,"profile_image_url":"http://pbs.twimg.com/profile_images/1090569309120856065/UjDOB3rS_normal.jpg","profile_image_url_https":"https://pbs.twimg.com/profile_images/1090569309120856065/UjDOB3rS_normal.jpg","profile_banner_url":"https://pbs.twimg.com/profile_banners/572/1544732378","default_profile":false,"default_profile_image":false,"following":null,"follow_request_sent":null,"notifications":null},"geo":null,"coordinates":null,"place":null,"contributors":null,"is_quote_status":false,"extended_tweet":{"full_text":"Quando eu era criança a gente vivia sobre o medo do comunismo e uma grande história contada era de que o comunismo ia acabar com a individualidade, com a possibilidade de a gente se comunicar como quisesse. Mais especificamente, que sob o comunismo…\n\nhttps://t.co/yVhvJeUltU","display_text_range":[0,274],"entities":{"hashtags":[],"urls":[{"url":"https://t.co/yVhvJeUltU","expanded_url":"https://medium.com/@crisdias/quando-eu-era-crian%C3%A7a-a-gente-vivia-sobre-o-medo-do-comunismo-e-uma-grande-hist%C3%B3ria-contada-era-de-850a901cf323","display_url":"medium.com/@crisdias/quan…","indices":[251,274]}],"user_mentions":[],"symbols":[]}},"quote_count":0,"reply_count":0,"retweet_count":4,"favorite_count":19,"entities":{"hashtags":[],"urls":[{"url":"https://t.co/tY8uePACIx","expanded_url":"https://twitter.com/i/web/status/1083792911018479618","display_url":"twitter.com/i/web/status/1…","indices":[116,139]}],"user_mentions":[],"symbols":[]},"favorited":false,"retweeted":false,"possibly_sensitive":false,"filter_level":"low","lang":"pt","matching_rules":[{"tag":null}]}