{"created_at":"Sat Jan 12 03:45:36 +0000 2019","id":1083932983965429800,"id_str":"1083932983965429760","text":"RT @AFPFactCheck: 🇲🇽🇬🇹 Memes being shared on Facebook and Twitter claim to show heavily fortified fences on the Mexico-Guatemala border. Me…","source":"<a href=\"http://twitter.com\" rel=\"nofollow\">Twitter Web Client</a>","truncated":false,"in_reply_to_status_id":null,"in_reply_to_status_id_str":null,"in_reply_to_user_id":null,"in_reply_to_user_id_str":null,"in_reply_to_screen_name":null,"user":{"id":932675351913926700,"id_str":"932675351913926656","name":"Startupdareal","screen_name":"startupdareal","location":"San Francisco, CA","url":"https://medium.com/startup-da-real","description":"#1 lugar livro de empreendedorismo mais vendido na Amazon, com \"Este livro não vai te deixar rico\"","translator_type":"none","protected":false,"verified":false,"followers_count":25857,"friends_count":176,"listed_count":113,"favourites_count":20540,"statuses_count":18075,"created_at":"Mon Nov 20 18:21:46 +0000 2017","utc_offset":null,"time_zone":null,"geo_enabled":true,"lang":"en","contributors_enabled":false,"is_translator":false,"profile_background_color":"000000","profile_background_image_url":"http://abs.twimg.com/images/themes/theme1/bg.png","profile_background_image_url_https":"https://abs.twimg.com/images/themes/theme1/bg.png","profile_background_tile":false,"profile_link_color":"FAB81E","profile_sidebar_border_color":"000000","profile_sidebar_fill_color":"000000","profile_text_color":"000000","profile_use_background_image":false,"profile_image_url":"http://pbs.twimg.com/profile_images/932680310336180226/PXZJpu93_normal.jpg","profile_image_url_https":"https://pbs.twimg.com/profile_images/932680310336180226/PXZJpu93_normal.jpg","profile_banner_url":"https://pbs.twimg.com/profile_banners/932675351913926656/1511203272","default_profile":false,"default_profile_image":false,"following":null,"follow_request_sent":null,"notifications":null},"geo":null,"coordinates":null,"place":null,"contributors":null,"retweeted_status":{"created_at":"Fri Jan 11 23:04:59 +0000 2019","id":1083862362514436100,"id_str":"1083862362514436096","text":"🇲🇽🇬🇹 Memes being shared on Facebook and Twitter claim to show heavily fortified fences on the Mexico-Guatemala bord… https://t.co/3VFh54O1Pu","display_text_range":[0,140],"source":"<a href=\"https://about.twitter.com/products/tweetdeck\" rel=\"nofollow\">TweetDeck</a>","truncated":true,"in_reply_to_status_id":null,"in_reply_to_status_id_str":null,"in_reply_to_user_id":null,"in_reply_to_user_id_str":null,"in_reply_to_screen_name":null,"user":{"id":1002203254065950700,"id_str":"1002203254065950720","name":"AFPFactCheck 🔎","screen_name":"AFPFactCheck","location":"Worldwide","url":"https://factcheck.afp.com/","description":"Fact-checking by @AFP  Also in French @AfpFactuel In Spanish @AfpFactual  In Portuguese @AfpChecamos","translator_type":"none","protected":false,"verified":true,"followers_count":11150,"friends_count":112,"listed_count":188,"favourites_count":118,"statuses_count":607,"created_at":"Thu May 31 15:00:50 +0000 2018","utc_offset":null,"time_zone":null,"geo_enabled":false,"lang":"en","contributors_enabled":false,"is_translator":false,"profile_background_color":"F5F8FA","profile_background_image_url":"","profile_background_image_url_https":"","profile_background_tile":false,"profile_link_color":"1DA1F2","profile_sidebar_border_color":"C0DEED","profile_sidebar_fill_color":"DDEEF6","profile_text_color":"333333","profile_use_background_image":true,"profile_image_url":"http://pbs.twimg.com/profile_images/1002455710003757056/YeRDQbcf_normal.jpg","profile_image_url_https":"https://pbs.twimg.com/profile_images/1002455710003757056/YeRDQbcf_normal.jpg","profile_banner_url":"https://pbs.twimg.com/profile_banners/1002203254065950720/1528973090","default_profile":true,"default_profile_image":false,"following":null,"follow_request_sent":null,"notifications":null},"geo":null,"coordinates":null,"place":null,"contributors":null,"is_quote_status":false,"extended_tweet":{"full_text":"🇲🇽🇬🇹 Memes being shared on Facebook and Twitter claim to show heavily fortified fences on the Mexico-Guatemala border. Mexico has no such border wall with Guatemala https://t.co/3Nsw76t8nL https://t.co/vc4dewdV3S","display_text_range":[0,188],"entities":{"hashtags":[],"urls":[{"url":"https://t.co/3Nsw76t8nL","expanded_url":"http://u.afp.com/NotMexicoGuatemala","display_url":"u.afp.com/NotMexicoGuate…","indices":[165,188]}],"user_mentions":[],"symbols":[],"media":[{"id":1083862178166435800,"id_str":"1083862178166435842","indices":[189,212],"media_url":"http://pbs.twimg.com/media/Dwqm6JMXcAIK0Sl.jpg","media_url_https":"https://pbs.twimg.com/media/Dwqm6JMXcAIK0Sl.jpg","url":"https://t.co/vc4dewdV3S","display_url":"pic.twitter.com/vc4dewdV3S","expanded_url":"https://twitter.com/AFPFactCheck/status/1083862362514436096/photo/1","type":"photo","sizes":{"small":{"w":498,"h":525,"resize":"fit"},"thumb":{"w":150,"h":150,"resize":"crop"},"medium":{"w":498,"h":525,"resize":"fit"},"large":{"w":498,"h":525,"resize":"fit"}}},{"id":1083862178241962000,"id_str":"1083862178241961984","indices":[189,212],"media_url":"http://pbs.twimg.com/media/Dwqm6JeX4AADh0q.jpg","media_url_https":"https://pbs.twimg.com/media/Dwqm6JeX4AADh0q.jpg","url":"https://t.co/vc4dewdV3S","display_url":"pic.twitter.com/vc4dewdV3S","expanded_url":"https://twitter.com/AFPFactCheck/status/1083862362514436096/photo/1","type":"photo","sizes":{"small":{"w":510,"h":680,"resize":"fit"},"thumb":{"w":150,"h":150,"resize":"crop"},"large":{"w":527,"h":702,"resize":"fit"},"medium":{"w":527,"h":702,"resize":"fit"}}}]},"extended_entities":{"media":[{"id":1083862178166435800,"id_str":"1083862178166435842","indices":[189,212],"media_url":"http://pbs.twimg.com/media/Dwqm6JMXcAIK0Sl.jpg","media_url_https":"https://pbs.twimg.com/media/Dwqm6JMXcAIK0Sl.jpg","url":"https://t.co/vc4dewdV3S","display_url":"pic.twitter.com/vc4dewdV3S","expanded_url":"https://twitter.com/AFPFactCheck/status/1083862362514436096/photo/1","type":"photo","sizes":{"small":{"w":498,"h":525,"resize":"fit"},"thumb":{"w":150,"h":150,"resize":"crop"},"medium":{"w":498,"h":525,"resize":"fit"},"large":{"w":498,"h":525,"resize":"fit"}}},{"id":1083862178241962000,"id_str":"1083862178241961984","indices":[189,212],"media_url":"http://pbs.twimg.com/media/Dwqm6JeX4AADh0q.jpg","media_url_https":"https://pbs.twimg.com/media/Dwqm6JeX4AADh0q.jpg","url":"https://t.co/vc4dewdV3S","display_url":"pic.twitter.com/vc4dewdV3S","expanded_url":"https://twitter.com/AFPFactCheck/status/1083862362514436096/photo/1","type":"photo","sizes":{"small":{"w":510,"h":680,"resize":"fit"},"thumb":{"w":150,"h":150,"resize":"crop"},"large":{"w":527,"h":702,"resize":"fit"},"medium":{"w":527,"h":702,"resize":"fit"}}}]}},"quote_count":0,"reply_count":16,"retweet_count":288,"favorite_count":374,"entities":{"hashtags":[],"urls":[{"url":"https://t.co/3VFh54O1Pu","expanded_url":"https://twitter.com/i/web/status/1083862362514436096","display_url":"twitter.com/i/web/status/1…","indices":[117,140]}],"user_mentions":[],"symbols":[]},"favorited":false,"retweeted":false,"possibly_sensitive":false,"filter_level":"low","lang":"en"},"is_quote_status":false,"quote_count":0,"reply_count":0,"retweet_count":0,"favorite_count":0,"entities":{"hashtags":[],"urls":[],"user_mentions":[{"screen_name":"AFPFactCheck","name":"AFPFactCheck 🔎","id":1002203254065950700,"id_str":"1002203254065950720","indices":[3,16]}],"symbols":[]},"favorited":false,"retweeted":false,"filter_level":"low","lang":"en","matching_rules":[{"tag":null}]}