{"created_at":"Fri Jan 11 01:22:56 +0000 2019","id":1083534691091783700,"id_str":"1083534691091783680","text":"@lalybelikov @Guerra_ @WagnerDiadema o problema não é ser pobre, não é fazer o que é necessário para sobreviver. É… https://t.co/KZMKTvBBxo","display_text_range":[37,140],"source":"<a href=\"http://twitter.com\" rel=\"nofollow\">Twitter Web Client</a>","truncated":true,"in_reply_to_status_id":1083531987988762600,"in_reply_to_status_id_str":"1083531987988762624","in_reply_to_user_id":66212235,"in_reply_to_user_id_str":"66212235","in_reply_to_screen_name":"lalybelikov","user":{"id":932675351913926700,"id_str":"932675351913926656","name":"Startupdareal","screen_name":"startupdareal","location":"San Francisco, CA","url":"https://medium.com/startup-da-real","description":"#1 lugar livro de empreendedorismo mais vendido na Amazon, com \"Este livro não vai te deixar rico\"","translator_type":"none","protected":false,"verified":false,"followers_count":25857,"friends_count":176,"listed_count":113,"favourites_count":20540,"statuses_count":18075,"created_at":"Mon Nov 20 18:21:46 +0000 2017","utc_offset":null,"time_zone":null,"geo_enabled":true,"lang":"en","contributors_enabled":false,"is_translator":false,"profile_background_color":"000000","profile_background_image_url":"http://abs.twimg.com/images/themes/theme1/bg.png","profile_background_image_url_https":"https://abs.twimg.com/images/themes/theme1/bg.png","profile_background_tile":false,"profile_link_color":"FAB81E","profile_sidebar_border_color":"000000","profile_sidebar_fill_color":"000000","profile_text_color":"000000","profile_use_background_image":false,"profile_image_url":"http://pbs.twimg.com/profile_images/932680310336180226/PXZJpu93_normal.jpg","profile_image_url_https":"https://pbs.twimg.com/profile_images/932680310336180226/PXZJpu93_normal.jpg","profile_banner_url":"https://pbs.twimg.com/profile_banners/932675351913926656/1511203272","default_profile":false,"default_profile_image":false,"following":null,"follow_request_sent":null,"notifications":null},"geo":null,"coordinates":null,"place":null,"contributors":null,"is_quote_status":false,"extended_tweet":{"full_text":"@lalybelikov @Guerra_ @WagnerDiadema o problema não é ser pobre, não é fazer o que é necessário para sobreviver. É glamourizar essa situação de desespero de quem não tem nenhuma outra opção, porque sabemos que se tivesse, não estaria ali.\no problema é o glamour da precarização do trabalho.","display_text_range":[37,290],"entities":{"hashtags":[],"urls":[],"user_mentions":[{"screen_name":"lalybelikov","name":"Laly Belikov","id":66212235,"id_str":"66212235","indices":[0,12]},{"screen_name":"Guerra_","name":"A Vida é um Eterno Zugzwang","id":18013693,"id_str":"18013693","indices":[13,21]},{"screen_name":"WagnerDiadema","name":"Wagner Santos","id":59988944,"id_str":"59988944","indices":[22,36]}],"symbols":[]}},"quote_count":0,"reply_count":1,"retweet_count":0,"favorite_count":1,"entities":{"hashtags":[],"urls":[{"url":"https://t.co/KZMKTvBBxo","expanded_url":"https://twitter.com/i/web/status/1083534691091783680","display_url":"twitter.com/i/web/status/1…","indices":[116,139]}],"user_mentions":[{"screen_name":"lalybelikov","name":"Laly Belikov","id":66212235,"id_str":"66212235","indices":[0,12]},{"screen_name":"Guerra_","name":"A Vida é um Eterno Zugzwang","id":18013693,"id_str":"18013693","indices":[13,21]},{"screen_name":"WagnerDiadema","name":"Wagner Santos","id":59988944,"id_str":"59988944","indices":[22,36]}],"symbols":[]},"favorited":false,"retweeted":false,"filter_level":"low","lang":"pt","matching_rules":[{"tag":null}]}