{"created_at":"Thu Jan 10 14:10:39 +0000 2019","id":1083365509125623800,"id_str":"1083365509125623810","text":"RT @chavedefenda: minha definição de sucesso na vida é ter um terço da lucidez e sensatez do @startupdareal\n\nComo não planejar uma vida de…","source":"<a href=\"http://twitter.com\" rel=\"nofollow\">Twitter Web Client</a>","truncated":false,"in_reply_to_status_id":null,"in_reply_to_status_id_str":null,"in_reply_to_user_id":null,"in_reply_to_user_id_str":null,"in_reply_to_screen_name":null,"user":{"id":932675351913926700,"id_str":"932675351913926656","name":"Startupdareal","screen_name":"startupdareal","location":"San Francisco, CA","url":"https://medium.com/startup-da-real","description":"#1 lugar livro de empreendedorismo mais vendido na Amazon, com \"Este livro não vai te deixar rico\"","translator_type":"none","protected":false,"verified":false,"followers_count":25736,"friends_count":176,"listed_count":112,"favourites_count":20411,"statuses_count":17948,"created_at":"Mon Nov 20 18:21:46 +0000 2017","utc_offset":null,"time_zone":null,"geo_enabled":true,"lang":"en","contributors_enabled":false,"is_translator":false,"profile_background_color":"000000","profile_background_image_url":"http://abs.twimg.com/images/themes/theme1/bg.png","profile_background_image_url_https":"https://abs.twimg.com/images/themes/theme1/bg.png","profile_background_tile":false,"profile_link_color":"FAB81E","profile_sidebar_border_color":"000000","profile_sidebar_fill_color":"000000","profile_text_color":"000000","profile_use_background_image":false,"profile_image_url":"http://pbs.twimg.com/profile_images/932680310336180226/PXZJpu93_normal.jpg","profile_image_url_https":"https://pbs.twimg.com/profile_images/932680310336180226/PXZJpu93_normal.jpg","profile_banner_url":"https://pbs.twimg.com/profile_banners/932675351913926656/1511203272","default_profile":false,"default_profile_image":false,"following":null,"follow_request_sent":null,"notifications":null},"geo":null,"coordinates":null,"place":null,"contributors":null,"retweeted_status":{"created_at":"Thu Jan 10 14:09:42 +0000 2019","id":1083365267466534900,"id_str":"1083365267466534913","text":"minha definição de sucesso na vida é ter um terço da lucidez e sensatez do @startupdareal\n\nComo não planejar uma vi… https://t.co/h6MacMlRLx","source":"<a href=\"http://twitter.com\" rel=\"nofollow\">Twitter Web Client</a>","truncated":true,"in_reply_to_status_id":null,"in_reply_to_status_id_str":null,"in_reply_to_user_id":null,"in_reply_to_user_id_str":null,"in_reply_to_screen_name":null,"user":{"id":39986226,"id_str":"39986226","name":"Júnior Nunes","screen_name":"chavedefenda","location":"Budapest, Hungary","url":null,"description":"E um outro diz, no ato, que eu estou por fora e que eu já fiquei pra trás.","translator_type":"none","protected":false,"verified":false,"followers_count":211,"friends_count":191,"listed_count":1,"favourites_count":254,"statuses_count":2656,"created_at":"Thu May 14 12:51:04 +0000 2009","utc_offset":null,"time_zone":null,"geo_enabled":true,"lang":"en","contributors_enabled":false,"is_translator":false,"profile_background_color":"FFFFFF","profile_background_image_url":"http://abs.twimg.com/images/themes/theme1/bg.png","profile_background_image_url_https":"https://abs.twimg.com/images/themes/theme1/bg.png","profile_background_tile":true,"profile_link_color":"19CF86","profile_sidebar_border_color":"DAE3D6","profile_sidebar_fill_color":"D6DED3","profile_text_color":"4F454F","profile_use_background_image":true,"profile_image_url":"http://pbs.twimg.com/profile_images/1073178443758690304/WDeAXdj0_normal.jpg","profile_image_url_https":"https://pbs.twimg.com/profile_images/1073178443758690304/WDeAXdj0_normal.jpg","profile_banner_url":"https://pbs.twimg.com/profile_banners/39986226/1544700841","default_profile":false,"default_profile_image":false,"following":null,"follow_request_sent":null,"notifications":null},"geo":null,"coordinates":null,"place":null,"contributors":null,"is_quote_status":false,"extended_tweet":{"full_text":"minha definição de sucesso na vida é ter um terço da lucidez e sensatez do @startupdareal\n\nComo não planejar uma vida de sucesso by Startup da Real https://t.co/agFZQBbaUz","display_text_range":[0,171],"entities":{"hashtags":[],"urls":[{"url":"https://t.co/agFZQBbaUz","expanded_url":"https://link.medium.com/VolkCm0ImT","display_url":"link.medium.com/VolkCm0ImT","indices":[148,171]}],"user_mentions":[{"screen_name":"startupdareal","name":"Startupdareal","id":932675351913926700,"id_str":"932675351913926656","indices":[75,89]}],"symbols":[]}},"quote_count":0,"reply_count":0,"retweet_count":2,"favorite_count":24,"entities":{"hashtags":[],"urls":[{"url":"https://t.co/h6MacMlRLx","expanded_url":"https://twitter.com/i/web/status/1083365267466534913","display_url":"twitter.com/i/web/status/1…","indices":[117,140]}],"user_mentions":[{"screen_name":"startupdareal","name":"Startupdareal","id":932675351913926700,"id_str":"932675351913926656","indices":[75,89]}],"symbols":[]},"favorited":false,"retweeted":false,"possibly_sensitive":false,"filter_level":"low","lang":"pt"},"is_quote_status":false,"quote_count":0,"reply_count":0,"retweet_count":0,"favorite_count":0,"entities":{"hashtags":[],"urls":[],"user_mentions":[{"screen_name":"chavedefenda","name":"Júnior Nunes","id":39986226,"id_str":"39986226","indices":[3,16]},{"screen_name":"startupdareal","name":"Startupdareal","id":932675351913926700,"id_str":"932675351913926656","indices":[93,107]}],"symbols":[]},"favorited":false,"retweeted":false,"filter_level":"low","lang":"pt","matching_rules":[{"tag":null}]}