{"created_at":"Thu Jan 10 04:19:51 +0000 2019","id":1083216828808204300,"id_str":"1083216828808204288","text":"O país com uma das menores taxas de imposto no mundo. Deve ser assim o paraíso  dos Ancap. https://t.co/eD6D6CNXR6","display_text_range":[0,90],"source":"<a href=\"http://twitter.com/download/iphone\" rel=\"nofollow\">Twitter for iPhone</a>","truncated":false,"in_reply_to_status_id":null,"in_reply_to_status_id_str":null,"in_reply_to_user_id":null,"in_reply_to_user_id_str":null,"in_reply_to_screen_name":null,"user":{"id":932675351913926700,"id_str":"932675351913926656","name":"Startupdareal","screen_name":"startupdareal","location":"San Francisco, CA","url":"https://medium.com/startup-da-real","description":"#1 lugar livro de empreendedorismo mais vendido na Amazon, com \"Este livro não vai te deixar rico\"","translator_type":"none","protected":false,"verified":false,"followers_count":25736,"friends_count":176,"listed_count":112,"favourites_count":20411,"statuses_count":17948,"created_at":"Mon Nov 20 18:21:46 +0000 2017","utc_offset":null,"time_zone":null,"geo_enabled":true,"lang":"en","contributors_enabled":false,"is_translator":false,"profile_background_color":"000000","profile_background_image_url":"http://abs.twimg.com/images/themes/theme1/bg.png","profile_background_image_url_https":"https://abs.twimg.com/images/themes/theme1/bg.png","profile_background_tile":false,"profile_link_color":"FAB81E","profile_sidebar_border_color":"000000","profile_sidebar_fill_color":"000000","profile_text_color":"000000","profile_use_background_image":false,"profile_image_url":"http://pbs.twimg.com/profile_images/932680310336180226/PXZJpu93_normal.jpg","profile_image_url_https":"https://pbs.twimg.com/profile_images/932680310336180226/PXZJpu93_normal.jpg","profile_banner_url":"https://pbs.twimg.com/profile_banners/932675351913926656/1511203272","default_profile":false,"default_profile_image":false,"following":null,"follow_request_sent":null,"notifications":null},"geo":null,"coordinates":null,"place":null,"contributors":null,"quoted_status_id":1052391276551831600,"quoted_status_id_str":"1052391276551831553","quoted_status":{"created_at":"Wed Oct 17 02:50:07 +0000 2018","id":1052391276551831600,"id_str":"1052391276551831553","text":"This is what a school in Afghanistan looks like. https://t.co/UrYgIJBD2c","display_text_range":[0,48],"source":"<a href=\"http://twitter.com/download/android\" rel=\"nofollow\">Twitter for Android</a>","truncated":false,"in_reply_to_status_id":null,"in_reply_to_status_id_str":null,"in_reply_to_user_id":null,"in_reply_to_user_id_str":null,"in_reply_to_screen_name":null,"user":{"id":1383286602,"id_str":"1383286602","name":"Discover and Know","screen_name":"myth_vs_facts","location":null,"url":null,"description":"Discover amazing photos while expanding your mind. Learn something new every day with us.","translator_type":"none","protected":false,"verified":false,"followers_count":285070,"friends_count":64567,"listed_count":500,"favourites_count":28,"statuses_count":260,"created_at":"Sat Apr 27 01:50:57 +0000 2013","utc_offset":null,"time_zone":null,"geo_enabled":false,"lang":"en","contributors_enabled":false,"is_translator":false,"profile_background_color":"C0DEED","profile_background_image_url":"http://abs.twimg.com/images/themes/theme1/bg.png","profile_background_image_url_https":"https://abs.twimg.com/images/themes/theme1/bg.png","profile_background_tile":true,"profile_link_color":"0084B4","profile_sidebar_border_color":"FFFFFF","profile_sidebar_fill_color":"DDEEF6","profile_text_color":"333333","profile_use_background_image":true,"profile_image_url":"http://pbs.twimg.com/profile_images/1048632428028465158/An1rBUta_normal.jpg","profile_image_url_https":"https://pbs.twimg.com/profile_images/1048632428028465158/An1rBUta_normal.jpg","profile_banner_url":"https://pbs.twimg.com/profile_banners/1383286602/1538848426","default_profile":false,"default_profile_image":false,"following":null,"follow_request_sent":null,"notifications":null},"geo":null,"coordinates":null,"place":null,"contributors":null,"is_quote_status":false,"quote_count":0,"reply_count":52,"retweet_count":1199,"favorite_count":2701,"entities":{"hashtags":[],"urls":[],"user_mentions":[],"symbols":[],"media":[{"id":1052391256532406300,"id_str":"1052391256532406272","indices":[49,72],"media_url":"http://pbs.twimg.com/media/DprYRaJXUAAwf3e.jpg","media_url_https":"https://pbs.twimg.com/media/DprYRaJXUAAwf3e.jpg","url":"https://t.co/UrYgIJBD2c","display_url":"pic.twitter.com/UrYgIJBD2c","expanded_url":"https://twitter.com/myth_vs_facts/status/1052391276551831553/photo/1","type":"photo","sizes":{"thumb":{"w":150,"h":150,"resize":"crop"},"large":{"w":858,"h":536,"resize":"fit"},"small":{"w":680,"h":425,"resize":"fit"},"medium":{"w":858,"h":536,"resize":"fit"}}}]},"extended_entities":{"media":[{"id":1052391256532406300,"id_str":"1052391256532406272","indices":[49,72],"media_url":"http://pbs.twimg.com/media/DprYRaJXUAAwf3e.jpg","media_url_https":"https://pbs.twimg.com/media/DprYRaJXUAAwf3e.jpg","url":"https://t.co/UrYgIJBD2c","display_url":"pic.twitter.com/UrYgIJBD2c","expanded_url":"https://twitter.com/myth_vs_facts/status/1052391276551831553/photo/1","type":"photo","sizes":{"thumb":{"w":150,"h":150,"resize":"crop"},"large":{"w":858,"h":536,"resize":"fit"},"small":{"w":680,"h":425,"resize":"fit"},"medium":{"w":858,"h":536,"resize":"fit"}}}]},"favorited":false,"retweeted":false,"possibly_sensitive":false,"filter_level":"low","lang":"en"},"quoted_status_permalink":{"url":"https://t.co/eD6D6CNXR6","expanded":"https://twitter.com/myth_vs_facts/status/1052391276551831553","display":"twitter.com/myth_vs_facts/…"},"is_quote_status":true,"quote_count":0,"reply_count":9,"retweet_count":92,"favorite_count":571,"entities":{"hashtags":[],"urls":[{"url":"https://t.co/eD6D6CNXR6","expanded_url":"https://twitter.com/myth_vs_facts/status/1052391276551831553","display_url":"twitter.com/myth_vs_facts/…","indices":[91,114]}],"user_mentions":[],"symbols":[]},"favorited":false,"retweeted":false,"possibly_sensitive":false,"filter_level":"low","lang":"pt","matching_rules":[{"tag":null}]}