{"created_at":"Fri Jan 11 15:21:11 +0000 2019","id":1083745645213700100,"id_str":"1083745645213700097","text":"Ninguém tem que ser feliz o tempo todo, isso é abuso moral. https://t.co/ggM1SHNupj","display_text_range":[0,59],"source":"<a href=\"http://twitter.com\" rel=\"nofollow\">Twitter Web Client</a>","truncated":false,"in_reply_to_status_id":null,"in_reply_to_status_id_str":null,"in_reply_to_user_id":null,"in_reply_to_user_id_str":null,"in_reply_to_screen_name":null,"user":{"id":932675351913926700,"id_str":"932675351913926656","name":"Startupdareal","screen_name":"startupdareal","location":"San Francisco, CA","url":"https://medium.com/startup-da-real","description":"#1 lugar livro de empreendedorismo mais vendido na Amazon, com \"Este livro não vai te deixar rico\"","translator_type":"none","protected":false,"verified":false,"followers_count":25857,"friends_count":176,"listed_count":113,"favourites_count":20540,"statuses_count":18075,"created_at":"Mon Nov 20 18:21:46 +0000 2017","utc_offset":null,"time_zone":null,"geo_enabled":true,"lang":"en","contributors_enabled":false,"is_translator":false,"profile_background_color":"000000","profile_background_image_url":"http://abs.twimg.com/images/themes/theme1/bg.png","profile_background_image_url_https":"https://abs.twimg.com/images/themes/theme1/bg.png","profile_background_tile":false,"profile_link_color":"FAB81E","profile_sidebar_border_color":"000000","profile_sidebar_fill_color":"000000","profile_text_color":"000000","profile_use_background_image":false,"profile_image_url":"http://pbs.twimg.com/profile_images/932680310336180226/PXZJpu93_normal.jpg","profile_image_url_https":"https://pbs.twimg.com/profile_images/932680310336180226/PXZJpu93_normal.jpg","profile_banner_url":"https://pbs.twimg.com/profile_banners/932675351913926656/1511203272","default_profile":false,"default_profile_image":false,"following":null,"follow_request_sent":null,"notifications":null},"geo":null,"coordinates":null,"place":null,"contributors":null,"quoted_status_id":1083744974188044300,"quoted_status_id_str":"1083744974188044288","quoted_status":{"created_at":"Fri Jan 11 15:18:31 +0000 2019","id":1083744974188044300,"id_str":"1083744974188044288","text":"cc @startupdareal\nInside Facebook's 'cult-like' workplace, where dissent is discouraged and employees pretend to be… https://t.co/mciQhHUAcd","source":"<a href=\"http://twitter.com/download/android\" rel=\"nofollow\">Twitter for Android</a>","truncated":true,"in_reply_to_status_id":null,"in_reply_to_status_id_str":null,"in_reply_to_user_id":null,"in_reply_to_user_id_str":null,"in_reply_to_screen_name":null,"user":{"id":2568057415,"id_str":"2568057415","name":"Vovolixo","screen_name":"ItaloSoares_1","location":"Recife, Brasil","url":null,"description":null,"translator_type":"none","protected":false,"verified":false,"followers_count":50,"friends_count":503,"listed_count":2,"favourites_count":2712,"statuses_count":3706,"created_at":"Sun Jun 15 00:45:59 +0000 2014","utc_offset":null,"time_zone":null,"geo_enabled":true,"lang":"pt","contributors_enabled":false,"is_translator":false,"profile_background_color":"000000","profile_background_image_url":"http://abs.twimg.com/images/themes/theme15/bg.png","profile_background_image_url_https":"https://abs.twimg.com/images/themes/theme15/bg.png","profile_background_tile":false,"profile_link_color":"000000","profile_sidebar_border_color":"000000","profile_sidebar_fill_color":"000000","profile_text_color":"000000","profile_use_background_image":false,"profile_image_url":"http://pbs.twimg.com/profile_images/1000591075340374016/1DLZYkGH_normal.jpg","profile_image_url_https":"https://pbs.twimg.com/profile_images/1000591075340374016/1DLZYkGH_normal.jpg","profile_banner_url":"https://pbs.twimg.com/profile_banners/2568057415/1402959196","default_profile":false,"default_profile_image":false,"following":null,"follow_request_sent":null,"notifications":null},"geo":null,"coordinates":null,"place":null,"contributors":null,"is_quote_status":false,"extended_tweet":{"full_text":"cc @startupdareal\nInside Facebook's 'cult-like' workplace, where dissent is discouraged and employees pretend to be happy all the time https://t.co/gQ3KnBzWjj","display_text_range":[0,158],"entities":{"hashtags":[],"urls":[{"url":"https://t.co/gQ3KnBzWjj","expanded_url":"https://pocket.co/xIdojn","display_url":"pocket.co/xIdojn","indices":[135,158]}],"user_mentions":[{"screen_name":"startupdareal","name":"Startupdareal","id":932675351913926700,"id_str":"932675351913926656","indices":[3,17]}],"symbols":[]}},"quote_count":0,"reply_count":0,"retweet_count":3,"favorite_count":15,"entities":{"hashtags":[],"urls":[{"url":"https://t.co/mciQhHUAcd","expanded_url":"https://twitter.com/i/web/status/1083744974188044288","display_url":"twitter.com/i/web/status/1…","indices":[117,140]}],"user_mentions":[{"screen_name":"startupdareal","name":"Startupdareal","id":932675351913926700,"id_str":"932675351913926656","indices":[3,17]}],"symbols":[]},"favorited":false,"retweeted":false,"possibly_sensitive":false,"filter_level":"low","lang":"en"},"quoted_status_permalink":{"url":"https://t.co/ggM1SHNupj","expanded":"https://twitter.com/ItaloSoares_1/status/1083744974188044288","display":"twitter.com/ItaloSoares_1/…"},"is_quote_status":true,"quote_count":0,"reply_count":4,"retweet_count":7,"favorite_count":61,"entities":{"hashtags":[],"urls":[{"url":"https://t.co/ggM1SHNupj","expanded_url":"https://twitter.com/ItaloSoares_1/status/1083744974188044288","display_url":"twitter.com/ItaloSoares_1/…","indices":[60,83]}],"user_mentions":[],"symbols":[]},"favorited":false,"retweeted":false,"possibly_sensitive":false,"filter_level":"low","lang":"pt","matching_rules":[{"tag":null}]}