{"created_at":"Thu Jan 10 13:25:39 +0000 2019","id":1083354184458661900,"id_str":"1083354184458661888","text":"RT @LFeh: @gserrano @startupdareal Que textão da porra!\n\nAs referências nos textos dela são sempre sensacionais.","source":"<a href=\"http://twitter.com\" rel=\"nofollow\">Twitter Web Client</a>","truncated":false,"in_reply_to_status_id":null,"in_reply_to_status_id_str":null,"in_reply_to_user_id":null,"in_reply_to_user_id_str":null,"in_reply_to_screen_name":null,"user":{"id":932675351913926700,"id_str":"932675351913926656","name":"Startupdareal","screen_name":"startupdareal","location":"San Francisco, CA","url":"https://medium.com/startup-da-real","description":"#1 lugar livro de empreendedorismo mais vendido na Amazon, com \"Este livro não vai te deixar rico\"","translator_type":"none","protected":false,"verified":false,"followers_count":25736,"friends_count":176,"listed_count":112,"favourites_count":20411,"statuses_count":17948,"created_at":"Mon Nov 20 18:21:46 +0000 2017","utc_offset":null,"time_zone":null,"geo_enabled":true,"lang":"en","contributors_enabled":false,"is_translator":false,"profile_background_color":"000000","profile_background_image_url":"http://abs.twimg.com/images/themes/theme1/bg.png","profile_background_image_url_https":"https://abs.twimg.com/images/themes/theme1/bg.png","profile_background_tile":false,"profile_link_color":"FAB81E","profile_sidebar_border_color":"000000","profile_sidebar_fill_color":"000000","profile_text_color":"000000","profile_use_background_image":false,"profile_image_url":"http://pbs.twimg.com/profile_images/932680310336180226/PXZJpu93_normal.jpg","profile_image_url_https":"https://pbs.twimg.com/profile_images/932680310336180226/PXZJpu93_normal.jpg","profile_banner_url":"https://pbs.twimg.com/profile_banners/932675351913926656/1511203272","default_profile":false,"default_profile_image":false,"following":null,"follow_request_sent":null,"notifications":null},"geo":null,"coordinates":null,"place":null,"contributors":null,"retweeted_status":{"created_at":"Thu Jan 10 13:08:59 +0000 2019","id":1083349989747802100,"id_str":"1083349989747802112","text":"@gserrano @startupdareal Que textão da porra!\n\nAs referências nos textos dela são sempre sensacionais.","display_text_range":[25,102],"source":"<a href=\"http://twitter.com/download/android\" rel=\"nofollow\">Twitter for Android</a>","truncated":false,"in_reply_to_status_id":1083335959981314000,"in_reply_to_status_id_str":"1083335959981314048","in_reply_to_user_id":13722372,"in_reply_to_user_id_str":"13722372","in_reply_to_screen_name":"gserrano","user":{"id":172880784,"id_str":"172880784","name":"felipe.d.ts","screen_name":"LFeh","location":"Dark Side of the Moon","url":"http://www.felipefialho.com","description":"Menino do HTML no @cubo_network / Criador do @frontendbr / Criador do @MeetupCSS","translator_type":"none","protected":false,"verified":false,"followers_count":6105,"friends_count":431,"listed_count":205,"favourites_count":17249,"statuses_count":18919,"created_at":"Fri Jul 30 21:14:56 +0000 2010","utc_offset":null,"time_zone":null,"geo_enabled":true,"lang":"pt","contributors_enabled":false,"is_translator":false,"profile_background_color":"1A1B1F","profile_background_image_url":"http://abs.twimg.com/images/themes/theme9/bg.gif","profile_background_image_url_https":"https://abs.twimg.com/images/themes/theme9/bg.gif","profile_background_tile":false,"profile_link_color":"777777","profile_sidebar_border_color":"FFFFFF","profile_sidebar_fill_color":"252429","profile_text_color":"666666","profile_use_background_image":true,"profile_image_url":"http://pbs.twimg.com/profile_images/1083197505070907393/MRSNli6h_normal.jpg","profile_image_url_https":"https://pbs.twimg.com/profile_images/1083197505070907393/MRSNli6h_normal.jpg","profile_banner_url":"https://pbs.twimg.com/profile_banners/172880784/1524754908","default_profile":false,"default_profile_image":false,"following":null,"follow_request_sent":null,"notifications":null},"geo":null,"coordinates":null,"place":null,"contributors":null,"is_quote_status":false,"quote_count":0,"reply_count":1,"retweet_count":1,"favorite_count":9,"entities":{"hashtags":[],"urls":[],"user_mentions":[{"screen_name":"gserrano","name":"Anão Gigante","id":13722372,"id_str":"13722372","indices":[0,9]},{"screen_name":"startupdareal","name":"Startupdareal","id":932675351913926700,"id_str":"932675351913926656","indices":[10,24]}],"symbols":[]},"favorited":false,"retweeted":false,"filter_level":"low","lang":"pt"},"is_quote_status":false,"quote_count":0,"reply_count":0,"retweet_count":0,"favorite_count":0,"entities":{"hashtags":[],"urls":[],"user_mentions":[{"screen_name":"LFeh","name":"felipe.d.ts","id":172880784,"id_str":"172880784","indices":[3,8]},{"screen_name":"gserrano","name":"Anão Gigante","id":13722372,"id_str":"13722372","indices":[10,19]},{"screen_name":"startupdareal","name":"Startupdareal","id":932675351913926700,"id_str":"932675351913926656","indices":[20,34]}],"symbols":[]},"favorited":false,"retweeted":false,"filter_level":"low","lang":"pt","matching_rules":[{"tag":null}]}