{"created_at":"Thu Jan 10 00:57:19 +0000 2019","id":1083165856408981500,"id_str":"1083165856408981504","text":"RT @kidzanimo: trate bem seus funcionários pra q seus clientes voltem sempre:\n\nhá 8 meses corto o cabelo no msm lugar q é ótimo\n\nconversa v…","source":"<a href=\"http://twitter.com\" rel=\"nofollow\">Twitter Web Client</a>","truncated":false,"in_reply_to_status_id":null,"in_reply_to_status_id_str":null,"in_reply_to_user_id":null,"in_reply_to_user_id_str":null,"in_reply_to_screen_name":null,"user":{"id":932675351913926700,"id_str":"932675351913926656","name":"Startupdareal","screen_name":"startupdareal","location":"San Francisco, CA","url":"https://medium.com/startup-da-real","description":"#1 lugar livro de empreendedorismo mais vendido na Amazon, com \"Este livro não vai te deixar rico\"","translator_type":"none","protected":false,"verified":false,"followers_count":25736,"friends_count":176,"listed_count":112,"favourites_count":20411,"statuses_count":17948,"created_at":"Mon Nov 20 18:21:46 +0000 2017","utc_offset":null,"time_zone":null,"geo_enabled":true,"lang":"en","contributors_enabled":false,"is_translator":false,"profile_background_color":"000000","profile_background_image_url":"http://abs.twimg.com/images/themes/theme1/bg.png","profile_background_image_url_https":"https://abs.twimg.com/images/themes/theme1/bg.png","profile_background_tile":false,"profile_link_color":"FAB81E","profile_sidebar_border_color":"000000","profile_sidebar_fill_color":"000000","profile_text_color":"000000","profile_use_background_image":false,"profile_image_url":"http://pbs.twimg.com/profile_images/932680310336180226/PXZJpu93_normal.jpg","profile_image_url_https":"https://pbs.twimg.com/profile_images/932680310336180226/PXZJpu93_normal.jpg","profile_banner_url":"https://pbs.twimg.com/profile_banners/932675351913926656/1511203272","default_profile":false,"default_profile_image":false,"following":null,"follow_request_sent":null,"notifications":null},"geo":null,"coordinates":null,"place":null,"contributors":null,"retweeted_status":{"created_at":"Thu Jan 10 00:52:16 +0000 2019","id":1083164586856120300,"id_str":"1083164586856120320","text":"trate bem seus funcionários pra q seus clientes voltem sempre:\n\nhá 8 meses corto o cabelo no msm lugar q é ótimo\n\nc… https://t.co/ECHQr6IxVY","source":"<a href=\"http://twitter.com/download/iphone\" rel=\"nofollow\">Twitter for iPhone</a>","truncated":true,"in_reply_to_status_id":null,"in_reply_to_status_id_str":null,"in_reply_to_user_id":null,"in_reply_to_user_id_str":null,"in_reply_to_screen_name":null,"user":{"id":775437842810011600,"id_str":"775437842810011648","name":"renan","screen_name":"kidzanimo","location":"Sao Paulo, Brazil","url":"https://www.instagram.com/therenanlira/","description":"contém insultos gratuitos","translator_type":"none","protected":false,"verified":false,"followers_count":293,"friends_count":261,"listed_count":9,"favourites_count":27382,"statuses_count":16658,"created_at":"Mon Sep 12 20:56:03 +0000 2016","utc_offset":null,"time_zone":null,"geo_enabled":true,"lang":"en","contributors_enabled":false,"is_translator":false,"profile_background_color":"000000","profile_background_image_url":"http://abs.twimg.com/images/themes/theme1/bg.png","profile_background_image_url_https":"https://abs.twimg.com/images/themes/theme1/bg.png","profile_background_tile":false,"profile_link_color":"981CEB","profile_sidebar_border_color":"000000","profile_sidebar_fill_color":"000000","profile_text_color":"000000","profile_use_background_image":false,"profile_image_url":"http://pbs.twimg.com/profile_images/1091862632582254592/-XEK6Xr0_normal.jpg","profile_image_url_https":"https://pbs.twimg.com/profile_images/1091862632582254592/-XEK6Xr0_normal.jpg","profile_banner_url":"https://pbs.twimg.com/profile_banners/775437842810011648/1549154303","default_profile":false,"default_profile_image":false,"following":null,"follow_request_sent":null,"notifications":null},"geo":null,"coordinates":null,"place":null,"contributors":null,"is_quote_status":false,"extended_tweet":{"full_text":"trate bem seus funcionários pra q seus clientes voltem sempre:\n\nhá 8 meses corto o cabelo no msm lugar q é ótimo\n\nconversa vai conversa vem, meu barbeiro já contou problemas q teve com o dono\nmas continuou trabalhando lá\n\noutro barbeiro já não teve paciência e saiu há uns meses","display_text_range":[0,278],"entities":{"hashtags":[],"urls":[],"user_mentions":[],"symbols":[]}},"quote_count":0,"reply_count":1,"retweet_count":28,"favorite_count":248,"entities":{"hashtags":[],"urls":[{"url":"https://t.co/ECHQr6IxVY","expanded_url":"https://twitter.com/i/web/status/1083164586856120320","display_url":"twitter.com/i/web/status/1…","indices":[117,140]}],"user_mentions":[],"symbols":[]},"favorited":false,"retweeted":false,"filter_level":"low","lang":"pt"},"is_quote_status":false,"quote_count":0,"reply_count":0,"retweet_count":0,"favorite_count":0,"entities":{"hashtags":[],"urls":[],"user_mentions":[{"screen_name":"kidzanimo","name":"renan","id":775437842810011600,"id_str":"775437842810011648","indices":[3,13]}],"symbols":[]},"favorited":false,"retweeted":false,"filter_level":"low","lang":"pt","matching_rules":[{"tag":null}]}