{"created_at":"Thu Jan 10 11:37:21 +0000 2019","id":1083326929355329500,"id_str":"1083326929355329537","text":"RT @empreendedorpa: O olho do dono que engorda a vaca. \n\nHoje cheguei anates de todo mundo só para anotar o nome de quem atrasar mais de 15…","source":"<a href=\"http://twitter.com\" rel=\"nofollow\">Twitter Web Client</a>","truncated":false,"in_reply_to_status_id":null,"in_reply_to_status_id_str":null,"in_reply_to_user_id":null,"in_reply_to_user_id_str":null,"in_reply_to_screen_name":null,"user":{"id":932675351913926700,"id_str":"932675351913926656","name":"Startupdareal","screen_name":"startupdareal","location":"San Francisco, CA","url":"https://medium.com/startup-da-real","description":"#1 lugar livro de empreendedorismo mais vendido na Amazon, com \"Este livro não vai te deixar rico\"","translator_type":"none","protected":false,"verified":false,"followers_count":25736,"friends_count":176,"listed_count":112,"favourites_count":20411,"statuses_count":17948,"created_at":"Mon Nov 20 18:21:46 +0000 2017","utc_offset":null,"time_zone":null,"geo_enabled":true,"lang":"en","contributors_enabled":false,"is_translator":false,"profile_background_color":"000000","profile_background_image_url":"http://abs.twimg.com/images/themes/theme1/bg.png","profile_background_image_url_https":"https://abs.twimg.com/images/themes/theme1/bg.png","profile_background_tile":false,"profile_link_color":"FAB81E","profile_sidebar_border_color":"000000","profile_sidebar_fill_color":"000000","profile_text_color":"000000","profile_use_background_image":false,"profile_image_url":"http://pbs.twimg.com/profile_images/932680310336180226/PXZJpu93_normal.jpg","profile_image_url_https":"https://pbs.twimg.com/profile_images/932680310336180226/PXZJpu93_normal.jpg","profile_banner_url":"https://pbs.twimg.com/profile_banners/932675351913926656/1511203272","default_profile":false,"default_profile_image":false,"following":null,"follow_request_sent":null,"notifications":null},"geo":null,"coordinates":null,"place":null,"contributors":null,"retweeted_status":{"created_at":"Thu Jan 10 10:47:57 +0000 2019","id":1083314495295053800,"id_str":"1083314495295053824","text":"O olho do dono que engorda a vaca. \n\nHoje cheguei anates de todo mundo só para anotar o nome de quem atrasar mais d… https://t.co/REUHrehElt","source":"<a href=\"http://twitter.com\" rel=\"nofollow\">Twitter Web Client</a>","truncated":true,"in_reply_to_status_id":null,"in_reply_to_status_id_str":null,"in_reply_to_user_id":null,"in_reply_to_user_id_str":null,"in_reply_to_screen_name":null,"user":{"id":1062349455159148500,"id_str":"1062349455159148545","name":"Empreendedor Passivo Agressivo","screen_name":"empreendedorpa","location":"Orlando, FL","url":null,"description":"Comecei do zero e você aí chorando de mimimi","translator_type":"none","protected":false,"verified":false,"followers_count":10354,"friends_count":0,"listed_count":21,"favourites_count":81,"statuses_count":81,"created_at":"Tue Nov 13 14:20:22 +0000 2018","utc_offset":null,"time_zone":null,"geo_enabled":false,"lang":"en","contributors_enabled":false,"is_translator":false,"profile_background_color":"000000","profile_background_image_url":"http://abs.twimg.com/images/themes/theme1/bg.png","profile_background_image_url_https":"https://abs.twimg.com/images/themes/theme1/bg.png","profile_background_tile":false,"profile_link_color":"FF691F","profile_sidebar_border_color":"000000","profile_sidebar_fill_color":"000000","profile_text_color":"000000","profile_use_background_image":false,"profile_image_url":"http://pbs.twimg.com/profile_images/1062351802300018688/9t2Ymq1J_normal.jpg","profile_image_url_https":"https://pbs.twimg.com/profile_images/1062351802300018688/9t2Ymq1J_normal.jpg","profile_banner_url":"https://pbs.twimg.com/profile_banners/1062349455159148545/1542119579","default_profile":false,"default_profile_image":false,"following":null,"follow_request_sent":null,"notifications":null},"geo":null,"coordinates":null,"place":null,"contributors":null,"is_quote_status":false,"extended_tweet":{"full_text":"O olho do dono que engorda a vaca. \n\nHoje cheguei anates de todo mundo só para anotar o nome de quem atrasar mais de 15 minutos e descontar. \n\nNão que eu precise deles nesses 15 minutos, mas é bom para entenderm quem manda aqui.","display_text_range":[0,228],"entities":{"hashtags":[],"urls":[],"user_mentions":[],"symbols":[]}},"quote_count":0,"reply_count":8,"retweet_count":81,"favorite_count":686,"entities":{"hashtags":[],"urls":[{"url":"https://t.co/REUHrehElt","expanded_url":"https://twitter.com/i/web/status/1083314495295053824","display_url":"twitter.com/i/web/status/1…","indices":[117,140]}],"user_mentions":[],"symbols":[]},"favorited":false,"retweeted":false,"filter_level":"low","lang":"pt"},"is_quote_status":false,"quote_count":0,"reply_count":0,"retweet_count":0,"favorite_count":0,"entities":{"hashtags":[],"urls":[],"user_mentions":[{"screen_name":"empreendedorpa","name":"Empreendedor Passivo Agressivo","id":1062349455159148500,"id_str":"1062349455159148545","indices":[3,18]}],"symbols":[]},"favorited":false,"retweeted":false,"filter_level":"low","lang":"pt","matching_rules":[{"tag":null}]}