{"created_at":"Wed Jan 09 14:39:35 +0000 2019","id":1083010401200148500,"id_str":"1083010401200148482","text":"Seu super-rico de estimação está defendendo privatização de tudo? \n\nEntenda porque isso pode ser um tiro no pé. Ah,… https://t.co/5PgNnConpl","source":"<a href=\"http://twitter.com\" rel=\"nofollow\">Twitter Web Client</a>","truncated":true,"in_reply_to_status_id":null,"in_reply_to_status_id_str":null,"in_reply_to_user_id":null,"in_reply_to_user_id_str":null,"in_reply_to_screen_name":null,"user":{"id":932675351913926700,"id_str":"932675351913926656","name":"Startupdareal","screen_name":"startupdareal","location":"San Francisco, CA","url":"https://medium.com/startup-da-real","description":"#1 lugar livro de empreendedorismo mais vendido na Amazon, com \"Este livro não vai te deixar rico\"","translator_type":"none","protected":false,"verified":false,"followers_count":25736,"friends_count":176,"listed_count":112,"favourites_count":20411,"statuses_count":17948,"created_at":"Mon Nov 20 18:21:46 +0000 2017","utc_offset":null,"time_zone":null,"geo_enabled":true,"lang":"en","contributors_enabled":false,"is_translator":false,"profile_background_color":"000000","profile_background_image_url":"http://abs.twimg.com/images/themes/theme1/bg.png","profile_background_image_url_https":"https://abs.twimg.com/images/themes/theme1/bg.png","profile_background_tile":false,"profile_link_color":"FAB81E","profile_sidebar_border_color":"000000","profile_sidebar_fill_color":"000000","profile_text_color":"000000","profile_use_background_image":false,"profile_image_url":"http://pbs.twimg.com/profile_images/932680310336180226/PXZJpu93_normal.jpg","profile_image_url_https":"https://pbs.twimg.com/profile_images/932680310336180226/PXZJpu93_normal.jpg","profile_banner_url":"https://pbs.twimg.com/profile_banners/932675351913926656/1511203272","default_profile":false,"default_profile_image":false,"following":null,"follow_request_sent":null,"notifications":null},"geo":null,"coordinates":null,"place":null,"contributors":null,"is_quote_status":false,"extended_tweet":{"full_text":"Seu super-rico de estimação está defendendo privatização de tudo? \n\nEntenda porque isso pode ser um tiro no pé. Ah, assinem o canal porque esse cara é fantástico. \n\nhttps://t.co/d6mdNVk5FM","display_text_range":[0,188],"entities":{"hashtags":[],"urls":[{"url":"https://t.co/d6mdNVk5FM","expanded_url":"https://www.youtube.com/watch?v=EYmcHYrZlpc","display_url":"youtube.com/watch?v=EYmcHY…","indices":[165,188]}],"user_mentions":[],"symbols":[]}},"quote_count":0,"reply_count":8,"retweet_count":25,"favorite_count":183,"entities":{"hashtags":[],"urls":[{"url":"https://t.co/5PgNnConpl","expanded_url":"https://twitter.com/i/web/status/1083010401200148482","display_url":"twitter.com/i/web/status/1…","indices":[117,140]}],"user_mentions":[],"symbols":[]},"favorited":false,"retweeted":false,"possibly_sensitive":false,"filter_level":"low","lang":"pt","matching_rules":[{"tag":null}]}