{"created_at":"Fri Jan 11 13:11:20 +0000 2019","id":1083712967470911500,"id_str":"1083712967470911488","text":"RT @tadeuporto: Sou petista, acho que tem que criticar mesmo. E a gnt tem que ir pro debate explicar o que fizemos, algum motivo plausível…","source":"<a href=\"http://twitter.com\" rel=\"nofollow\">Twitter Web Client</a>","truncated":false,"in_reply_to_status_id":null,"in_reply_to_status_id_str":null,"in_reply_to_user_id":null,"in_reply_to_user_id_str":null,"in_reply_to_screen_name":null,"user":{"id":932675351913926700,"id_str":"932675351913926656","name":"Startupdareal","screen_name":"startupdareal","location":"San Francisco, CA","url":"https://medium.com/startup-da-real","description":"#1 lugar livro de empreendedorismo mais vendido na Amazon, com \"Este livro não vai te deixar rico\"","translator_type":"none","protected":false,"verified":false,"followers_count":25857,"friends_count":176,"listed_count":113,"favourites_count":20540,"statuses_count":18075,"created_at":"Mon Nov 20 18:21:46 +0000 2017","utc_offset":null,"time_zone":null,"geo_enabled":true,"lang":"en","contributors_enabled":false,"is_translator":false,"profile_background_color":"000000","profile_background_image_url":"http://abs.twimg.com/images/themes/theme1/bg.png","profile_background_image_url_https":"https://abs.twimg.com/images/themes/theme1/bg.png","profile_background_tile":false,"profile_link_color":"FAB81E","profile_sidebar_border_color":"000000","profile_sidebar_fill_color":"000000","profile_text_color":"000000","profile_use_background_image":false,"profile_image_url":"http://pbs.twimg.com/profile_images/932680310336180226/PXZJpu93_normal.jpg","profile_image_url_https":"https://pbs.twimg.com/profile_images/932680310336180226/PXZJpu93_normal.jpg","profile_banner_url":"https://pbs.twimg.com/profile_banners/932675351913926656/1511203272","default_profile":false,"default_profile_image":false,"following":null,"follow_request_sent":null,"notifications":null},"geo":null,"coordinates":null,"place":null,"contributors":null,"retweeted_status":{"created_at":"Fri Jan 11 13:08:19 +0000 2019","id":1083712210025828400,"id_str":"1083712210025828354","text":"Sou petista, acho que tem que criticar mesmo. E a gnt tem que ir pro debate explicar o que fizemos, algum motivo pl… https://t.co/9RDUDxjLX1","display_text_range":[0,140],"source":"<a href=\"http://twitter.com/download/android\" rel=\"nofollow\">Twitter for Android</a>","truncated":true,"in_reply_to_status_id":null,"in_reply_to_status_id_str":null,"in_reply_to_user_id":null,"in_reply_to_user_id_str":null,"in_reply_to_screen_name":null,"user":{"id":40873209,"id_str":"40873209","name":"Tadeu + iPorto","screen_name":"tadeuporto","location":"Campos dos Goytacazes, Brasil","url":"https://www.ocafezinho.com/tadeu-porto/","description":"Colunista do blog @ocafezinho, petroleiro e diretor da @FUP_Brasil do @sindipetronf.","translator_type":"none","protected":false,"verified":false,"followers_count":629,"friends_count":1017,"listed_count":5,"favourites_count":834,"statuses_count":5704,"created_at":"Mon May 18 13:32:37 +0000 2009","utc_offset":null,"time_zone":null,"geo_enabled":true,"lang":"pt","contributors_enabled":false,"is_translator":false,"profile_background_color":"000000","profile_background_image_url":"http://abs.twimg.com/images/themes/theme12/bg.gif","profile_background_image_url_https":"https://abs.twimg.com/images/themes/theme12/bg.gif","profile_background_tile":false,"profile_link_color":"FF691F","profile_sidebar_border_color":"000000","profile_sidebar_fill_color":"000000","profile_text_color":"000000","profile_use_background_image":false,"profile_image_url":"http://pbs.twimg.com/profile_images/867689527313301507/hO2jReGx_normal.jpg","profile_image_url_https":"https://pbs.twimg.com/profile_images/867689527313301507/hO2jReGx_normal.jpg","profile_banner_url":"https://pbs.twimg.com/profile_banners/40873209/1542253297","default_profile":false,"default_profile_image":false,"following":null,"follow_request_sent":null,"notifications":null},"geo":null,"coordinates":null,"place":{"id":"197c7f6df19085d2","url":"https://api.twitter.com/1.1/geo/id/197c7f6df19085d2.json","place_type":"city","name":"Campos dos Goytacazes","full_name":"Campos dos Goytacazes, Brasil","country_code":"BR","country":"Brazil","bounding_box":{"type":"Polygon","coordinates":[[[-41.889022,-22.120472],[-41.889022,-21.195227],[-40.97475,-21.195227],[-40.97475,-22.120472]]]},"attributes":{}},"contributors":null,"quoted_status_id":1083709734870532100,"quoted_status_id_str":"1083709734870532098","quoted_status":{"created_at":"Fri Jan 11 12:58:29 +0000 2019","id":1083709734870532100,"id_str":"1083709734870532098","text":"Criticar o PT não significa que apoio a direita.\nCriticar o PT e exigir que reflexões sejam feitas NÃO É ASSUNTO DE… https://t.co/VpZpxw52Cs","source":"<a href=\"http://twitter.com\" rel=\"nofollow\">Twitter Web Client</a>","truncated":true,"in_reply_to_status_id":null,"in_reply_to_status_id_str":null,"in_reply_to_user_id":null,"in_reply_to_user_id_str":null,"in_reply_to_screen_name":null,"user":{"id":932675351913926700,"id_str":"932675351913926656","name":"Startupdareal","screen_name":"startupdareal","location":"San Francisco, CA","url":"https://medium.com/startup-da-real","description":"#1 lugar livro de empreendedorismo mais vendido na Amazon, com \"Este livro não vai te deixar rico\"","translator_type":"none","protected":false,"verified":false,"followers_count":25857,"friends_count":176,"listed_count":113,"favourites_count":20540,"statuses_count":18075,"created_at":"Mon Nov 20 18:21:46 +0000 2017","utc_offset":null,"time_zone":null,"geo_enabled":true,"lang":"en","contributors_enabled":false,"is_translator":false,"profile_background_color":"000000","profile_background_image_url":"http://abs.twimg.com/images/themes/theme1/bg.png","profile_background_image_url_https":"https://abs.twimg.com/images/themes/theme1/bg.png","profile_background_tile":false,"profile_link_color":"FAB81E","profile_sidebar_border_color":"000000","profile_sidebar_fill_color":"000000","profile_text_color":"000000","profile_use_background_image":false,"profile_image_url":"http://pbs.twimg.com/profile_images/932680310336180226/PXZJpu93_normal.jpg","profile_image_url_https":"https://pbs.twimg.com/profile_images/932680310336180226/PXZJpu93_normal.jpg","profile_banner_url":"https://pbs.twimg.com/profile_banners/932675351913926656/1511203272","default_profile":false,"default_profile_image":false,"following":null,"follow_request_sent":null,"notifications":null},"geo":null,"coordinates":null,"place":null,"contributors":null,"is_quote_status":false,"extended_tweet":{"full_text":"Criticar o PT não significa que apoio a direita.\nCriticar o PT e exigir que reflexões sejam feitas NÃO É ASSUNTO DE FILIADO\nNão abordar assuntos críticos do PT porque a direita \"vai gostar\" é um pensamento dos mais infantis. É tratar isso tudo como seu time de futebol.","display_text_range":[0,269],"entities":{"hashtags":[],"urls":[],"user_mentions":[],"symbols":[]}},"quote_count":0,"reply_count":28,"retweet_count":170,"favorite_count":1359,"entities":{"hashtags":[],"urls":[{"url":"https://t.co/VpZpxw52Cs","expanded_url":"https://twitter.com/i/web/status/1083709734870532098","display_url":"twitter.com/i/web/status/1…","indices":[117,140]}],"user_mentions":[],"symbols":[]},"favorited":false,"retweeted":false,"filter_level":"low","lang":"pt"},"quoted_status_permalink":{"url":"https://t.co/jT2pJw3cyx","expanded":"https://twitter.com/startupdareal/status/1083709734870532098","display":"twitter.com/startupdareal/…"},"is_quote_status":true,"extended_tweet":{"full_text":"Sou petista, acho que tem que criticar mesmo. E a gnt tem que ir pro debate explicar o que fizemos, algum motivo plausível tem. E é importante o destaque: não é só assunto de filiado, afinal, o PT é grande demais. Com grandes poderes vem grandes responsabilidades. https://t.co/jT2pJw3cyx","display_text_range":[0,264],"entities":{"hashtags":[],"urls":[{"url":"https://t.co/jT2pJw3cyx","expanded_url":"https://twitter.com/startupdareal/status/1083709734870532098","display_url":"twitter.com/startupdareal/…","indices":[265,288]}],"user_mentions":[],"symbols":[]}},"quote_count":0,"reply_count":2,"retweet_count":7,"favorite_count":67,"entities":{"hashtags":[],"urls":[{"url":"https://t.co/9RDUDxjLX1","expanded_url":"https://twitter.com/i/web/status/1083712210025828354","display_url":"twitter.com/i/web/status/1…","indices":[117,140]}],"user_mentions":[],"symbols":[]},"favorited":false,"retweeted":false,"possibly_sensitive":false,"filter_level":"low","lang":"pt"},"quoted_status_id":1083709734870532100,"quoted_status_id_str":"1083709734870532098","quoted_status":{"created_at":"Fri Jan 11 12:58:29 +0000 2019","id":1083709734870532100,"id_str":"1083709734870532098","text":"Criticar o PT não significa que apoio a direita.\nCriticar o PT e exigir que reflexões sejam feitas NÃO É ASSUNTO DE… https://t.co/VpZpxw52Cs","source":"<a href=\"http://twitter.com\" rel=\"nofollow\">Twitter Web Client</a>","truncated":true,"in_reply_to_status_id":null,"in_reply_to_status_id_str":null,"in_reply_to_user_id":null,"in_reply_to_user_id_str":null,"in_reply_to_screen_name":null,"user":{"id":932675351913926700,"id_str":"932675351913926656","name":"Startupdareal","screen_name":"startupdareal","location":"San Francisco, CA","url":"https://medium.com/startup-da-real","description":"#1 lugar livro de empreendedorismo mais vendido na Amazon, com \"Este livro não vai te deixar rico\"","translator_type":"none","protected":false,"verified":false,"followers_count":25857,"friends_count":176,"listed_count":113,"favourites_count":20540,"statuses_count":18075,"created_at":"Mon Nov 20 18:21:46 +0000 2017","utc_offset":null,"time_zone":null,"geo_enabled":true,"lang":"en","contributors_enabled":false,"is_translator":false,"profile_background_color":"000000","profile_background_image_url":"http://abs.twimg.com/images/themes/theme1/bg.png","profile_background_image_url_https":"https://abs.twimg.com/images/themes/theme1/bg.png","profile_background_tile":false,"profile_link_color":"FAB81E","profile_sidebar_border_color":"000000","profile_sidebar_fill_color":"000000","profile_text_color":"000000","profile_use_background_image":false,"profile_image_url":"http://pbs.twimg.com/profile_images/932680310336180226/PXZJpu93_normal.jpg","profile_image_url_https":"https://pbs.twimg.com/profile_images/932680310336180226/PXZJpu93_normal.jpg","profile_banner_url":"https://pbs.twimg.com/profile_banners/932675351913926656/1511203272","default_profile":false,"default_profile_image":false,"following":null,"follow_request_sent":null,"notifications":null},"geo":null,"coordinates":null,"place":null,"contributors":null,"is_quote_status":false,"extended_tweet":{"full_text":"Criticar o PT não significa que apoio a direita.\nCriticar o PT e exigir que reflexões sejam feitas NÃO É ASSUNTO DE FILIADO\nNão abordar assuntos críticos do PT porque a direita \"vai gostar\" é um pensamento dos mais infantis. É tratar isso tudo como seu time de futebol.","display_text_range":[0,269],"entities":{"hashtags":[],"urls":[],"user_mentions":[],"symbols":[]}},"quote_count":0,"reply_count":28,"retweet_count":170,"favorite_count":1359,"entities":{"hashtags":[],"urls":[{"url":"https://t.co/VpZpxw52Cs","expanded_url":"https://twitter.com/i/web/status/1083709734870532098","display_url":"twitter.com/i/web/status/1…","indices":[117,140]}],"user_mentions":[],"symbols":[]},"favorited":false,"retweeted":false,"filter_level":"low","lang":"pt"},"quoted_status_permalink":{"url":"https://t.co/jT2pJw3cyx","expanded":"https://twitter.com/startupdareal/status/1083709734870532098","display":"twitter.com/startupdareal/…"},"is_quote_status":true,"quote_count":0,"reply_count":0,"retweet_count":0,"favorite_count":0,"entities":{"hashtags":[],"urls":[],"user_mentions":[{"screen_name":"tadeuporto","name":"Tadeu + iPorto","id":40873209,"id_str":"40873209","indices":[3,14]}],"symbols":[]},"favorited":false,"retweeted":false,"filter_level":"low","lang":"pt","matching_rules":[{"tag":null}]}