{"created_at":"Thu Jan 10 00:27:57 +0000 2019","id":1083158465835683800,"id_str":"1083158465835683840","text":"já deletei do meu só para não correr o risco se isso chegar https://t.co/dVSDVSo9Lu","display_text_range":[0,59],"source":"<a href=\"http://twitter.com\" rel=\"nofollow\">Twitter Web Client</a>","truncated":false,"in_reply_to_status_id":null,"in_reply_to_status_id_str":null,"in_reply_to_user_id":null,"in_reply_to_user_id_str":null,"in_reply_to_screen_name":null,"user":{"id":932675351913926700,"id_str":"932675351913926656","name":"Startupdareal","screen_name":"startupdareal","location":"San Francisco, CA","url":"https://medium.com/startup-da-real","description":"#1 lugar livro de empreendedorismo mais vendido na Amazon, com \"Este livro não vai te deixar rico\"","translator_type":"none","protected":false,"verified":false,"followers_count":25736,"friends_count":176,"listed_count":112,"favourites_count":20411,"statuses_count":17948,"created_at":"Mon Nov 20 18:21:46 +0000 2017","utc_offset":null,"time_zone":null,"geo_enabled":true,"lang":"en","contributors_enabled":false,"is_translator":false,"profile_background_color":"000000","profile_background_image_url":"http://abs.twimg.com/images/themes/theme1/bg.png","profile_background_image_url_https":"https://abs.twimg.com/images/themes/theme1/bg.png","profile_background_tile":false,"profile_link_color":"FAB81E","profile_sidebar_border_color":"000000","profile_sidebar_fill_color":"000000","profile_text_color":"000000","profile_use_background_image":false,"profile_image_url":"http://pbs.twimg.com/profile_images/932680310336180226/PXZJpu93_normal.jpg","profile_image_url_https":"https://pbs.twimg.com/profile_images/932680310336180226/PXZJpu93_normal.jpg","profile_banner_url":"https://pbs.twimg.com/profile_banners/932675351913926656/1511203272","default_profile":false,"default_profile_image":false,"following":null,"follow_request_sent":null,"notifications":null},"geo":null,"coordinates":null,"place":null,"contributors":null,"quoted_status_id":1083157662005686300,"quoted_status_id_str":"1083157662005686272","quoted_status":{"created_at":"Thu Jan 10 00:24:45 +0000 2019","id":1083157662005686300,"id_str":"1083157662005686272","text":"Apesar de n usar essa rede, espero q essa audácia n chegue no iOS https://t.co/MinlmaORJt","display_text_range":[0,65],"source":"<a href=\"http://twitter.com/download/iphone\" rel=\"nofollow\">Twitter for iPhone</a>","truncated":false,"in_reply_to_status_id":null,"in_reply_to_status_id_str":null,"in_reply_to_user_id":null,"in_reply_to_user_id_str":null,"in_reply_to_screen_name":null,"user":{"id":52933683,"id_str":"52933683","name":"Carlinhos®️","screen_name":"carlosed_18","location":"Rio de Janeiro - RJ - Brasil","url":"http://Instagram.com/cemachado","description":null,"translator_type":"none","protected":false,"verified":false,"followers_count":1194,"friends_count":387,"listed_count":42,"favourites_count":15707,"statuses_count":137652,"created_at":"Thu Jul 02 02:05:53 +0000 2009","utc_offset":null,"time_zone":null,"geo_enabled":true,"lang":"en","contributors_enabled":false,"is_translator":false,"profile_background_color":"131516","profile_background_image_url":"http://abs.twimg.com/images/themes/theme14/bg.gif","profile_background_image_url_https":"https://abs.twimg.com/images/themes/theme14/bg.gif","profile_background_tile":true,"profile_link_color":"009999","profile_sidebar_border_color":"EEEEEE","profile_sidebar_fill_color":"EFEFEF","profile_text_color":"333333","profile_use_background_image":true,"profile_image_url":"http://pbs.twimg.com/profile_images/1079934446365798400/wXy01BnB_normal.jpg","profile_image_url_https":"https://pbs.twimg.com/profile_images/1079934446365798400/wXy01BnB_normal.jpg","profile_banner_url":"https://pbs.twimg.com/profile_banners/52933683/1385158485","default_profile":false,"default_profile_image":false,"following":null,"follow_request_sent":null,"notifications":null},"geo":null,"coordinates":null,"place":{"id":"97bcdfca1a2dca59","url":"https://api.twitter.com/1.1/geo/id/97bcdfca1a2dca59.json","place_type":"city","name":"Rio de Janeiro","full_name":"Rio de Janeiro, Brazil","country_code":"BR","country":"Brazil","bounding_box":{"type":"Polygon","coordinates":[[[-43.795449,-23.08302],[-43.795449,-22.739823],[-43.087707,-22.739823],[-43.087707,-23.08302]]]},"attributes":{}},"contributors":null,"quoted_status_id":1083155602480816100,"quoted_status_id_str":"1083155602480816128","is_quote_status":true,"quote_count":0,"reply_count":1,"retweet_count":1,"favorite_count":4,"entities":{"hashtags":[],"urls":[{"url":"https://t.co/MinlmaORJt","expanded_url":"https://twitter.com/startupdareal/status/1083155602480816128","display_url":"twitter.com/startupdareal/…","indices":[66,89]}],"user_mentions":[],"symbols":[]},"favorited":false,"retweeted":false,"possibly_sensitive":false,"filter_level":"low","lang":"pt"},"quoted_status_permalink":{"url":"https://t.co/dVSDVSo9Lu","expanded":"https://twitter.com/carlosed_18/status/1083157662005686272","display":"twitter.com/carlosed_18/st…"},"is_quote_status":true,"quote_count":0,"reply_count":7,"retweet_count":1,"favorite_count":6,"entities":{"hashtags":[],"urls":[{"url":"https://t.co/dVSDVSo9Lu","expanded_url":"https://twitter.com/carlosed_18/status/1083157662005686272","display_url":"twitter.com/carlosed_18/st…","indices":[60,83]}],"user_mentions":[],"symbols":[]},"favorited":false,"retweeted":false,"possibly_sensitive":false,"filter_level":"low","lang":"pt","matching_rules":[{"tag":null}]}