{"created_at":"Thu Jan 10 23:11:13 +0000 2019","id":1083501546850209800,"id_str":"1083501546850209793","text":"&lt;3 https://t.co/qHFXj1bWdH","display_text_range":[0,5],"source":"<a href=\"http://twitter.com\" rel=\"nofollow\">Twitter Web Client</a>","truncated":false,"in_reply_to_status_id":null,"in_reply_to_status_id_str":null,"in_reply_to_user_id":null,"in_reply_to_user_id_str":null,"in_reply_to_screen_name":null,"user":{"id":932675351913926700,"id_str":"932675351913926656","name":"Startupdareal","screen_name":"startupdareal","location":"San Francisco, CA","url":"https://medium.com/startup-da-real","description":"#1 lugar livro de empreendedorismo mais vendido na Amazon, com \"Este livro não vai te deixar rico\"","translator_type":"none","protected":false,"verified":false,"followers_count":25736,"friends_count":176,"listed_count":112,"favourites_count":20411,"statuses_count":17948,"created_at":"Mon Nov 20 18:21:46 +0000 2017","utc_offset":null,"time_zone":null,"geo_enabled":true,"lang":"en","contributors_enabled":false,"is_translator":false,"profile_background_color":"000000","profile_background_image_url":"http://abs.twimg.com/images/themes/theme1/bg.png","profile_background_image_url_https":"https://abs.twimg.com/images/themes/theme1/bg.png","profile_background_tile":false,"profile_link_color":"FAB81E","profile_sidebar_border_color":"000000","profile_sidebar_fill_color":"000000","profile_text_color":"000000","profile_use_background_image":false,"profile_image_url":"http://pbs.twimg.com/profile_images/932680310336180226/PXZJpu93_normal.jpg","profile_image_url_https":"https://pbs.twimg.com/profile_images/932680310336180226/PXZJpu93_normal.jpg","profile_banner_url":"https://pbs.twimg.com/profile_banners/932675351913926656/1511203272","default_profile":false,"default_profile_image":false,"following":null,"follow_request_sent":null,"notifications":null},"geo":null,"coordinates":null,"place":null,"contributors":null,"quoted_status_id":1083499938175168500,"quoted_status_id_str":"1083499938175168513","quoted_status":{"created_at":"Thu Jan 10 23:04:50 +0000 2019","id":1083499938175168500,"id_str":"1083499938175168513","text":"\"..A vida de qualquer adulto é repleta de esqueletos como estes... \"  Escorreu uma lágrima qdo li isso.  Mas leria… https://t.co/KgMREEzuKy","source":"<a href=\"https://mobile.twitter.com\" rel=\"nofollow\">Twitter Web App</a>","truncated":true,"in_reply_to_status_id":null,"in_reply_to_status_id_str":null,"in_reply_to_user_id":null,"in_reply_to_user_id_str":null,"in_reply_to_screen_name":null,"user":{"id":180159039,"id_str":"180159039","name":"Cético mediocre","screen_name":"Phabianfan","location":"BlackHole, Via Láctea","url":"https://twitter.com/Phabianfan","description":"Love numbers. Estudante de ciências exatas e  latino-americano. Tomando rasteira de quem se acha esperto desde a época que a molecada sabia pedalar.","translator_type":"none","protected":false,"verified":false,"followers_count":60,"friends_count":135,"listed_count":1,"favourites_count":1546,"statuses_count":1974,"created_at":"Wed Aug 18 23:48:03 +0000 2010","utc_offset":null,"time_zone":null,"geo_enabled":true,"lang":"en","contributors_enabled":false,"is_translator":false,"profile_background_color":"000000","profile_background_image_url":"http://abs.twimg.com/images/themes/theme1/bg.png","profile_background_image_url_https":"https://abs.twimg.com/images/themes/theme1/bg.png","profile_background_tile":false,"profile_link_color":"6F650B","profile_sidebar_border_color":"000000","profile_sidebar_fill_color":"000000","profile_text_color":"000000","profile_use_background_image":false,"profile_image_url":"http://pbs.twimg.com/profile_images/1077204183097503746/WCdHM5vb_normal.jpg","profile_image_url_https":"https://pbs.twimg.com/profile_images/1077204183097503746/WCdHM5vb_normal.jpg","profile_banner_url":"https://pbs.twimg.com/profile_banners/180159039/1483506205","default_profile":false,"default_profile_image":false,"following":null,"follow_request_sent":null,"notifications":null},"geo":null,"coordinates":null,"place":null,"contributors":null,"is_quote_status":false,"extended_tweet":{"full_text":"\"..A vida de qualquer adulto é repleta de esqueletos como estes... \"  Escorreu uma lágrima qdo li isso.  Mas leria 1000x obrigado @startupdareal","display_text_range":[0,144],"entities":{"hashtags":[],"urls":[],"user_mentions":[{"screen_name":"startupdareal","name":"Startupdareal","id":932675351913926700,"id_str":"932675351913926656","indices":[130,144]}],"symbols":[]}},"quote_count":0,"reply_count":1,"retweet_count":1,"favorite_count":12,"entities":{"hashtags":[],"urls":[{"url":"https://t.co/KgMREEzuKy","expanded_url":"https://twitter.com/i/web/status/1083499938175168513","display_url":"twitter.com/i/web/status/1…","indices":[116,139]}],"user_mentions":[],"symbols":[]},"favorited":false,"retweeted":false,"filter_level":"low","lang":"pt"},"quoted_status_permalink":{"url":"https://t.co/qHFXj1bWdH","expanded":"https://twitter.com/Phabianfan/status/1083499938175168513","display":"twitter.com/Phabianfan/sta…"},"is_quote_status":true,"quote_count":0,"reply_count":0,"retweet_count":0,"favorite_count":1,"entities":{"hashtags":[],"urls":[{"url":"https://t.co/qHFXj1bWdH","expanded_url":"https://twitter.com/Phabianfan/status/1083499938175168513","display_url":"twitter.com/Phabianfan/sta…","indices":[6,29]}],"user_mentions":[],"symbols":[]},"favorited":false,"retweeted":false,"possibly_sensitive":false,"filter_level":"low","lang":"und","matching_rules":[{"tag":null}]}