{"created_at":"Thu Jan 10 12:58:18 +0000 2019","id":1083347297663107100,"id_str":"1083347297663107072","text":"Romantização do trabalho precarizado.\n\nNão seria melhor assim, uma realidade onde ele não precisasse passar por iss… https://t.co/8MkqyjFSDJ","display_text_range":[0,140],"source":"<a href=\"http://twitter.com\" rel=\"nofollow\">Twitter Web Client</a>","truncated":true,"in_reply_to_status_id":null,"in_reply_to_status_id_str":null,"in_reply_to_user_id":null,"in_reply_to_user_id_str":null,"in_reply_to_screen_name":null,"user":{"id":932675351913926700,"id_str":"932675351913926656","name":"Startupdareal","screen_name":"startupdareal","location":"San Francisco, CA","url":"https://medium.com/startup-da-real","description":"#1 lugar livro de empreendedorismo mais vendido na Amazon, com \"Este livro não vai te deixar rico\"","translator_type":"none","protected":false,"verified":false,"followers_count":25736,"friends_count":176,"listed_count":112,"favourites_count":20411,"statuses_count":17948,"created_at":"Mon Nov 20 18:21:46 +0000 2017","utc_offset":null,"time_zone":null,"geo_enabled":true,"lang":"en","contributors_enabled":false,"is_translator":false,"profile_background_color":"000000","profile_background_image_url":"http://abs.twimg.com/images/themes/theme1/bg.png","profile_background_image_url_https":"https://abs.twimg.com/images/themes/theme1/bg.png","profile_background_tile":false,"profile_link_color":"FAB81E","profile_sidebar_border_color":"000000","profile_sidebar_fill_color":"000000","profile_text_color":"000000","profile_use_background_image":false,"profile_image_url":"http://pbs.twimg.com/profile_images/932680310336180226/PXZJpu93_normal.jpg","profile_image_url_https":"https://pbs.twimg.com/profile_images/932680310336180226/PXZJpu93_normal.jpg","profile_banner_url":"https://pbs.twimg.com/profile_banners/932675351913926656/1511203272","default_profile":false,"default_profile_image":false,"following":null,"follow_request_sent":null,"notifications":null},"geo":null,"coordinates":null,"place":null,"contributors":null,"quoted_status_id":1083346413210271700,"quoted_status_id_str":"1083346413210271744","quoted_status":{"created_at":"Thu Jan 10 12:54:47 +0000 2019","id":1083346413210271700,"id_str":"1083346413210271744","text":"lembrei de quem, @startupdareal ? https://t.co/3B5lzGBVPd","display_text_range":[0,33],"source":"<a href=\"http://twitter.com\" rel=\"nofollow\">Twitter Web Client</a>","truncated":false,"in_reply_to_status_id":null,"in_reply_to_status_id_str":null,"in_reply_to_user_id":null,"in_reply_to_user_id_str":null,"in_reply_to_screen_name":null,"user":{"id":1067794719902769200,"id_str":"1067794719902769152","name":"mair","screen_name":"fanchono2","location":null,"url":null,"description":"opa","translator_type":"none","protected":false,"verified":false,"followers_count":72,"friends_count":115,"listed_count":0,"favourites_count":2718,"statuses_count":570,"created_at":"Wed Nov 28 14:57:54 +0000 2018","utc_offset":null,"time_zone":null,"geo_enabled":false,"lang":"en","contributors_enabled":false,"is_translator":false,"profile_background_color":"000000","profile_background_image_url":"http://abs.twimg.com/images/themes/theme1/bg.png","profile_background_image_url_https":"https://abs.twimg.com/images/themes/theme1/bg.png","profile_background_tile":false,"profile_link_color":"F58EA8","profile_sidebar_border_color":"000000","profile_sidebar_fill_color":"000000","profile_text_color":"000000","profile_use_background_image":false,"profile_image_url":"http://pbs.twimg.com/profile_images/1069579729198608384/RwPE8sRV_normal.jpg","profile_image_url_https":"https://pbs.twimg.com/profile_images/1069579729198608384/RwPE8sRV_normal.jpg","profile_banner_url":"https://pbs.twimg.com/profile_banners/1067794719902769152/1543842710","default_profile":false,"default_profile_image":false,"following":null,"follow_request_sent":null,"notifications":null},"geo":null,"coordinates":null,"place":null,"contributors":null,"is_quote_status":false,"quote_count":0,"reply_count":3,"retweet_count":2,"favorite_count":32,"entities":{"hashtags":[],"urls":[],"user_mentions":[{"screen_name":"startupdareal","name":"Startupdareal","id":932675351913926700,"id_str":"932675351913926656","indices":[17,31]}],"symbols":[],"media":[{"id":1083346403429154800,"id_str":"1083346403429154816","indices":[34,57],"media_url":"http://pbs.twimg.com/media/DwjR0GkXgAAvstO.jpg","media_url_https":"https://pbs.twimg.com/media/DwjR0GkXgAAvstO.jpg","url":"https://t.co/3B5lzGBVPd","display_url":"pic.twitter.com/3B5lzGBVPd","expanded_url":"https://twitter.com/fanchono2/status/1083346413210271744/photo/1","type":"photo","sizes":{"thumb":{"w":150,"h":150,"resize":"crop"},"large":{"w":651,"h":807,"resize":"fit"},"small":{"w":549,"h":680,"resize":"fit"},"medium":{"w":651,"h":807,"resize":"fit"}}}]},"extended_entities":{"media":[{"id":1083346403429154800,"id_str":"1083346403429154816","indices":[34,57],"media_url":"http://pbs.twimg.com/media/DwjR0GkXgAAvstO.jpg","media_url_https":"https://pbs.twimg.com/media/DwjR0GkXgAAvstO.jpg","url":"https://t.co/3B5lzGBVPd","display_url":"pic.twitter.com/3B5lzGBVPd","expanded_url":"https://twitter.com/fanchono2/status/1083346413210271744/photo/1","type":"photo","sizes":{"thumb":{"w":150,"h":150,"resize":"crop"},"large":{"w":651,"h":807,"resize":"fit"},"small":{"w":549,"h":680,"resize":"fit"},"medium":{"w":651,"h":807,"resize":"fit"}}}]},"favorited":false,"retweeted":false,"possibly_sensitive":false,"filter_level":"low","lang":"pt"},"quoted_status_permalink":{"url":"https://t.co/epgd8e70aS","expanded":"https://twitter.com/fanchono2/status/1083346413210271744","display":"twitter.com/fanchono2/stat…"},"is_quote_status":true,"extended_tweet":{"full_text":"Romantização do trabalho precarizado.\n\nNão seria melhor assim, uma realidade onde ele não precisasse passar por isso? https://t.co/epgd8e70aS","display_text_range":[0,117],"entities":{"hashtags":[],"urls":[{"url":"https://t.co/epgd8e70aS","expanded_url":"https://twitter.com/fanchono2/status/1083346413210271744","display_url":"twitter.com/fanchono2/stat…","indices":[118,141]}],"user_mentions":[],"symbols":[]}},"quote_count":0,"reply_count":26,"retweet_count":385,"favorite_count":1515,"entities":{"hashtags":[],"urls":[{"url":"https://t.co/8MkqyjFSDJ","expanded_url":"https://twitter.com/i/web/status/1083347297663107072","display_url":"twitter.com/i/web/status/1…","indices":[117,140]}],"user_mentions":[],"symbols":[]},"favorited":false,"retweeted":false,"possibly_sensitive":false,"filter_level":"low","lang":"pt","matching_rules":[{"tag":null}]}