{"created_at":"Fri Jan 11 00:12:42 +0000 2019","id":1083517018765254700,"id_str":"1083517018765254657","text":"RT @brumelianebrum: O capitalismo messiânico de Bolsonaro ameaça o planeta.\nO Brasil tornou-se uma vanguarda apocalíptica com poder para ap…","source":"<a href=\"http://twitter.com\" rel=\"nofollow\">Twitter Web Client</a>","truncated":false,"in_reply_to_status_id":null,"in_reply_to_status_id_str":null,"in_reply_to_user_id":null,"in_reply_to_user_id_str":null,"in_reply_to_screen_name":null,"user":{"id":932675351913926700,"id_str":"932675351913926656","name":"Startupdareal","screen_name":"startupdareal","location":"San Francisco, CA","url":"https://medium.com/startup-da-real","description":"#1 lugar livro de empreendedorismo mais vendido na Amazon, com \"Este livro não vai te deixar rico\"","translator_type":"none","protected":false,"verified":false,"followers_count":25857,"friends_count":176,"listed_count":113,"favourites_count":20540,"statuses_count":18075,"created_at":"Mon Nov 20 18:21:46 +0000 2017","utc_offset":null,"time_zone":null,"geo_enabled":true,"lang":"en","contributors_enabled":false,"is_translator":false,"profile_background_color":"000000","profile_background_image_url":"http://abs.twimg.com/images/themes/theme1/bg.png","profile_background_image_url_https":"https://abs.twimg.com/images/themes/theme1/bg.png","profile_background_tile":false,"profile_link_color":"FAB81E","profile_sidebar_border_color":"000000","profile_sidebar_fill_color":"000000","profile_text_color":"000000","profile_use_background_image":false,"profile_image_url":"http://pbs.twimg.com/profile_images/932680310336180226/PXZJpu93_normal.jpg","profile_image_url_https":"https://pbs.twimg.com/profile_images/932680310336180226/PXZJpu93_normal.jpg","profile_banner_url":"https://pbs.twimg.com/profile_banners/932675351913926656/1511203272","default_profile":false,"default_profile_image":false,"following":null,"follow_request_sent":null,"notifications":null},"geo":null,"coordinates":null,"place":null,"contributors":null,"retweeted_status":{"created_at":"Thu Jan 10 20:28:54 +0000 2019","id":1083460697479172100,"id_str":"1083460697479172096","text":"O capitalismo messiânico de Bolsonaro ameaça o planeta.\nO Brasil tornou-se uma vanguarda apocalíptica com poder par… https://t.co/MlEQETGva7","source":"<a href=\"http://twitter.com\" rel=\"nofollow\">Twitter Web Client</a>","truncated":true,"in_reply_to_status_id":null,"in_reply_to_status_id_str":null,"in_reply_to_user_id":null,"in_reply_to_user_id_str":null,"in_reply_to_screen_name":null,"user":{"id":234398308,"id_str":"234398308","name":"Eliane Brum","screen_name":"brumelianebrum","location":"São Paulo, Brasil","url":"https://brasil.elpais.com/autor/eliane_brum","description":"Jornalista, escritora e documentarista, colunista do El País (português e espanhol), colaboradora do The Guardian e outros. Site:  http://elianebrum.com","translator_type":"none","protected":false,"verified":false,"followers_count":226006,"friends_count":343,"listed_count":1027,"favourites_count":6513,"statuses_count":13437,"created_at":"Wed Jan 05 15:24:54 +0000 2011","utc_offset":null,"time_zone":null,"geo_enabled":false,"lang":"pt","contributors_enabled":false,"is_translator":false,"profile_background_color":"000000","profile_background_image_url":"http://abs.twimg.com/images/themes/theme1/bg.png","profile_background_image_url_https":"https://abs.twimg.com/images/themes/theme1/bg.png","profile_background_tile":false,"profile_link_color":"19CF86","profile_sidebar_border_color":"000000","profile_sidebar_fill_color":"000000","profile_text_color":"000000","profile_use_background_image":false,"profile_image_url":"http://pbs.twimg.com/profile_images/1091244227701493760/p2FLG2xm_normal.jpg","profile_image_url_https":"https://pbs.twimg.com/profile_images/1091244227701493760/p2FLG2xm_normal.jpg","default_profile":false,"default_profile_image":false,"following":null,"follow_request_sent":null,"notifications":null},"geo":null,"coordinates":null,"place":null,"contributors":null,"is_quote_status":false,"extended_tweet":{"full_text":"O capitalismo messiânico de Bolsonaro ameaça o planeta.\nO Brasil tornou-se uma vanguarda apocalíptica com poder para aprofundar a crise climática com grande velocidade.\nMeu artigo no @guardian https://t.co/oXa1nHtUnl","display_text_range":[0,216],"entities":{"hashtags":[],"urls":[{"url":"https://t.co/oXa1nHtUnl","expanded_url":"https://www.theguardian.com/commentisfree/2019/jan/10/jair-bolsonaro-brazil-minorities-rainforest","display_url":"theguardian.com/commentisfree/…","indices":[193,216]}],"user_mentions":[{"screen_name":"guardian","name":"The Guardian","id":87818409,"id_str":"87818409","indices":[183,192]}],"symbols":[]}},"quote_count":0,"reply_count":93,"retweet_count":612,"favorite_count":1971,"entities":{"hashtags":[],"urls":[{"url":"https://t.co/MlEQETGva7","expanded_url":"https://twitter.com/i/web/status/1083460697479172096","display_url":"twitter.com/i/web/status/1…","indices":[117,140]}],"user_mentions":[],"symbols":[]},"favorited":false,"retweeted":false,"possibly_sensitive":false,"filter_level":"low","lang":"pt"},"is_quote_status":false,"quote_count":0,"reply_count":0,"retweet_count":0,"favorite_count":0,"entities":{"hashtags":[],"urls":[],"user_mentions":[{"screen_name":"brumelianebrum","name":"Eliane Brum","id":234398308,"id_str":"234398308","indices":[3,18]}],"symbols":[]},"favorited":false,"retweeted":false,"filter_level":"low","lang":"pt","matching_rules":[{"tag":null}]}