{"created_at":"Sat Jan 12 00:45:49 +0000 2019","id":1083887739886542800,"id_str":"1083887739886542849","text":"RT @DimitraVulcana: Essa é da @MulherTamarindo , ainda vou ler, mas acho que não é nada high stakes bora pra action empreendedor de palco q…","source":"<a href=\"http://twitter.com/download/iphone\" rel=\"nofollow\">Twitter for iPhone</a>","truncated":false,"in_reply_to_status_id":null,"in_reply_to_status_id_str":null,"in_reply_to_user_id":null,"in_reply_to_user_id_str":null,"in_reply_to_screen_name":null,"user":{"id":932675351913926700,"id_str":"932675351913926656","name":"Startupdareal","screen_name":"startupdareal","location":"San Francisco, CA","url":"https://medium.com/startup-da-real","description":"#1 lugar livro de empreendedorismo mais vendido na Amazon, com \"Este livro não vai te deixar rico\"","translator_type":"none","protected":false,"verified":false,"followers_count":25736,"friends_count":176,"listed_count":112,"favourites_count":20411,"statuses_count":17948,"created_at":"Mon Nov 20 18:21:46 +0000 2017","utc_offset":null,"time_zone":null,"geo_enabled":true,"lang":"en","contributors_enabled":false,"is_translator":false,"profile_background_color":"000000","profile_background_image_url":"http://abs.twimg.com/images/themes/theme1/bg.png","profile_background_image_url_https":"https://abs.twimg.com/images/themes/theme1/bg.png","profile_background_tile":false,"profile_link_color":"FAB81E","profile_sidebar_border_color":"000000","profile_sidebar_fill_color":"000000","profile_text_color":"000000","profile_use_background_image":false,"profile_image_url":"http://pbs.twimg.com/profile_images/932680310336180226/PXZJpu93_normal.jpg","profile_image_url_https":"https://pbs.twimg.com/profile_images/932680310336180226/PXZJpu93_normal.jpg","profile_banner_url":"https://pbs.twimg.com/profile_banners/932675351913926656/1511203272","default_profile":false,"default_profile_image":false,"following":null,"follow_request_sent":null,"notifications":null},"geo":null,"coordinates":null,"place":null,"contributors":null,"retweeted_status":{"created_at":"Fri Jan 11 20:13:06 +0000 2019","id":1083819108569960400,"id_str":"1083819108569960448","text":"Essa é da @MulherTamarindo , ainda vou ler, mas acho que não é nada high stakes bora pra action empreendedor de pal… https://t.co/xf0m6BgbfK","source":"<a href=\"http://twitter.com\" rel=\"nofollow\">Twitter Web Client</a>","truncated":true,"in_reply_to_status_id":1083819106602766300,"in_reply_to_status_id_str":"1083819106602766337","in_reply_to_user_id":1604362668,"in_reply_to_user_id_str":"1604362668","in_reply_to_screen_name":"DimitraVulcana","user":{"id":1604362668,"id_str":"1604362668","name":"Dimitra Vulcana - Doutora Drag","screen_name":"DimitraVulcana","location":null,"url":"https://www.youtube.com/channel/UCcgl8D1QAwAmZekgv1-BaQg","description":"Homem-Cis-Gay, YouTuber, Podcaster, drag, bailarino, professor, doutor em ciências da saúde. (A gente pode ser várias coisas ❤️🌈💅🏿💄🙆🏾‍♂️👠","translator_type":"none","protected":false,"verified":false,"followers_count":2234,"friends_count":730,"listed_count":14,"favourites_count":13452,"statuses_count":10258,"created_at":"Thu Jul 18 21:32:33 +0000 2013","utc_offset":null,"time_zone":null,"geo_enabled":true,"lang":"pt","contributors_enabled":false,"is_translator":false,"profile_background_color":"000000","profile_background_image_url":"http://abs.twimg.com/images/themes/theme1/bg.png","profile_background_image_url_https":"https://abs.twimg.com/images/themes/theme1/bg.png","profile_background_tile":false,"profile_link_color":"E81C4F","profile_sidebar_border_color":"000000","profile_sidebar_fill_color":"000000","profile_text_color":"000000","profile_use_background_image":false,"profile_image_url":"http://pbs.twimg.com/profile_images/1023672319045189632/eWVb17VU_normal.jpg","profile_image_url_https":"https://pbs.twimg.com/profile_images/1023672319045189632/eWVb17VU_normal.jpg","profile_banner_url":"https://pbs.twimg.com/profile_banners/1604362668/1541210228","default_profile":false,"default_profile_image":false,"following":null,"follow_request_sent":null,"notifications":null},"geo":null,"coordinates":null,"place":null,"contributors":null,"quoted_status_id":1083534155152015400,"quoted_status_id_str":"1083534155152015360","quoted_status":{"created_at":"Fri Jan 11 01:20:48 +0000 2019","id":1083534155152015400,"id_str":"1083534155152015360","text":"A cada 3 likes posto uma lição que aprendi sobre empreendedorismo e mudar bruscamente de carreira","source":"<a href=\"https://mobile.twitter.com\" rel=\"nofollow\">Twitter Web App</a>","truncated":false,"in_reply_to_status_id":null,"in_reply_to_status_id_str":null,"in_reply_to_user_id":null,"in_reply_to_user_id_str":null,"in_reply_to_screen_name":null,"user":{"id":67772538,"id_str":"67772538","name":"Carmen Tamarindo","screen_name":"MulherTamarindo","location":"São Paulo","url":"https://bit.ly/2r3xyRI","description":"O que vem de macho não me atinge. Junkie de política perfumada.","translator_type":"none","protected":false,"verified":false,"followers_count":19392,"friends_count":4113,"listed_count":183,"favourites_count":37551,"statuses_count":96811,"created_at":"Sat Aug 22 01:02:21 +0000 2009","utc_offset":null,"time_zone":null,"geo_enabled":true,"lang":"pt","contributors_enabled":false,"is_translator":false,"profile_background_color":"ACDED6","profile_background_image_url":"http://abs.twimg.com/images/themes/theme18/bg.gif","profile_background_image_url_https":"https://abs.twimg.com/images/themes/theme18/bg.gif","profile_background_tile":true,"profile_link_color":"038543","profile_sidebar_border_color":"FFFFFF","profile_sidebar_fill_color":"F6F6F6","profile_text_color":"333333","profile_use_background_image":true,"profile_image_url":"http://pbs.twimg.com/profile_images/1085242660468785154/7MnIdkJK_normal.jpg","profile_image_url_https":"https://pbs.twimg.com/profile_images/1085242660468785154/7MnIdkJK_normal.jpg","profile_banner_url":"https://pbs.twimg.com/profile_banners/67772538/1477618383","default_profile":false,"default_profile_image":false,"following":null,"follow_request_sent":null,"notifications":null},"geo":null,"coordinates":null,"place":null,"contributors":null,"is_quote_status":false,"quote_count":0,"reply_count":29,"retweet_count":81,"favorite_count":1413,"entities":{"hashtags":[],"urls":[],"user_mentions":[],"symbols":[]},"favorited":false,"retweeted":false,"filter_level":"low","lang":"pt"},"quoted_status_permalink":{"url":"https://t.co/d3xo3uDSOc","expanded":"https://twitter.com/MulherTamarindo/status/1083534155152015360","display":"twitter.com/MulherTamarind…"},"is_quote_status":true,"extended_tweet":{"full_text":"Essa é da @MulherTamarindo , ainda vou ler, mas acho que não é nada high stakes bora pra action empreendedor de palco que tanto a @startupdareal revira os olhos\n\nhttps://t.co/d3xo3uDSOc","display_text_range":[0,185],"entities":{"hashtags":[],"urls":[{"url":"https://t.co/d3xo3uDSOc","expanded_url":"https://twitter.com/MulherTamarindo/status/1083534155152015360","display_url":"twitter.com/MulherTamarind…","indices":[162,185]}],"user_mentions":[{"screen_name":"MulherTamarindo","name":"Carmen Tamarindo","id":67772538,"id_str":"67772538","indices":[10,26]},{"screen_name":"startupdareal","name":"Startupdareal","id":932675351913926700,"id_str":"932675351913926656","indices":[130,144]}],"symbols":[]}},"quote_count":0,"reply_count":1,"retweet_count":1,"favorite_count":19,"entities":{"hashtags":[],"urls":[{"url":"https://t.co/xf0m6BgbfK","expanded_url":"https://twitter.com/i/web/status/1083819108569960448","display_url":"twitter.com/i/web/status/1…","indices":[117,140]}],"user_mentions":[{"screen_name":"MulherTamarindo","name":"Carmen Tamarindo","id":67772538,"id_str":"67772538","indices":[10,26]}],"symbols":[]},"favorited":false,"retweeted":false,"possibly_sensitive":false,"filter_level":"low","lang":"pt"},"quoted_status_id":1083534155152015400,"quoted_status_id_str":"1083534155152015360","quoted_status":{"created_at":"Fri Jan 11 01:20:48 +0000 2019","id":1083534155152015400,"id_str":"1083534155152015360","text":"A cada 3 likes posto uma lição que aprendi sobre empreendedorismo e mudar bruscamente de carreira","source":"<a href=\"https://mobile.twitter.com\" rel=\"nofollow\">Twitter Web App</a>","truncated":false,"in_reply_to_status_id":null,"in_reply_to_status_id_str":null,"in_reply_to_user_id":null,"in_reply_to_user_id_str":null,"in_reply_to_screen_name":null,"user":{"id":67772538,"id_str":"67772538","name":"Carmen Tamarindo","screen_name":"MulherTamarindo","location":"São Paulo","url":"https://bit.ly/2r3xyRI","description":"O que vem de macho não me atinge. Junkie de política perfumada.","translator_type":"none","protected":false,"verified":false,"followers_count":19392,"friends_count":4113,"listed_count":183,"favourites_count":37551,"statuses_count":96811,"created_at":"Sat Aug 22 01:02:21 +0000 2009","utc_offset":null,"time_zone":null,"geo_enabled":true,"lang":"pt","contributors_enabled":false,"is_translator":false,"profile_background_color":"ACDED6","profile_background_image_url":"http://abs.twimg.com/images/themes/theme18/bg.gif","profile_background_image_url_https":"https://abs.twimg.com/images/themes/theme18/bg.gif","profile_background_tile":true,"profile_link_color":"038543","profile_sidebar_border_color":"FFFFFF","profile_sidebar_fill_color":"F6F6F6","profile_text_color":"333333","profile_use_background_image":true,"profile_image_url":"http://pbs.twimg.com/profile_images/1085242660468785154/7MnIdkJK_normal.jpg","profile_image_url_https":"https://pbs.twimg.com/profile_images/1085242660468785154/7MnIdkJK_normal.jpg","profile_banner_url":"https://pbs.twimg.com/profile_banners/67772538/1477618383","default_profile":false,"default_profile_image":false,"following":null,"follow_request_sent":null,"notifications":null},"geo":null,"coordinates":null,"place":null,"contributors":null,"is_quote_status":false,"quote_count":0,"reply_count":29,"retweet_count":81,"favorite_count":1413,"entities":{"hashtags":[],"urls":[],"user_mentions":[],"symbols":[]},"favorited":false,"retweeted":false,"filter_level":"low","lang":"pt"},"quoted_status_permalink":{"url":"https://t.co/d3xo3uDSOc","expanded":"https://twitter.com/MulherTamarindo/status/1083534155152015360","display":"twitter.com/MulherTamarind…"},"is_quote_status":true,"quote_count":0,"reply_count":0,"retweet_count":0,"favorite_count":0,"entities":{"hashtags":[],"urls":[],"user_mentions":[{"screen_name":"DimitraVulcana","name":"Dimitra Vulcana - Doutora Drag","id":1604362668,"id_str":"1604362668","indices":[3,18]},{"screen_name":"MulherTamarindo","name":"Carmen Tamarindo","id":67772538,"id_str":"67772538","indices":[30,46]}],"symbols":[]},"favorited":false,"retweeted":false,"filter_level":"low","lang":"pt","matching_rules":[{"tag":null}]}