{"created_at":"Wed Jan 09 17:10:33 +0000 2019","id":1083048393470021600,"id_str":"1083048393470021632","text":"Um barril de rap é foda. @froidubr sinistro. https://t.co/QwAdLSZul2","display_text_range":[0,44],"source":"<a href=\"http://twitter.com\" rel=\"nofollow\">Twitter Web Client</a>","truncated":false,"in_reply_to_status_id":null,"in_reply_to_status_id_str":null,"in_reply_to_user_id":null,"in_reply_to_user_id_str":null,"in_reply_to_screen_name":null,"user":{"id":932675351913926700,"id_str":"932675351913926656","name":"Startupdareal","screen_name":"startupdareal","location":"San Francisco, CA","url":"https://medium.com/startup-da-real","description":"#1 lugar livro de empreendedorismo mais vendido na Amazon, com \"Este livro não vai te deixar rico\"","translator_type":"none","protected":false,"verified":false,"followers_count":25736,"friends_count":176,"listed_count":112,"favourites_count":20411,"statuses_count":17948,"created_at":"Mon Nov 20 18:21:46 +0000 2017","utc_offset":null,"time_zone":null,"geo_enabled":true,"lang":"en","contributors_enabled":false,"is_translator":false,"profile_background_color":"000000","profile_background_image_url":"http://abs.twimg.com/images/themes/theme1/bg.png","profile_background_image_url_https":"https://abs.twimg.com/images/themes/theme1/bg.png","profile_background_tile":false,"profile_link_color":"FAB81E","profile_sidebar_border_color":"000000","profile_sidebar_fill_color":"000000","profile_text_color":"000000","profile_use_background_image":false,"profile_image_url":"http://pbs.twimg.com/profile_images/932680310336180226/PXZJpu93_normal.jpg","profile_image_url_https":"https://pbs.twimg.com/profile_images/932680310336180226/PXZJpu93_normal.jpg","profile_banner_url":"https://pbs.twimg.com/profile_banners/932675351913926656/1511203272","default_profile":false,"default_profile_image":false,"following":null,"follow_request_sent":null,"notifications":null},"geo":null,"coordinates":null,"place":null,"contributors":null,"quoted_status_id":1083048070596739100,"quoted_status_id_str":"1083048070596739073","quoted_status":{"created_at":"Wed Jan 09 17:09:16 +0000 2019","id":1083048070596739100,"id_str":"1083048070596739073","text":"EU sou facilmente influenciado a reouvir musicas que eu gosto. A @startupdareal colocou poucos segundos de UBR no s… https://t.co/SiJHirGJVq","source":"<a href=\"http://twitter.com\" rel=\"nofollow\">Twitter Web Client</a>","truncated":true,"in_reply_to_status_id":null,"in_reply_to_status_id_str":null,"in_reply_to_user_id":null,"in_reply_to_user_id_str":null,"in_reply_to_screen_name":null,"user":{"id":62120171,"id_str":"62120171","name":"Gustavo Quintão","screen_name":"Ghustavus","location":null,"url":null,"description":"Pessoa normal, um pouco, que deixa a mente livre para fluir para os mais diversos assuntos...","translator_type":"none","protected":false,"verified":false,"followers_count":168,"friends_count":328,"listed_count":4,"favourites_count":7952,"statuses_count":7038,"created_at":"Sat Aug 01 21:15:51 +0000 2009","utc_offset":null,"time_zone":null,"geo_enabled":true,"lang":"en","contributors_enabled":false,"is_translator":false,"profile_background_color":"C0DEED","profile_background_image_url":"http://abs.twimg.com/images/themes/theme1/bg.png","profile_background_image_url_https":"https://abs.twimg.com/images/themes/theme1/bg.png","profile_background_tile":false,"profile_link_color":"1DA1F2","profile_sidebar_border_color":"C0DEED","profile_sidebar_fill_color":"DDEEF6","profile_text_color":"333333","profile_use_background_image":true,"profile_image_url":"http://pbs.twimg.com/profile_images/913535970275942401/2hydr_gv_normal.jpg","profile_image_url_https":"https://pbs.twimg.com/profile_images/913535970275942401/2hydr_gv_normal.jpg","profile_banner_url":"https://pbs.twimg.com/profile_banners/62120171/1398287859","default_profile":true,"default_profile_image":false,"following":null,"follow_request_sent":null,"notifications":null},"geo":null,"coordinates":null,"place":null,"contributors":null,"is_quote_status":false,"extended_tweet":{"full_text":"EU sou facilmente influenciado a reouvir musicas que eu gosto. A @startupdareal colocou poucos segundos de UBR no stories dela e agora já peguei o album todo pra ouvir kkkk","display_text_range":[0,172],"entities":{"hashtags":[],"urls":[],"user_mentions":[{"screen_name":"startupdareal","name":"Startupdareal","id":932675351913926700,"id_str":"932675351913926656","indices":[65,79]}],"symbols":[]}},"quote_count":0,"reply_count":1,"retweet_count":0,"favorite_count":2,"entities":{"hashtags":[],"urls":[{"url":"https://t.co/SiJHirGJVq","expanded_url":"https://twitter.com/i/web/status/1083048070596739073","display_url":"twitter.com/i/web/status/1…","indices":[117,140]}],"user_mentions":[{"screen_name":"startupdareal","name":"Startupdareal","id":932675351913926700,"id_str":"932675351913926656","indices":[65,79]}],"symbols":[]},"favorited":false,"retweeted":false,"filter_level":"low","lang":"pt"},"quoted_status_permalink":{"url":"https://t.co/QwAdLSZul2","expanded":"https://twitter.com/Ghustavus/status/1083048070596739073","display":"twitter.com/Ghustavus/stat…"},"is_quote_status":true,"quote_count":0,"reply_count":2,"retweet_count":0,"favorite_count":8,"entities":{"hashtags":[],"urls":[{"url":"https://t.co/QwAdLSZul2","expanded_url":"https://twitter.com/Ghustavus/status/1083048070596739073","display_url":"twitter.com/Ghustavus/stat…","indices":[45,68]}],"user_mentions":[{"screen_name":"froidubr","name":"Froid","id":748207005010174000,"id_str":"748207005010173952","indices":[25,34]}],"symbols":[]},"favorited":false,"retweeted":false,"possibly_sensitive":false,"filter_level":"low","lang":"pt","matching_rules":[{"tag":null}]}