{"created_at":"Thu Jan 10 04:08:22 +0000 2019","id":1083213936814624800,"id_str":"1083213936814624768","text":"RT @angryblkhoemo: 'Masculinity ideology' linked to homophobia and misogyny by psychologist association\n\n(In other words, what feminists ha…","source":"<a href=\"http://twitter.com/download/iphone\" rel=\"nofollow\">Twitter for iPhone</a>","truncated":false,"in_reply_to_status_id":null,"in_reply_to_status_id_str":null,"in_reply_to_user_id":null,"in_reply_to_user_id_str":null,"in_reply_to_screen_name":null,"user":{"id":932675351913926700,"id_str":"932675351913926656","name":"Startupdareal","screen_name":"startupdareal","location":"San Francisco, CA","url":"https://medium.com/startup-da-real","description":"#1 lugar livro de empreendedorismo mais vendido na Amazon, com \"Este livro não vai te deixar rico\"","translator_type":"none","protected":false,"verified":false,"followers_count":25736,"friends_count":176,"listed_count":112,"favourites_count":20411,"statuses_count":17948,"created_at":"Mon Nov 20 18:21:46 +0000 2017","utc_offset":null,"time_zone":null,"geo_enabled":true,"lang":"en","contributors_enabled":false,"is_translator":false,"profile_background_color":"000000","profile_background_image_url":"http://abs.twimg.com/images/themes/theme1/bg.png","profile_background_image_url_https":"https://abs.twimg.com/images/themes/theme1/bg.png","profile_background_tile":false,"profile_link_color":"FAB81E","profile_sidebar_border_color":"000000","profile_sidebar_fill_color":"000000","profile_text_color":"000000","profile_use_background_image":false,"profile_image_url":"http://pbs.twimg.com/profile_images/932680310336180226/PXZJpu93_normal.jpg","profile_image_url_https":"https://pbs.twimg.com/profile_images/932680310336180226/PXZJpu93_normal.jpg","profile_banner_url":"https://pbs.twimg.com/profile_banners/932675351913926656/1511203272","default_profile":false,"default_profile_image":false,"following":null,"follow_request_sent":null,"notifications":null},"geo":null,"coordinates":null,"place":null,"contributors":null,"retweeted_status":{"created_at":"Wed Jan 09 21:16:19 +0000 2019","id":1083110243381530600,"id_str":"1083110243381530635","text":"'Masculinity ideology' linked to homophobia and misogyny by psychologist association\n\n(In other words, what feminis… https://t.co/Z0fACYx8Yh","source":"<a href=\"http://twitter.com/download/android\" rel=\"nofollow\">Twitter for Android</a>","truncated":true,"in_reply_to_status_id":null,"in_reply_to_status_id_str":null,"in_reply_to_user_id":null,"in_reply_to_user_id_str":null,"in_reply_to_screen_name":null,"user":{"id":870091861091856400,"id_str":"870091861091856387","name":"Hoe-lar Vortex","screen_name":"angryblkhoemo","location":"Chicago, IL","url":"http://angryblackhoemo.com/support-abh","description":"http://AngryBlackHoemo.com | He/Him | Striving to be a good person and an even better bottom | Blogger | Black Gay Leatherman | ☢️ | @angryb1ackhoemo","translator_type":"none","protected":false,"verified":false,"followers_count":15380,"friends_count":157,"listed_count":373,"favourites_count":192,"statuses_count":100915,"created_at":"Thu Jun 01 01:37:20 +0000 2017","utc_offset":null,"time_zone":null,"geo_enabled":false,"lang":"en","contributors_enabled":false,"is_translator":false,"profile_background_color":"000000","profile_background_image_url":"http://abs.twimg.com/images/themes/theme1/bg.png","profile_background_image_url_https":"https://abs.twimg.com/images/themes/theme1/bg.png","profile_background_tile":false,"profile_link_color":"288C2F","profile_sidebar_border_color":"000000","profile_sidebar_fill_color":"000000","profile_text_color":"000000","profile_use_background_image":false,"profile_image_url":"http://pbs.twimg.com/profile_images/881316843188834304/RJsnY2kG_normal.jpg","profile_image_url_https":"https://pbs.twimg.com/profile_images/881316843188834304/RJsnY2kG_normal.jpg","profile_banner_url":"https://pbs.twimg.com/profile_banners/870091861091856387/1496287500","default_profile":false,"default_profile_image":false,"following":null,"follow_request_sent":null,"notifications":null},"geo":null,"coordinates":null,"place":null,"contributors":null,"is_quote_status":false,"extended_tweet":{"full_text":"'Masculinity ideology' linked to homophobia and misogyny by psychologist association\n\n(In other words, what feminists have been describing as \"toxic masculinity\" for years now. 🙃)\n https://t.co/Tw0HPsknfp","display_text_range":[0,204],"entities":{"hashtags":[],"urls":[{"url":"https://t.co/Tw0HPsknfp","expanded_url":"https://www.nbcnews.com/feature/nbc-out/american-psychological-association-links-masculinity-ideology-homophobia-misogyny-n956416","display_url":"nbcnews.com/feature/nbc-ou…","indices":[181,204]}],"user_mentions":[],"symbols":[]}},"quote_count":0,"reply_count":14,"retweet_count":767,"favorite_count":1669,"entities":{"hashtags":[],"urls":[{"url":"https://t.co/Z0fACYx8Yh","expanded_url":"https://twitter.com/i/web/status/1083110243381530635","display_url":"twitter.com/i/web/status/1…","indices":[117,140]}],"user_mentions":[],"symbols":[]},"favorited":false,"retweeted":false,"possibly_sensitive":false,"filter_level":"low","lang":"en"},"is_quote_status":false,"quote_count":0,"reply_count":0,"retweet_count":0,"favorite_count":0,"entities":{"hashtags":[],"urls":[],"user_mentions":[{"screen_name":"angryblkhoemo","name":"Hoe-lar Vortex","id":870091861091856400,"id_str":"870091861091856387","indices":[3,17]}],"symbols":[]},"favorited":false,"retweeted":false,"filter_level":"low","lang":"en","matching_rules":[{"tag":null}]}