{"created_at":"Sat Jan 12 03:47:21 +0000 2019","id":1083933422156947500,"id_str":"1083933422156947456","text":"ajuda ele ai https://t.co/viuOqRfJhh","display_text_range":[0,12],"source":"<a href=\"http://twitter.com\" rel=\"nofollow\">Twitter Web Client</a>","truncated":false,"in_reply_to_status_id":null,"in_reply_to_status_id_str":null,"in_reply_to_user_id":null,"in_reply_to_user_id_str":null,"in_reply_to_screen_name":null,"user":{"id":932675351913926700,"id_str":"932675351913926656","name":"Startupdareal","screen_name":"startupdareal","location":"San Francisco, CA","url":"https://medium.com/startup-da-real","description":"#1 lugar livro de empreendedorismo mais vendido na Amazon, com \"Este livro não vai te deixar rico\"","translator_type":"none","protected":false,"verified":false,"followers_count":25857,"friends_count":176,"listed_count":113,"favourites_count":20540,"statuses_count":18075,"created_at":"Mon Nov 20 18:21:46 +0000 2017","utc_offset":null,"time_zone":null,"geo_enabled":true,"lang":"en","contributors_enabled":false,"is_translator":false,"profile_background_color":"000000","profile_background_image_url":"http://abs.twimg.com/images/themes/theme1/bg.png","profile_background_image_url_https":"https://abs.twimg.com/images/themes/theme1/bg.png","profile_background_tile":false,"profile_link_color":"FAB81E","profile_sidebar_border_color":"000000","profile_sidebar_fill_color":"000000","profile_text_color":"000000","profile_use_background_image":false,"profile_image_url":"http://pbs.twimg.com/profile_images/932680310336180226/PXZJpu93_normal.jpg","profile_image_url_https":"https://pbs.twimg.com/profile_images/932680310336180226/PXZJpu93_normal.jpg","profile_banner_url":"https://pbs.twimg.com/profile_banners/932675351913926656/1511203272","default_profile":false,"default_profile_image":false,"following":null,"follow_request_sent":null,"notifications":null},"geo":null,"coordinates":null,"place":null,"contributors":null,"quoted_status_id":1083438500928782300,"quoted_status_id_str":"1083438500928782336","quoted_status":{"created_at":"Thu Jan 10 19:00:42 +0000 2019","id":1083438500928782300,"id_str":"1083438500928782336","text":"1 like = uma coisa sobre trabalhar com tecnologia q vc talvez não saiba","source":"<a href=\"http://twitter.com\" rel=\"nofollow\">Twitter Web Client</a>","truncated":false,"in_reply_to_status_id":null,"in_reply_to_status_id_str":null,"in_reply_to_user_id":null,"in_reply_to_user_id_str":null,"in_reply_to_screen_name":null,"user":{"id":35927650,"id_str":"35927650","name":"Filipe M. Silva","screen_name":"flpms","location":"Barueri, Brasil","url":"https://flpms.me","description":"Fullstack Javascript Developer","translator_type":"none","protected":false,"verified":false,"followers_count":482,"friends_count":417,"listed_count":15,"favourites_count":11585,"statuses_count":8407,"created_at":"Tue Apr 28 00:44:27 +0000 2009","utc_offset":null,"time_zone":null,"geo_enabled":true,"lang":"en","contributors_enabled":false,"is_translator":false,"profile_background_color":"459DA9","profile_background_image_url":"http://abs.twimg.com/images/themes/theme14/bg.gif","profile_background_image_url_https":"https://abs.twimg.com/images/themes/theme14/bg.gif","profile_background_tile":false,"profile_link_color":"C00337","profile_sidebar_border_color":"000000","profile_sidebar_fill_color":"FFFFFF","profile_text_color":"000000","profile_use_background_image":true,"profile_image_url":"http://pbs.twimg.com/profile_images/988074158474096645/W_5ozTs2_normal.jpg","profile_image_url_https":"https://pbs.twimg.com/profile_images/988074158474096645/W_5ozTs2_normal.jpg","profile_banner_url":"https://pbs.twimg.com/profile_banners/35927650/1391783638","default_profile":false,"default_profile_image":false,"following":null,"follow_request_sent":null,"notifications":null},"geo":null,"coordinates":null,"place":null,"contributors":null,"is_quote_status":false,"quote_count":0,"reply_count":10,"retweet_count":40,"favorite_count":453,"entities":{"hashtags":[],"urls":[],"user_mentions":[],"symbols":[]},"favorited":false,"retweeted":false,"filter_level":"low","lang":"pt"},"quoted_status_permalink":{"url":"https://t.co/viuOqRfJhh","expanded":"https://twitter.com/flpms/status/1083438500928782336","display":"twitter.com/flpms/status/1…"},"is_quote_status":true,"quote_count":0,"reply_count":1,"retweet_count":1,"favorite_count":14,"entities":{"hashtags":[],"urls":[{"url":"https://t.co/viuOqRfJhh","expanded_url":"https://twitter.com/flpms/status/1083438500928782336","display_url":"twitter.com/flpms/status/1…","indices":[13,36]}],"user_mentions":[],"symbols":[]},"favorited":false,"retweeted":false,"possibly_sensitive":false,"filter_level":"low","lang":"pt","matching_rules":[{"tag":null}]}