{"created_at":"Thu Jan 10 10:59:49 +0000 2019","id":1083317483401023500,"id_str":"1083317483401023488","text":"Um monte de gente falando que a saída é rootear, mas isso não deveria ser a necessidade. Você não deveria precisar… https://t.co/jwsQ0xhi6B","display_text_range":[0,140],"source":"<a href=\"http://twitter.com\" rel=\"nofollow\">Twitter Web Client</a>","truncated":true,"in_reply_to_status_id":null,"in_reply_to_status_id_str":null,"in_reply_to_user_id":null,"in_reply_to_user_id_str":null,"in_reply_to_screen_name":null,"user":{"id":932675351913926700,"id_str":"932675351913926656","name":"Startupdareal","screen_name":"startupdareal","location":"San Francisco, CA","url":"https://medium.com/startup-da-real","description":"#1 lugar livro de empreendedorismo mais vendido na Amazon, com \"Este livro não vai te deixar rico\"","translator_type":"none","protected":false,"verified":false,"followers_count":25736,"friends_count":176,"listed_count":112,"favourites_count":20411,"statuses_count":17948,"created_at":"Mon Nov 20 18:21:46 +0000 2017","utc_offset":null,"time_zone":null,"geo_enabled":true,"lang":"en","contributors_enabled":false,"is_translator":false,"profile_background_color":"000000","profile_background_image_url":"http://abs.twimg.com/images/themes/theme1/bg.png","profile_background_image_url_https":"https://abs.twimg.com/images/themes/theme1/bg.png","profile_background_tile":false,"profile_link_color":"FAB81E","profile_sidebar_border_color":"000000","profile_sidebar_fill_color":"000000","profile_text_color":"000000","profile_use_background_image":false,"profile_image_url":"http://pbs.twimg.com/profile_images/932680310336180226/PXZJpu93_normal.jpg","profile_image_url_https":"https://pbs.twimg.com/profile_images/932680310336180226/PXZJpu93_normal.jpg","profile_banner_url":"https://pbs.twimg.com/profile_banners/932675351913926656/1511203272","default_profile":false,"default_profile_image":false,"following":null,"follow_request_sent":null,"notifications":null},"geo":null,"coordinates":null,"place":null,"contributors":null,"quoted_status_id":1083155602480816100,"quoted_status_id_str":"1083155602480816128","quoted_status":{"created_at":"Thu Jan 10 00:16:34 +0000 2019","id":1083155602480816100,"id_str":"1083155602480816128","text":"Facebook faz acordo com fabricantes de android (sigiloso ninguém sabe quem são e quais aparelhos) para impossibilit… https://t.co/Rjchl8UTcX","source":"<a href=\"http://twitter.com\" rel=\"nofollow\">Twitter Web Client</a>","truncated":true,"in_reply_to_status_id":null,"in_reply_to_status_id_str":null,"in_reply_to_user_id":null,"in_reply_to_user_id_str":null,"in_reply_to_screen_name":null,"user":{"id":932675351913926700,"id_str":"932675351913926656","name":"Startupdareal","screen_name":"startupdareal","location":"San Francisco, CA","url":"https://medium.com/startup-da-real","description":"#1 lugar livro de empreendedorismo mais vendido na Amazon, com \"Este livro não vai te deixar rico\"","translator_type":"none","protected":false,"verified":false,"followers_count":25736,"friends_count":176,"listed_count":112,"favourites_count":20411,"statuses_count":17948,"created_at":"Mon Nov 20 18:21:46 +0000 2017","utc_offset":null,"time_zone":null,"geo_enabled":true,"lang":"en","contributors_enabled":false,"is_translator":false,"profile_background_color":"000000","profile_background_image_url":"http://abs.twimg.com/images/themes/theme1/bg.png","profile_background_image_url_https":"https://abs.twimg.com/images/themes/theme1/bg.png","profile_background_tile":false,"profile_link_color":"FAB81E","profile_sidebar_border_color":"000000","profile_sidebar_fill_color":"000000","profile_text_color":"000000","profile_use_background_image":false,"profile_image_url":"http://pbs.twimg.com/profile_images/932680310336180226/PXZJpu93_normal.jpg","profile_image_url_https":"https://pbs.twimg.com/profile_images/932680310336180226/PXZJpu93_normal.jpg","profile_banner_url":"https://pbs.twimg.com/profile_banners/932675351913926656/1511203272","default_profile":false,"default_profile_image":false,"following":null,"follow_request_sent":null,"notifications":null},"geo":null,"coordinates":null,"place":null,"contributors":null,"is_quote_status":false,"extended_tweet":{"full_text":"Facebook faz acordo com fabricantes de android (sigiloso ninguém sabe quem são e quais aparelhos) para impossibilitar que você consiga deletar o aplicativo do seu aparelho. Você pode desabilitar, mas jamais deletar.\n\nQue malditos. \n\nhttps://t.co/oc5BPbzAsi","display_text_range":[0,256],"entities":{"hashtags":[],"urls":[{"url":"https://t.co/oc5BPbzAsi","expanded_url":"https://techcrunch.com/2019/01/09/facebook-is-the-new-crapware/","display_url":"techcrunch.com/2019/01/09/fac…","indices":[233,256]}],"user_mentions":[],"symbols":[]}},"quote_count":0,"reply_count":106,"retweet_count":196,"favorite_count":689,"entities":{"hashtags":[],"urls":[{"url":"https://t.co/Rjchl8UTcX","expanded_url":"https://twitter.com/i/web/status/1083155602480816128","display_url":"twitter.com/i/web/status/1…","indices":[117,140]}],"user_mentions":[],"symbols":[]},"favorited":false,"retweeted":false,"possibly_sensitive":false,"filter_level":"low","lang":"pt"},"quoted_status_permalink":{"url":"https://t.co/3V7Ni9tysE","expanded":"https://twitter.com/startupdareal/status/1083155602480816128","display":"twitter.com/startupdareal/…"},"is_quote_status":true,"extended_tweet":{"full_text":"Um monte de gente falando que a saída é rootear, mas isso não deveria ser a necessidade. Você não deveria precisar passar por um procedimento técnico e que remove a garantia do aparelho para deletar um aplicativo.\n\nNão é esse o ponto.\n\nE rootear o telefone traz alguns problemas. https://t.co/3V7Ni9tysE","display_text_range":[0,279],"entities":{"hashtags":[],"urls":[{"url":"https://t.co/3V7Ni9tysE","expanded_url":"https://twitter.com/startupdareal/status/1083155602480816128","display_url":"twitter.com/startupdareal/…","indices":[280,303]}],"user_mentions":[],"symbols":[]}},"quote_count":0,"reply_count":10,"retweet_count":6,"favorite_count":91,"entities":{"hashtags":[],"urls":[{"url":"https://t.co/jwsQ0xhi6B","expanded_url":"https://twitter.com/i/web/status/1083317483401023488","display_url":"twitter.com/i/web/status/1…","indices":[116,139]}],"user_mentions":[],"symbols":[]},"favorited":false,"retweeted":false,"possibly_sensitive":false,"filter_level":"low","lang":"pt","matching_rules":[{"tag":null}]}