{"created_at":"Wed Jan 09 18:43:05 +0000 2019","id":1083071679788707800,"id_str":"1083071679788707846","text":"Ele está igualando a pesquisa tirada da bunda dele a uma pesquisa de  científica de verdade. Não existe NENHUM INDI… https://t.co/O88Ad0ZBx6","display_text_range":[0,140],"source":"<a href=\"http://twitter.com\" rel=\"nofollow\">Twitter Web Client</a>","truncated":true,"in_reply_to_status_id":null,"in_reply_to_status_id_str":null,"in_reply_to_user_id":null,"in_reply_to_user_id_str":null,"in_reply_to_screen_name":null,"user":{"id":932675351913926700,"id_str":"932675351913926656","name":"Startupdareal","screen_name":"startupdareal","location":"San Francisco, CA","url":"https://medium.com/startup-da-real","description":"#1 lugar livro de empreendedorismo mais vendido na Amazon, com \"Este livro não vai te deixar rico\"","translator_type":"none","protected":false,"verified":false,"followers_count":25736,"friends_count":176,"listed_count":112,"favourites_count":20411,"statuses_count":17948,"created_at":"Mon Nov 20 18:21:46 +0000 2017","utc_offset":null,"time_zone":null,"geo_enabled":true,"lang":"en","contributors_enabled":false,"is_translator":false,"profile_background_color":"000000","profile_background_image_url":"http://abs.twimg.com/images/themes/theme1/bg.png","profile_background_image_url_https":"https://abs.twimg.com/images/themes/theme1/bg.png","profile_background_tile":false,"profile_link_color":"FAB81E","profile_sidebar_border_color":"000000","profile_sidebar_fill_color":"000000","profile_text_color":"000000","profile_use_background_image":false,"profile_image_url":"http://pbs.twimg.com/profile_images/932680310336180226/PXZJpu93_normal.jpg","profile_image_url_https":"https://pbs.twimg.com/profile_images/932680310336180226/PXZJpu93_normal.jpg","profile_banner_url":"https://pbs.twimg.com/profile_banners/932675351913926656/1511203272","default_profile":false,"default_profile_image":false,"following":null,"follow_request_sent":null,"notifications":null},"geo":null,"coordinates":null,"place":null,"contributors":null,"quoted_status_id":1083068260512383000,"quoted_status_id_str":"1083068260512382977","quoted_status":{"created_at":"Wed Jan 09 18:29:30 +0000 2019","id":1083068260512383000,"id_str":"1083068260512382977","text":"@startupdareal https://t.co/5k1ipkF3Sa","display_text_range":[14,14],"source":"<a href=\"http://twitter.com/download/android\" rel=\"nofollow\">Twitter for Android</a>","truncated":false,"in_reply_to_status_id":1083056765242101800,"in_reply_to_status_id_str":"1083056765242101761","in_reply_to_user_id":932675351913926700,"in_reply_to_user_id_str":"932675351913926656","in_reply_to_screen_name":"startupdareal","user":{"id":3834489317,"id_str":"3834489317","name":"Lucas Rodrigues","screen_name":"rcorreaLucas","location":"Belém, Pará","url":null,"description":"cerveja, saliencias e memes","translator_type":"none","protected":false,"verified":false,"followers_count":50,"friends_count":353,"listed_count":0,"favourites_count":2453,"statuses_count":2142,"created_at":"Thu Oct 01 15:10:09 +0000 2015","utc_offset":null,"time_zone":null,"geo_enabled":false,"lang":"pt","contributors_enabled":false,"is_translator":false,"profile_background_color":"000000","profile_background_image_url":"http://abs.twimg.com/images/themes/theme1/bg.png","profile_background_image_url_https":"https://abs.twimg.com/images/themes/theme1/bg.png","profile_background_tile":false,"profile_link_color":"89C9FA","profile_sidebar_border_color":"000000","profile_sidebar_fill_color":"000000","profile_text_color":"000000","profile_use_background_image":false,"profile_image_url":"http://pbs.twimg.com/profile_images/1078983539696250881/6Md6Swdy_normal.jpg","profile_image_url_https":"https://pbs.twimg.com/profile_images/1078983539696250881/6Md6Swdy_normal.jpg","profile_banner_url":"https://pbs.twimg.com/profile_banners/3834489317/1546084697","default_profile":false,"default_profile_image":false,"following":null,"follow_request_sent":null,"notifications":null},"geo":null,"coordinates":null,"place":null,"contributors":null,"is_quote_status":false,"quote_count":0,"reply_count":2,"retweet_count":0,"favorite_count":6,"entities":{"hashtags":[],"urls":[],"user_mentions":[{"screen_name":"startupdareal","name":"Startupdareal","id":932675351913926700,"id_str":"932675351913926656","indices":[0,14]}],"symbols":[],"media":[{"id":1083067936011632600,"id_str":"1083067936011632642","indices":[15,38],"media_url":"http://pbs.twimg.com/media/DwfUjKmWwAI6Iuo.jpg","media_url_https":"https://pbs.twimg.com/media/DwfUjKmWwAI6Iuo.jpg","url":"https://t.co/5k1ipkF3Sa","display_url":"pic.twitter.com/5k1ipkF3Sa","expanded_url":"https://twitter.com/rcorreaLucas/status/1083068260512382977/photo/1","type":"photo","sizes":{"small":{"w":340,"h":680,"resize":"fit"},"thumb":{"w":150,"h":150,"resize":"crop"},"medium":{"w":600,"h":1200,"resize":"fit"},"large":{"w":1024,"h":2048,"resize":"fit"}}}]},"extended_entities":{"media":[{"id":1083067936011632600,"id_str":"1083067936011632642","indices":[15,38],"media_url":"http://pbs.twimg.com/media/DwfUjKmWwAI6Iuo.jpg","media_url_https":"https://pbs.twimg.com/media/DwfUjKmWwAI6Iuo.jpg","url":"https://t.co/5k1ipkF3Sa","display_url":"pic.twitter.com/5k1ipkF3Sa","expanded_url":"https://twitter.com/rcorreaLucas/status/1083068260512382977/photo/1","type":"photo","sizes":{"small":{"w":340,"h":680,"resize":"fit"},"thumb":{"w":150,"h":150,"resize":"crop"},"medium":{"w":600,"h":1200,"resize":"fit"},"large":{"w":1024,"h":2048,"resize":"fit"}}}]},"favorited":false,"retweeted":false,"possibly_sensitive":false,"filter_level":"low","lang":"und"},"quoted_status_permalink":{"url":"https://t.co/8xH57OoHSX","expanded":"https://twitter.com/rcorreaLucas/status/1083068260512382977","display":"twitter.com/rcorreaLucas/s…"},"is_quote_status":true,"extended_tweet":{"full_text":"Ele está igualando a pesquisa tirada da bunda dele a uma pesquisa de  científica de verdade. Não existe NENHUM INDICADOR de que a realidade  esteja no meio dos dois. Se ele quer argumentar, paga um instituto de  pesquisa sério para realizar o trabalho e ver o que acha. https://t.co/8xH57OoHSX","display_text_range":[0,269],"entities":{"hashtags":[],"urls":[{"url":"https://t.co/8xH57OoHSX","expanded_url":"https://twitter.com/rcorreaLucas/status/1083068260512382977","display_url":"twitter.com/rcorreaLucas/s…","indices":[270,293]}],"user_mentions":[],"symbols":[]}},"quote_count":0,"reply_count":18,"retweet_count":18,"favorite_count":272,"entities":{"hashtags":[],"urls":[{"url":"https://t.co/O88Ad0ZBx6","expanded_url":"https://twitter.com/i/web/status/1083071679788707846","display_url":"twitter.com/i/web/status/1…","indices":[117,140]}],"user_mentions":[],"symbols":[]},"favorited":false,"retweeted":false,"possibly_sensitive":false,"filter_level":"low","lang":"pt","matching_rules":[{"tag":null}]}