{"created_at":"Thu Jan 10 11:41:18 +0000 2019","id":1083327923740909600,"id_str":"1083327923740909568","text":"@marcus_oktane Cara, root é só  pra quem tem conhecimento técnico e paciência. Rooteei todos os meus primeiros 4 an… https://t.co/eb3oL4X9tk","display_text_range":[15,140],"source":"<a href=\"http://twitter.com\" rel=\"nofollow\">Twitter Web Client</a>","truncated":true,"in_reply_to_status_id":1083322076243603500,"in_reply_to_status_id_str":"1083322076243603456","in_reply_to_user_id":50156583,"in_reply_to_user_id_str":"50156583","in_reply_to_screen_name":"marcus_oktane","user":{"id":932675351913926700,"id_str":"932675351913926656","name":"Startupdareal","screen_name":"startupdareal","location":"San Francisco, CA","url":"https://medium.com/startup-da-real","description":"#1 lugar livro de empreendedorismo mais vendido na Amazon, com \"Este livro não vai te deixar rico\"","translator_type":"none","protected":false,"verified":false,"followers_count":25736,"friends_count":176,"listed_count":112,"favourites_count":20411,"statuses_count":17948,"created_at":"Mon Nov 20 18:21:46 +0000 2017","utc_offset":null,"time_zone":null,"geo_enabled":true,"lang":"en","contributors_enabled":false,"is_translator":false,"profile_background_color":"000000","profile_background_image_url":"http://abs.twimg.com/images/themes/theme1/bg.png","profile_background_image_url_https":"https://abs.twimg.com/images/themes/theme1/bg.png","profile_background_tile":false,"profile_link_color":"FAB81E","profile_sidebar_border_color":"000000","profile_sidebar_fill_color":"000000","profile_text_color":"000000","profile_use_background_image":false,"profile_image_url":"http://pbs.twimg.com/profile_images/932680310336180226/PXZJpu93_normal.jpg","profile_image_url_https":"https://pbs.twimg.com/profile_images/932680310336180226/PXZJpu93_normal.jpg","profile_banner_url":"https://pbs.twimg.com/profile_banners/932675351913926656/1511203272","default_profile":false,"default_profile_image":false,"following":null,"follow_request_sent":null,"notifications":null},"geo":null,"coordinates":null,"place":null,"contributors":null,"is_quote_status":false,"extended_tweet":{"full_text":"@marcus_oktane Cara, root é só  pra quem tem conhecimento técnico e paciência. Rooteei todos os meus primeiros 4 androids e isso vira um ciclo infernal. Você tem que formatar o aparelho com frequência pra colocar roms atualizadas, para arrumar bugs que vieram numa rom específica.","display_text_range":[15,280],"entities":{"hashtags":[],"urls":[],"user_mentions":[{"screen_name":"marcus_oktane","name":"Marcus Oktaner","id":50156583,"id_str":"50156583","indices":[0,14]}],"symbols":[]}},"quote_count":0,"reply_count":1,"retweet_count":0,"favorite_count":1,"entities":{"hashtags":[],"urls":[{"url":"https://t.co/eb3oL4X9tk","expanded_url":"https://twitter.com/i/web/status/1083327923740909568","display_url":"twitter.com/i/web/status/1…","indices":[117,140]}],"user_mentions":[{"screen_name":"marcus_oktane","name":"Marcus Oktaner","id":50156583,"id_str":"50156583","indices":[0,14]}],"symbols":[]},"favorited":false,"retweeted":false,"filter_level":"low","lang":"pt","matching_rules":[{"tag":null}]}