{"created_at":"Wed Jan 09 18:22:58 +0000 2019","id":1083066617137938400,"id_str":"1083066617137938443","text":"RT @Smaylle: @netomarin @startupdareal 390k de pessoas q o seguem tem o mesmo perfil... mesma coisa de chegar num flaflu no Maracanã e faze…","source":"<a href=\"http://twitter.com\" rel=\"nofollow\">Twitter Web Client</a>","truncated":false,"in_reply_to_status_id":null,"in_reply_to_status_id_str":null,"in_reply_to_user_id":null,"in_reply_to_user_id_str":null,"in_reply_to_screen_name":null,"user":{"id":932675351913926700,"id_str":"932675351913926656","name":"Startupdareal","screen_name":"startupdareal","location":"San Francisco, CA","url":"https://medium.com/startup-da-real","description":"#1 lugar livro de empreendedorismo mais vendido na Amazon, com \"Este livro não vai te deixar rico\"","translator_type":"none","protected":false,"verified":false,"followers_count":25736,"friends_count":176,"listed_count":112,"favourites_count":20411,"statuses_count":17948,"created_at":"Mon Nov 20 18:21:46 +0000 2017","utc_offset":null,"time_zone":null,"geo_enabled":true,"lang":"en","contributors_enabled":false,"is_translator":false,"profile_background_color":"000000","profile_background_image_url":"http://abs.twimg.com/images/themes/theme1/bg.png","profile_background_image_url_https":"https://abs.twimg.com/images/themes/theme1/bg.png","profile_background_tile":false,"profile_link_color":"FAB81E","profile_sidebar_border_color":"000000","profile_sidebar_fill_color":"000000","profile_text_color":"000000","profile_use_background_image":false,"profile_image_url":"http://pbs.twimg.com/profile_images/932680310336180226/PXZJpu93_normal.jpg","profile_image_url_https":"https://pbs.twimg.com/profile_images/932680310336180226/PXZJpu93_normal.jpg","profile_banner_url":"https://pbs.twimg.com/profile_banners/932675351913926656/1511203272","default_profile":false,"default_profile_image":false,"following":null,"follow_request_sent":null,"notifications":null},"geo":null,"coordinates":null,"place":null,"contributors":null,"retweeted_status":{"created_at":"Wed Jan 09 18:02:40 +0000 2019","id":1083061507594874900,"id_str":"1083061507594874880","text":"@netomarin @startupdareal 390k de pessoas q o seguem tem o mesmo perfil... mesma coisa de chegar num flaflu no Mara… https://t.co/eZdPnorNWu","display_text_range":[26,140],"source":"<a href=\"http://twitter.com/download/iphone\" rel=\"nofollow\">Twitter for iPhone</a>","truncated":true,"in_reply_to_status_id":1083055557588574200,"in_reply_to_status_id_str":"1083055557588574208","in_reply_to_user_id":15172162,"in_reply_to_user_id_str":"15172162","in_reply_to_screen_name":"netomarin","user":{"id":16202631,"id_str":"16202631","name":"Smaylle","screen_name":"Smaylle","location":null,"url":null,"description":null,"translator_type":"none","protected":false,"verified":false,"followers_count":139,"friends_count":908,"listed_count":2,"favourites_count":253,"statuses_count":335,"created_at":"Tue Sep 09 14:18:45 +0000 2008","utc_offset":null,"time_zone":null,"geo_enabled":true,"lang":"en","contributors_enabled":false,"is_translator":false,"profile_background_color":"131516","profile_background_image_url":"http://abs.twimg.com/images/themes/theme1/bg.png","profile_background_image_url_https":"https://abs.twimg.com/images/themes/theme1/bg.png","profile_background_tile":true,"profile_link_color":"009999","profile_sidebar_border_color":"EEEEEE","profile_sidebar_fill_color":"241524","profile_text_color":"474747","profile_use_background_image":true,"profile_image_url":"http://pbs.twimg.com/profile_images/797146808216653824/6eRs_1I5_normal.jpg","profile_image_url_https":"https://pbs.twimg.com/profile_images/797146808216653824/6eRs_1I5_normal.jpg","profile_banner_url":"https://pbs.twimg.com/profile_banners/16202631/1471454031","default_profile":false,"default_profile_image":false,"following":null,"follow_request_sent":null,"notifications":null},"geo":null,"coordinates":null,"place":null,"contributors":null,"is_quote_status":false,"extended_tweet":{"full_text":"@netomarin @startupdareal 390k de pessoas q o seguem tem o mesmo perfil... mesma coisa de chegar num flaflu no Maracanã e fazer uma enquete se o melhor time do Brasil é Flamengo ou Corinthians.","display_text_range":[26,193],"entities":{"hashtags":[],"urls":[],"user_mentions":[{"screen_name":"netomarin","name":"Neto Marin","id":15172162,"id_str":"15172162","indices":[0,10]},{"screen_name":"startupdareal","name":"Startupdareal","id":932675351913926700,"id_str":"932675351913926656","indices":[11,25]}],"symbols":[]}},"quote_count":0,"reply_count":5,"retweet_count":2,"favorite_count":41,"entities":{"hashtags":[],"urls":[{"url":"https://t.co/eZdPnorNWu","expanded_url":"https://twitter.com/i/web/status/1083061507594874880","display_url":"twitter.com/i/web/status/1…","indices":[117,140]}],"user_mentions":[{"screen_name":"netomarin","name":"Neto Marin","id":15172162,"id_str":"15172162","indices":[0,10]},{"screen_name":"startupdareal","name":"Startupdareal","id":932675351913926700,"id_str":"932675351913926656","indices":[11,25]}],"symbols":[]},"favorited":false,"retweeted":false,"filter_level":"low","lang":"pt"},"is_quote_status":false,"quote_count":0,"reply_count":0,"retweet_count":0,"favorite_count":0,"entities":{"hashtags":[],"urls":[],"user_mentions":[{"screen_name":"Smaylle","name":"Smaylle","id":16202631,"id_str":"16202631","indices":[3,11]},{"screen_name":"netomarin","name":"Neto Marin","id":15172162,"id_str":"15172162","indices":[13,23]},{"screen_name":"startupdareal","name":"Startupdareal","id":932675351913926700,"id_str":"932675351913926656","indices":[24,38]}],"symbols":[]},"favorited":false,"retweeted":false,"filter_level":"low","lang":"pt","matching_rules":[{"tag":null}]}