{"created_at":"Wed Jan 09 17:34:41 +0000 2019","id":1083054466188959700,"id_str":"1083054466188959745","text":"RT @filippinheiro: Cc @startupdareal https://t.co/c7P9mkYWoC","source":"<a href=\"http://twitter.com\" rel=\"nofollow\">Twitter Web Client</a>","truncated":false,"in_reply_to_status_id":null,"in_reply_to_status_id_str":null,"in_reply_to_user_id":null,"in_reply_to_user_id_str":null,"in_reply_to_screen_name":null,"user":{"id":932675351913926700,"id_str":"932675351913926656","name":"Startupdareal","screen_name":"startupdareal","location":"San Francisco, CA","url":"https://medium.com/startup-da-real","description":"#1 lugar livro de empreendedorismo mais vendido na Amazon, com \"Este livro não vai te deixar rico\"","translator_type":"none","protected":false,"verified":false,"followers_count":25736,"friends_count":176,"listed_count":112,"favourites_count":20411,"statuses_count":17948,"created_at":"Mon Nov 20 18:21:46 +0000 2017","utc_offset":null,"time_zone":null,"geo_enabled":true,"lang":"en","contributors_enabled":false,"is_translator":false,"profile_background_color":"000000","profile_background_image_url":"http://abs.twimg.com/images/themes/theme1/bg.png","profile_background_image_url_https":"https://abs.twimg.com/images/themes/theme1/bg.png","profile_background_tile":false,"profile_link_color":"FAB81E","profile_sidebar_border_color":"000000","profile_sidebar_fill_color":"000000","profile_text_color":"000000","profile_use_background_image":false,"profile_image_url":"http://pbs.twimg.com/profile_images/932680310336180226/PXZJpu93_normal.jpg","profile_image_url_https":"https://pbs.twimg.com/profile_images/932680310336180226/PXZJpu93_normal.jpg","profile_banner_url":"https://pbs.twimg.com/profile_banners/932675351913926656/1511203272","default_profile":false,"default_profile_image":false,"following":null,"follow_request_sent":null,"notifications":null},"geo":null,"coordinates":null,"place":null,"contributors":null,"retweeted_status":{"created_at":"Wed Jan 09 17:32:25 +0000 2019","id":1083053896040411100,"id_str":"1083053896040411136","text":"Cc @startupdareal https://t.co/c7P9mkYWoC","display_text_range":[0,17],"source":"<a href=\"http://twitter.com/download/android\" rel=\"nofollow\">Twitter for Android</a>","truncated":false,"in_reply_to_status_id":null,"in_reply_to_status_id_str":null,"in_reply_to_user_id":null,"in_reply_to_user_id_str":null,"in_reply_to_screen_name":null,"user":{"id":349763640,"id_str":"349763640","name":"c:\\users\\filipe\\*","screen_name":"filippinheiro","location":"Alegre, Brasil","url":null,"description":"[Citação de algum filme clássico]","translator_type":"none","protected":false,"verified":false,"followers_count":183,"friends_count":1524,"listed_count":0,"favourites_count":6377,"statuses_count":3798,"created_at":"Sat Aug 06 17:11:33 +0000 2011","utc_offset":null,"time_zone":null,"geo_enabled":true,"lang":"en","contributors_enabled":false,"is_translator":false,"profile_background_color":"ACDED6","profile_background_image_url":"http://abs.twimg.com/images/themes/theme18/bg.gif","profile_background_image_url_https":"https://abs.twimg.com/images/themes/theme18/bg.gif","profile_background_tile":true,"profile_link_color":"038543","profile_sidebar_border_color":"EEEEEE","profile_sidebar_fill_color":"F6F6F6","profile_text_color":"333333","profile_use_background_image":true,"profile_image_url":"http://pbs.twimg.com/profile_images/897566738073759746/-llcDLoq_normal.jpg","profile_image_url_https":"https://pbs.twimg.com/profile_images/897566738073759746/-llcDLoq_normal.jpg","profile_banner_url":"https://pbs.twimg.com/profile_banners/349763640/1505873095","default_profile":false,"default_profile_image":false,"following":null,"follow_request_sent":null,"notifications":null},"geo":null,"coordinates":null,"place":null,"contributors":null,"is_quote_status":false,"quote_count":0,"reply_count":1,"retweet_count":37,"favorite_count":108,"entities":{"hashtags":[],"urls":[],"user_mentions":[{"screen_name":"startupdareal","name":"Startupdareal","id":932675351913926700,"id_str":"932675351913926656","indices":[3,17]}],"symbols":[],"media":[{"id":1083053889383993300,"id_str":"1083053889383993346","indices":[18,41],"media_url":"http://pbs.twimg.com/media/DwfHxi1WkAIpGAb.jpg","media_url_https":"https://pbs.twimg.com/media/DwfHxi1WkAIpGAb.jpg","url":"https://t.co/c7P9mkYWoC","display_url":"pic.twitter.com/c7P9mkYWoC","expanded_url":"https://twitter.com/filippinheiro/status/1083053896040411136/photo/1","type":"photo","sizes":{"medium":{"w":746,"h":750,"resize":"fit"},"thumb":{"w":150,"h":150,"resize":"crop"},"large":{"w":746,"h":750,"resize":"fit"},"small":{"w":676,"h":680,"resize":"fit"}}}]},"extended_entities":{"media":[{"id":1083053889383993300,"id_str":"1083053889383993346","indices":[18,41],"media_url":"http://pbs.twimg.com/media/DwfHxi1WkAIpGAb.jpg","media_url_https":"https://pbs.twimg.com/media/DwfHxi1WkAIpGAb.jpg","url":"https://t.co/c7P9mkYWoC","display_url":"pic.twitter.com/c7P9mkYWoC","expanded_url":"https://twitter.com/filippinheiro/status/1083053896040411136/photo/1","type":"photo","sizes":{"medium":{"w":746,"h":750,"resize":"fit"},"thumb":{"w":150,"h":150,"resize":"crop"},"large":{"w":746,"h":750,"resize":"fit"},"small":{"w":676,"h":680,"resize":"fit"}}}]},"favorited":false,"retweeted":false,"possibly_sensitive":false,"filter_level":"low","lang":"und"},"is_quote_status":false,"quote_count":0,"reply_count":0,"retweet_count":0,"favorite_count":0,"entities":{"hashtags":[],"urls":[],"user_mentions":[{"screen_name":"filippinheiro","name":"c:\\users\\filipe\\*","id":349763640,"id_str":"349763640","indices":[3,17]},{"screen_name":"startupdareal","name":"Startupdareal","id":932675351913926700,"id_str":"932675351913926656","indices":[22,36]}],"symbols":[],"media":[{"id":1083053889383993300,"id_str":"1083053889383993346","indices":[37,60],"media_url":"http://pbs.twimg.com/media/DwfHxi1WkAIpGAb.jpg","media_url_https":"https://pbs.twimg.com/media/DwfHxi1WkAIpGAb.jpg","url":"https://t.co/c7P9mkYWoC","display_url":"pic.twitter.com/c7P9mkYWoC","expanded_url":"https://twitter.com/filippinheiro/status/1083053896040411136/photo/1","type":"photo","sizes":{"medium":{"w":746,"h":750,"resize":"fit"},"thumb":{"w":150,"h":150,"resize":"crop"},"large":{"w":746,"h":750,"resize":"fit"},"small":{"w":676,"h":680,"resize":"fit"}},"source_status_id":1083053896040411100,"source_status_id_str":"1083053896040411136","source_user_id":349763640,"source_user_id_str":"349763640"}]},"extended_entities":{"media":[{"id":1083053889383993300,"id_str":"1083053889383993346","indices":[37,60],"media_url":"http://pbs.twimg.com/media/DwfHxi1WkAIpGAb.jpg","media_url_https":"https://pbs.twimg.com/media/DwfHxi1WkAIpGAb.jpg","url":"https://t.co/c7P9mkYWoC","display_url":"pic.twitter.com/c7P9mkYWoC","expanded_url":"https://twitter.com/filippinheiro/status/1083053896040411136/photo/1","type":"photo","sizes":{"medium":{"w":746,"h":750,"resize":"fit"},"thumb":{"w":150,"h":150,"resize":"crop"},"large":{"w":746,"h":750,"resize":"fit"},"small":{"w":676,"h":680,"resize":"fit"}},"source_status_id":1083053896040411100,"source_status_id_str":"1083053896040411136","source_user_id":349763640,"source_user_id_str":"349763640"}]},"favorited":false,"retweeted":false,"possibly_sensitive":false,"filter_level":"low","lang":"und","matching_rules":[{"tag":null}]}