{"created_at":"Fri Jan 11 16:11:11 +0000 2019","id":1083758226963865600,"id_str":"1083758226963865601","text":"Ensino de empreendedorismo para crianças, o que há de errado? - Ou: como não transformar seu filho num boçalzinho -… https://t.co/5lH8K5XScX","display_text_range":[0,140],"source":"<a href=\"http://www.mailchimp.com\" rel=\"nofollow\">MailChimp</a>","truncated":true,"in_reply_to_status_id":null,"in_reply_to_status_id_str":null,"in_reply_to_user_id":null,"in_reply_to_user_id_str":null,"in_reply_to_screen_name":null,"user":{"id":932675351913926700,"id_str":"932675351913926656","name":"Startupdareal","screen_name":"startupdareal","location":"San Francisco, CA","url":"https://medium.com/startup-da-real","description":"#1 lugar livro de empreendedorismo mais vendido na Amazon, com \"Este livro não vai te deixar rico\"","translator_type":"none","protected":false,"verified":false,"followers_count":25857,"friends_count":176,"listed_count":113,"favourites_count":20540,"statuses_count":18075,"created_at":"Mon Nov 20 18:21:46 +0000 2017","utc_offset":null,"time_zone":null,"geo_enabled":true,"lang":"en","contributors_enabled":false,"is_translator":false,"profile_background_color":"000000","profile_background_image_url":"http://abs.twimg.com/images/themes/theme1/bg.png","profile_background_image_url_https":"https://abs.twimg.com/images/themes/theme1/bg.png","profile_background_tile":false,"profile_link_color":"FAB81E","profile_sidebar_border_color":"000000","profile_sidebar_fill_color":"000000","profile_text_color":"000000","profile_use_background_image":false,"profile_image_url":"http://pbs.twimg.com/profile_images/932680310336180226/PXZJpu93_normal.jpg","profile_image_url_https":"https://pbs.twimg.com/profile_images/932680310336180226/PXZJpu93_normal.jpg","profile_banner_url":"https://pbs.twimg.com/profile_banners/932675351913926656/1511203272","default_profile":false,"default_profile_image":false,"following":null,"follow_request_sent":null,"notifications":null},"geo":null,"coordinates":null,"place":null,"contributors":null,"is_quote_status":false,"extended_tweet":{"full_text":"Ensino de empreendedorismo para crianças, o que há de errado? - Ou: como não transformar seu filho num boçalzinho - ALT+TAB #27 - https://t.co/PuOIbRWV2X https://t.co/0S6FqRSxFn","display_text_range":[0,153],"entities":{"hashtags":[],"urls":[{"url":"https://t.co/PuOIbRWV2X","expanded_url":"https://mailchi.mp/e4a5e13b8c9f/alt-tab-startupdareal-254493","display_url":"mailchi.mp/e4a5e13b8c9f/a…","indices":[130,153]}],"user_mentions":[],"symbols":[],"media":[{"id":1083758225281953800,"id_str":"1083758225281953793","indices":[154,177],"media_url":"http://pbs.twimg.com/media/DwpIXShWsAE4V0O.jpg","media_url_https":"https://pbs.twimg.com/media/DwpIXShWsAE4V0O.jpg","url":"https://t.co/0S6FqRSxFn","display_url":"pic.twitter.com/0S6FqRSxFn","expanded_url":"https://twitter.com/startupdareal/status/1083758226963865601/photo/1","type":"photo","sizes":{"thumb":{"w":150,"h":150,"resize":"crop"},"small":{"w":680,"h":356,"resize":"fit"},"large":{"w":730,"h":382,"resize":"fit"},"medium":{"w":730,"h":382,"resize":"fit"}}}]},"extended_entities":{"media":[{"id":1083758225281953800,"id_str":"1083758225281953793","indices":[154,177],"media_url":"http://pbs.twimg.com/media/DwpIXShWsAE4V0O.jpg","media_url_https":"https://pbs.twimg.com/media/DwpIXShWsAE4V0O.jpg","url":"https://t.co/0S6FqRSxFn","display_url":"pic.twitter.com/0S6FqRSxFn","expanded_url":"https://twitter.com/startupdareal/status/1083758226963865601/photo/1","type":"photo","sizes":{"thumb":{"w":150,"h":150,"resize":"crop"},"small":{"w":680,"h":356,"resize":"fit"},"large":{"w":730,"h":382,"resize":"fit"},"medium":{"w":730,"h":382,"resize":"fit"}}}]}},"quote_count":0,"reply_count":2,"retweet_count":8,"favorite_count":45,"entities":{"hashtags":[],"urls":[{"url":"https://t.co/5lH8K5XScX","expanded_url":"https://twitter.com/i/web/status/1083758226963865601","display_url":"twitter.com/i/web/status/1…","indices":[117,140]}],"user_mentions":[],"symbols":[]},"favorited":false,"retweeted":false,"possibly_sensitive":false,"filter_level":"low","lang":"pt","matching_rules":[{"tag":null}]}