{"created_at":"Sat Jan 12 10:39:53 +0000 2019","id":1084037240546881500,"id_str":"1084037240546881536","text":"RT @AnneMM_13: HAHAHAHAHAHAHAHAHAHAHAHAHHAHAHAHAHAHAHA https://t.co/PvJaRdbln1","source":"<a href=\"http://twitter.com/download/iphone\" rel=\"nofollow\">Twitter for iPhone</a>","truncated":false,"in_reply_to_status_id":null,"in_reply_to_status_id_str":null,"in_reply_to_user_id":null,"in_reply_to_user_id_str":null,"in_reply_to_screen_name":null,"user":{"id":932675351913926700,"id_str":"932675351913926656","name":"Startupdareal","screen_name":"startupdareal","location":"San Francisco, CA","url":"https://medium.com/startup-da-real","description":"#1 lugar livro de empreendedorismo mais vendido na Amazon, com \"Este livro não vai te deixar rico\"","translator_type":"none","protected":false,"verified":false,"followers_count":25736,"friends_count":176,"listed_count":112,"favourites_count":20411,"statuses_count":17948,"created_at":"Mon Nov 20 18:21:46 +0000 2017","utc_offset":null,"time_zone":null,"geo_enabled":true,"lang":"en","contributors_enabled":false,"is_translator":false,"profile_background_color":"000000","profile_background_image_url":"http://abs.twimg.com/images/themes/theme1/bg.png","profile_background_image_url_https":"https://abs.twimg.com/images/themes/theme1/bg.png","profile_background_tile":false,"profile_link_color":"FAB81E","profile_sidebar_border_color":"000000","profile_sidebar_fill_color":"000000","profile_text_color":"000000","profile_use_background_image":false,"profile_image_url":"http://pbs.twimg.com/profile_images/932680310336180226/PXZJpu93_normal.jpg","profile_image_url_https":"https://pbs.twimg.com/profile_images/932680310336180226/PXZJpu93_normal.jpg","profile_banner_url":"https://pbs.twimg.com/profile_banners/932675351913926656/1511203272","default_profile":false,"default_profile_image":false,"following":null,"follow_request_sent":null,"notifications":null},"geo":null,"coordinates":null,"place":null,"contributors":null,"retweeted_status":{"created_at":"Sat Jan 12 02:57:41 +0000 2019","id":1083920924309626900,"id_str":"1083920924309626881","text":"HAHAHAHAHAHAHAHAHAHAHAHAHHAHAHAHAHAHAHA https://t.co/PvJaRdbln1","display_text_range":[0,39],"source":"<a href=\"http://twitter.com/download/iphone\" rel=\"nofollow\">Twitter for iPhone</a>","truncated":false,"in_reply_to_status_id":null,"in_reply_to_status_id_str":null,"in_reply_to_user_id":null,"in_reply_to_user_id_str":null,"in_reply_to_screen_name":null,"user":{"id":767789620801179600,"id_str":"767789620801179648","name":"ANNE RABELLO BAGY","screen_name":"AnneMM_13","location":"NÓS SOMOS A RESISTÊNCIA, OH BELLA!","url":"http://www.VemQuenteQueEuFervo.com.br","description":"Por elas eu sou resistência! ❤️ Mãe Leoa! [Eu?! INENARRÁVEL!®]","translator_type":"none","protected":false,"verified":false,"followers_count":541,"friends_count":226,"listed_count":2,"favourites_count":23431,"statuses_count":24014,"created_at":"Mon Aug 22 18:24:45 +0000 2016","utc_offset":null,"time_zone":null,"geo_enabled":false,"lang":"pt","contributors_enabled":false,"is_translator":false,"profile_background_color":"000000","profile_background_image_url":"http://abs.twimg.com/images/themes/theme1/bg.png","profile_background_image_url_https":"https://abs.twimg.com/images/themes/theme1/bg.png","profile_background_tile":false,"profile_link_color":"9400D8","profile_sidebar_border_color":"000000","profile_sidebar_fill_color":"000000","profile_text_color":"000000","profile_use_background_image":false,"profile_image_url":"http://pbs.twimg.com/profile_images/1056892180449714177/tSOPxJoz_normal.jpg","profile_image_url_https":"https://pbs.twimg.com/profile_images/1056892180449714177/tSOPxJoz_normal.jpg","profile_banner_url":"https://pbs.twimg.com/profile_banners/767789620801179648/1548072742","default_profile":false,"default_profile_image":false,"following":null,"follow_request_sent":null,"notifications":null},"geo":null,"coordinates":null,"place":null,"contributors":null,"quoted_status_id":1083738120913387500,"quoted_status_id_str":"1083738120913387521","quoted_status":{"created_at":"Fri Jan 11 14:51:17 +0000 2019","id":1083738120913387500,"id_str":"1083738120913387521","text":"Outubro de 2018: \"Bolsonaro e os Militares vão botar ordem no governo\"\n\nJaneiro de 2019: https://t.co/whOExW1jtJ","display_text_range":[0,88],"source":"<a href=\"http://twitter.com\" rel=\"nofollow\">Twitter Web Client</a>","truncated":false,"in_reply_to_status_id":null,"in_reply_to_status_id_str":null,"in_reply_to_user_id":null,"in_reply_to_user_id_str":null,"in_reply_to_screen_name":null,"user":{"id":2904987837,"id_str":"2904987837","name":"Mr Lawful - Direito à Cafeína (Youtube)","screen_name":"MrLawful","location":"United States of Eurasia","url":"https://youtu.be/kQT3TbET59E","description":"Discípulo do filho de Jor-El, Devoto de São Bowie. Nordestino, professor, advogado.\n\nYoutuber: DIREITO À CAFEÍNA","translator_type":"none","protected":false,"verified":false,"followers_count":1581,"friends_count":443,"listed_count":18,"favourites_count":21856,"statuses_count":23443,"created_at":"Thu Dec 04 12:36:25 +0000 2014","utc_offset":null,"time_zone":null,"geo_enabled":false,"lang":"pt","contributors_enabled":false,"is_translator":false,"profile_background_color":"352726","profile_background_image_url":"http://abs.twimg.com/images/themes/theme5/bg.gif","profile_background_image_url_https":"https://abs.twimg.com/images/themes/theme5/bg.gif","profile_background_tile":false,"profile_link_color":"4A913C","profile_sidebar_border_color":"000000","profile_sidebar_fill_color":"000000","profile_text_color":"000000","profile_use_background_image":true,"profile_image_url":"http://pbs.twimg.com/profile_images/1081293157671813120/zquKxKpI_normal.jpg","profile_image_url_https":"https://pbs.twimg.com/profile_images/1081293157671813120/zquKxKpI_normal.jpg","profile_banner_url":"https://pbs.twimg.com/profile_banners/2904987837/1548536909","default_profile":false,"default_profile_image":false,"following":null,"follow_request_sent":null,"notifications":null},"geo":null,"coordinates":null,"place":null,"contributors":null,"is_quote_status":false,"quote_count":0,"reply_count":32,"retweet_count":2060,"favorite_count":6532,"entities":{"hashtags":[],"urls":[],"user_mentions":[],"symbols":[],"media":[{"id":1083738084729151500,"id_str":"1083738084729151490","indices":[89,112],"media_url":"http://pbs.twimg.com/media/Dwo2C9HX4AIsnqR.jpg","media_url_https":"https://pbs.twimg.com/media/Dwo2C9HX4AIsnqR.jpg","url":"https://t.co/whOExW1jtJ","display_url":"pic.twitter.com/whOExW1jtJ","expanded_url":"https://twitter.com/MrLawful/status/1083738120913387521/photo/1","type":"photo","sizes":{"thumb":{"w":150,"h":150,"resize":"crop"},"medium":{"w":1200,"h":675,"resize":"fit"},"large":{"w":1280,"h":720,"resize":"fit"},"small":{"w":680,"h":383,"resize":"fit"}}}]},"extended_entities":{"media":[{"id":1083738084729151500,"id_str":"1083738084729151490","indices":[89,112],"media_url":"http://pbs.twimg.com/media/Dwo2C9HX4AIsnqR.jpg","media_url_https":"https://pbs.twimg.com/media/Dwo2C9HX4AIsnqR.jpg","url":"https://t.co/whOExW1jtJ","display_url":"pic.twitter.com/whOExW1jtJ","expanded_url":"https://twitter.com/MrLawful/status/1083738120913387521/photo/1","type":"photo","sizes":{"thumb":{"w":150,"h":150,"resize":"crop"},"medium":{"w":1200,"h":675,"resize":"fit"},"large":{"w":1280,"h":720,"resize":"fit"},"small":{"w":680,"h":383,"resize":"fit"}}}]},"favorited":false,"retweeted":false,"possibly_sensitive":false,"filter_level":"low","lang":"pt"},"quoted_status_permalink":{"url":"https://t.co/PvJaRdbln1","expanded":"https://twitter.com/MrLawful/status/1083738120913387521","display":"twitter.com/MrLawful/statu…"},"is_quote_status":true,"quote_count":0,"reply_count":0,"retweet_count":21,"favorite_count":111,"entities":{"hashtags":[],"urls":[{"url":"https://t.co/PvJaRdbln1","expanded_url":"https://twitter.com/MrLawful/status/1083738120913387521","display_url":"twitter.com/MrLawful/statu…","indices":[40,63]}],"user_mentions":[],"symbols":[]},"favorited":false,"retweeted":false,"possibly_sensitive":false,"filter_level":"low","lang":"en"},"quoted_status_id":1083738120913387500,"quoted_status_id_str":"1083738120913387521","quoted_status":{"created_at":"Fri Jan 11 14:51:17 +0000 2019","id":1083738120913387500,"id_str":"1083738120913387521","text":"Outubro de 2018: \"Bolsonaro e os Militares vão botar ordem no governo\"\n\nJaneiro de 2019: https://t.co/whOExW1jtJ","display_text_range":[0,88],"source":"<a href=\"http://twitter.com\" rel=\"nofollow\">Twitter Web Client</a>","truncated":false,"in_reply_to_status_id":null,"in_reply_to_status_id_str":null,"in_reply_to_user_id":null,"in_reply_to_user_id_str":null,"in_reply_to_screen_name":null,"user":{"id":2904987837,"id_str":"2904987837","name":"Mr Lawful - Direito à Cafeína (Youtube)","screen_name":"MrLawful","location":"United States of Eurasia","url":"https://youtu.be/kQT3TbET59E","description":"Discípulo do filho de Jor-El, Devoto de São Bowie. Nordestino, professor, advogado.\n\nYoutuber: DIREITO À CAFEÍNA","translator_type":"none","protected":false,"verified":false,"followers_count":1581,"friends_count":443,"listed_count":18,"favourites_count":21856,"statuses_count":23443,"created_at":"Thu Dec 04 12:36:25 +0000 2014","utc_offset":null,"time_zone":null,"geo_enabled":false,"lang":"pt","contributors_enabled":false,"is_translator":false,"profile_background_color":"352726","profile_background_image_url":"http://abs.twimg.com/images/themes/theme5/bg.gif","profile_background_image_url_https":"https://abs.twimg.com/images/themes/theme5/bg.gif","profile_background_tile":false,"profile_link_color":"4A913C","profile_sidebar_border_color":"000000","profile_sidebar_fill_color":"000000","profile_text_color":"000000","profile_use_background_image":true,"profile_image_url":"http://pbs.twimg.com/profile_images/1081293157671813120/zquKxKpI_normal.jpg","profile_image_url_https":"https://pbs.twimg.com/profile_images/1081293157671813120/zquKxKpI_normal.jpg","profile_banner_url":"https://pbs.twimg.com/profile_banners/2904987837/1548536909","default_profile":false,"default_profile_image":false,"following":null,"follow_request_sent":null,"notifications":null},"geo":null,"coordinates":null,"place":null,"contributors":null,"is_quote_status":false,"quote_count":0,"reply_count":32,"retweet_count":2060,"favorite_count":6532,"entities":{"hashtags":[],"urls":[],"user_mentions":[],"symbols":[],"media":[{"id":1083738084729151500,"id_str":"1083738084729151490","indices":[89,112],"media_url":"http://pbs.twimg.com/media/Dwo2C9HX4AIsnqR.jpg","media_url_https":"https://pbs.twimg.com/media/Dwo2C9HX4AIsnqR.jpg","url":"https://t.co/whOExW1jtJ","display_url":"pic.twitter.com/whOExW1jtJ","expanded_url":"https://twitter.com/MrLawful/status/1083738120913387521/photo/1","type":"photo","sizes":{"thumb":{"w":150,"h":150,"resize":"crop"},"medium":{"w":1200,"h":675,"resize":"fit"},"large":{"w":1280,"h":720,"resize":"fit"},"small":{"w":680,"h":383,"resize":"fit"}}}]},"extended_entities":{"media":[{"id":1083738084729151500,"id_str":"1083738084729151490","indices":[89,112],"media_url":"http://pbs.twimg.com/media/Dwo2C9HX4AIsnqR.jpg","media_url_https":"https://pbs.twimg.com/media/Dwo2C9HX4AIsnqR.jpg","url":"https://t.co/whOExW1jtJ","display_url":"pic.twitter.com/whOExW1jtJ","expanded_url":"https://twitter.com/MrLawful/status/1083738120913387521/photo/1","type":"photo","sizes":{"thumb":{"w":150,"h":150,"resize":"crop"},"medium":{"w":1200,"h":675,"resize":"fit"},"large":{"w":1280,"h":720,"resize":"fit"},"small":{"w":680,"h":383,"resize":"fit"}}}]},"favorited":false,"retweeted":false,"possibly_sensitive":false,"filter_level":"low","lang":"pt"},"quoted_status_permalink":{"url":"https://t.co/PvJaRdbln1","expanded":"https://twitter.com/MrLawful/status/1083738120913387521","display":"twitter.com/MrLawful/statu…"},"is_quote_status":true,"quote_count":0,"reply_count":0,"retweet_count":0,"favorite_count":0,"entities":{"hashtags":[],"urls":[{"url":"https://t.co/PvJaRdbln1","expanded_url":"https://twitter.com/MrLawful/status/1083738120913387521","display_url":"twitter.com/MrLawful/statu…","indices":[55,78]}],"user_mentions":[{"screen_name":"AnneMM_13","name":"DÔNN’ANNE!!","id":767789620801179600,"id_str":"767789620801179648","indices":[3,13]}],"symbols":[]},"favorited":false,"retweeted":false,"possibly_sensitive":false,"filter_level":"low","lang":"en","matching_rules":[{"tag":null}]}