{"created_at":"Sun Jan 13 21:39:06 +0000 2019","id":1084565525764673500,"id_str":"1084565525764673541","text":"SIM\nE eu e @RuanBrandao que na saída do cinema descobrimos que estávamos na mesma sessão que Caio reconhecendo pela… https://t.co/JyULJuLXqZ","display_text_range":[0,140],"source":"<a href=\"http://twitter.com/download/iphone\" rel=\"nofollow\">Twitter for iPhone</a>","truncated":true,"in_reply_to_status_id":null,"in_reply_to_status_id_str":null,"in_reply_to_user_id":null,"in_reply_to_user_id_str":null,"in_reply_to_screen_name":null,"user":{"id":57122745,"id_str":"57122745","name":"Carol Antifa {divaloper} ⚡️","screen_name":"carolcode","location":"Sao Paulo, Brazil","url":null,"description":"Front End dev, instructor, speaker, diversity and inclusion  activist in tech. Podcaster @LovelacePodcast. Security and privacy are powerful. Open source fan.","translator_type":"none","protected":false,"verified":false,"followers_count":6332,"friends_count":467,"listed_count":66,"favourites_count":26142,"statuses_count":11343,"created_at":"Wed Jul 15 20:11:41 +0000 2009","utc_offset":null,"time_zone":null,"geo_enabled":true,"lang":"pt","contributors_enabled":false,"is_translator":false,"profile_background_color":"ABB8C2","profile_background_image_url":"http://abs.twimg.com/images/themes/theme14/bg.gif","profile_background_image_url_https":"https://abs.twimg.com/images/themes/theme14/bg.gif","profile_background_tile":false,"profile_link_color":"ABB8C2","profile_sidebar_border_color":"000000","profile_sidebar_fill_color":"000000","profile_text_color":"000000","profile_use_background_image":false,"profile_image_url":"http://pbs.twimg.com/profile_images/1093461603788439552/H_25o1Jd_normal.jpg","profile_image_url_https":"https://pbs.twimg.com/profile_images/1093461603788439552/H_25o1Jd_normal.jpg","profile_banner_url":"https://pbs.twimg.com/profile_banners/57122745/1537363767","default_profile":false,"default_profile_image":false,"following":null,"follow_request_sent":null,"notifications":null},"geo":null,"coordinates":null,"place":null,"contributors":null,"quoted_status_id":1084418721450471400,"quoted_status_id_str":"1084418721450471424","quoted_status":{"created_at":"Sun Jan 13 11:55:45 +0000 2019","id":1084418721450471400,"id_str":"1084418721450471424","text":"Acordei ainda extremamente impactado por Aranhaverso.\n\nQuero ver de novo. No imax, se possível","source":"<a href=\"http://twitter.com/download/android\" rel=\"nofollow\">Twitter for Android</a>","truncated":false,"in_reply_to_status_id":null,"in_reply_to_status_id_str":null,"in_reply_to_user_id":null,"in_reply_to_user_id_str":null,"in_reply_to_screen_name":null,"user":{"id":22649119,"id_str":"22649119","name":"Caio Corraini","screen_name":"CaioCorraini","location":"São Paulo","url":"https://www.instagram.com/caiocorraini/","description":"Vida adulta tentou me pegar, mas eu tinha uma carta armadilha virada para baixo. Editor do Gugacast, Mamilos, Braincast, GGcast, dentre outros.","translator_type":"none","protected":false,"verified":false,"followers_count":26193,"friends_count":314,"listed_count":314,"favourites_count":4520,"statuses_count":192820,"created_at":"Tue Mar 03 17:31:49 +0000 2009","utc_offset":null,"time_zone":null,"geo_enabled":false,"lang":"pt","contributors_enabled":false,"is_translator":false,"profile_background_color":"9AE4E8","profile_background_image_url":"http://abs.twimg.com/images/themes/theme1/bg.png","profile_background_image_url_https":"https://abs.twimg.com/images/themes/theme1/bg.png","profile_background_tile":false,"profile_link_color":"0084B4","profile_sidebar_border_color":"FFFFFF","profile_sidebar_fill_color":"A5D5F3","profile_text_color":"000000","profile_use_background_image":true,"profile_image_url":"http://pbs.twimg.com/profile_images/1048812535183548416/y8UhiT9d_normal.jpg","profile_image_url_https":"https://pbs.twimg.com/profile_images/1048812535183548416/y8UhiT9d_normal.jpg","profile_banner_url":"https://pbs.twimg.com/profile_banners/22649119/1395865113","default_profile":false,"default_profile_image":false,"following":null,"follow_request_sent":null,"notifications":null},"geo":null,"coordinates":null,"place":null,"contributors":null,"is_quote_status":false,"quote_count":0,"reply_count":16,"retweet_count":2,"favorite_count":248,"entities":{"hashtags":[],"urls":[],"user_mentions":[],"symbols":[]},"favorited":false,"retweeted":false,"filter_level":"low","lang":"pt"},"quoted_status_permalink":{"url":"https://t.co/Wjy4QtnoSK","expanded":"https://twitter.com/CaioCorraini/status/1084418721450471424","display":"twitter.com/CaioCorraini/s…"},"is_quote_status":true,"extended_tweet":{"full_text":"SIM\nE eu e @RuanBrandao que na saída do cinema descobrimos que estávamos na mesma sessão que Caio reconhecendo pela voz hahahah https://t.co/Wjy4QtnoSK","display_text_range":[0,127],"entities":{"hashtags":[],"urls":[{"url":"https://t.co/Wjy4QtnoSK","expanded_url":"https://twitter.com/CaioCorraini/status/1084418721450471424","display_url":"twitter.com/CaioCorraini/s…","indices":[128,151]}],"user_mentions":[{"screen_name":"RuanBrandao","name":"Lei Ruanito","id":36206227,"id_str":"36206227","indices":[11,23]}],"symbols":[]}},"quote_count":0,"reply_count":2,"retweet_count":0,"favorite_count":5,"entities":{"hashtags":[],"urls":[{"url":"https://t.co/JyULJuLXqZ","expanded_url":"https://twitter.com/i/web/status/1084565525764673541","display_url":"twitter.com/i/web/status/1…","indices":[117,140]}],"user_mentions":[{"screen_name":"RuanBrandao","name":"Lei Ruanito","id":36206227,"id_str":"36206227","indices":[11,23]}],"symbols":[]},"favorited":false,"retweeted":false,"possibly_sensitive":false,"filter_level":"low","lang":"pt","matching_rules":[{"tag":null}]}