{"created_at":"Sat Jan 12 14:15:54 +0000 2019","id":1084091603327877100,"id_str":"1084091603327877120","text":"RT @rodrigojfbarros: https://t.co/16A1jvh0lk","source":"<a href=\"http://twitter.com/download/iphone\" rel=\"nofollow\">Twitter for iPhone</a>","truncated":false,"in_reply_to_status_id":null,"in_reply_to_status_id_str":null,"in_reply_to_user_id":null,"in_reply_to_user_id_str":null,"in_reply_to_screen_name":null,"user":{"id":932675351913926700,"id_str":"932675351913926656","name":"Startupdareal","screen_name":"startupdareal","location":"San Francisco, CA","url":"https://medium.com/startup-da-real","description":"#1 lugar livro de empreendedorismo mais vendido na Amazon, com \"Este livro não vai te deixar rico\"","translator_type":"none","protected":false,"verified":false,"followers_count":25857,"friends_count":176,"listed_count":113,"favourites_count":20540,"statuses_count":18075,"created_at":"Mon Nov 20 18:21:46 +0000 2017","utc_offset":null,"time_zone":null,"geo_enabled":true,"lang":"en","contributors_enabled":false,"is_translator":false,"profile_background_color":"000000","profile_background_image_url":"http://abs.twimg.com/images/themes/theme1/bg.png","profile_background_image_url_https":"https://abs.twimg.com/images/themes/theme1/bg.png","profile_background_tile":false,"profile_link_color":"FAB81E","profile_sidebar_border_color":"000000","profile_sidebar_fill_color":"000000","profile_text_color":"000000","profile_use_background_image":false,"profile_image_url":"http://pbs.twimg.com/profile_images/932680310336180226/PXZJpu93_normal.jpg","profile_image_url_https":"https://pbs.twimg.com/profile_images/932680310336180226/PXZJpu93_normal.jpg","profile_banner_url":"https://pbs.twimg.com/profile_banners/932675351913926656/1511203272","default_profile":false,"default_profile_image":false,"following":null,"follow_request_sent":null,"notifications":null},"geo":null,"coordinates":null,"place":null,"contributors":null,"retweeted_status":{"created_at":"Sat Jan 12 13:58:55 +0000 2019","id":1084087329185255400,"id_str":"1084087329185255426","text":"https://t.co/16A1jvh0lk","display_text_range":[0,0],"source":"<a href=\"http://twitter.com/download/android\" rel=\"nofollow\">Twitter for Android</a>","truncated":false,"in_reply_to_status_id":null,"in_reply_to_status_id_str":null,"in_reply_to_user_id":null,"in_reply_to_user_id_str":null,"in_reply_to_screen_name":null,"user":{"id":42142986,"id_str":"42142986","name":"Aí dento","screen_name":"rodrigojfbarros","location":null,"url":null,"description":"rodando","translator_type":"none","protected":false,"verified":false,"followers_count":3005,"friends_count":185,"listed_count":140,"favourites_count":17373,"statuses_count":91153,"created_at":"Sun May 24 02:10:56 +0000 2009","utc_offset":null,"time_zone":null,"geo_enabled":false,"lang":"pt","contributors_enabled":false,"is_translator":false,"profile_background_color":"3F3F3F","profile_background_image_url":"http://abs.twimg.com/images/themes/theme9/bg.gif","profile_background_image_url_https":"https://abs.twimg.com/images/themes/theme9/bg.gif","profile_background_tile":true,"profile_link_color":"FF691F","profile_sidebar_border_color":"FFFFFF","profile_sidebar_fill_color":"5C5A4F","profile_text_color":"8A858A","profile_use_background_image":true,"profile_image_url":"http://pbs.twimg.com/profile_images/1056773345214152710/broDYyma_normal.jpg","profile_image_url_https":"https://pbs.twimg.com/profile_images/1056773345214152710/broDYyma_normal.jpg","profile_banner_url":"https://pbs.twimg.com/profile_banners/42142986/1540261779","default_profile":false,"default_profile_image":false,"following":null,"follow_request_sent":null,"notifications":null},"geo":null,"coordinates":null,"place":null,"contributors":null,"is_quote_status":false,"quote_count":0,"reply_count":7,"retweet_count":870,"favorite_count":2375,"entities":{"hashtags":[],"urls":[],"user_mentions":[],"symbols":[],"media":[{"id":1084087326261821400,"id_str":"1084087326261821440","indices":[0,23],"media_url":"http://pbs.twimg.com/media/DwtzrfNWwAAoFH3.jpg","media_url_https":"https://pbs.twimg.com/media/DwtzrfNWwAAoFH3.jpg","url":"https://t.co/16A1jvh0lk","display_url":"pic.twitter.com/16A1jvh0lk","expanded_url":"https://twitter.com/rodrigojfbarros/status/1084087329185255426/photo/1","type":"photo","sizes":{"thumb":{"w":150,"h":150,"resize":"crop"},"small":{"w":680,"h":445,"resize":"fit"},"large":{"w":1101,"h":720,"resize":"fit"},"medium":{"w":1101,"h":720,"resize":"fit"}}}]},"extended_entities":{"media":[{"id":1084087326261821400,"id_str":"1084087326261821440","indices":[0,23],"media_url":"http://pbs.twimg.com/media/DwtzrfNWwAAoFH3.jpg","media_url_https":"https://pbs.twimg.com/media/DwtzrfNWwAAoFH3.jpg","url":"https://t.co/16A1jvh0lk","display_url":"pic.twitter.com/16A1jvh0lk","expanded_url":"https://twitter.com/rodrigojfbarros/status/1084087329185255426/photo/1","type":"photo","sizes":{"thumb":{"w":150,"h":150,"resize":"crop"},"small":{"w":680,"h":445,"resize":"fit"},"large":{"w":1101,"h":720,"resize":"fit"},"medium":{"w":1101,"h":720,"resize":"fit"}}}]},"favorited":false,"retweeted":false,"possibly_sensitive":false,"filter_level":"low","lang":"und"},"is_quote_status":false,"quote_count":0,"reply_count":0,"retweet_count":0,"favorite_count":0,"entities":{"hashtags":[],"urls":[],"user_mentions":[{"screen_name":"rodrigojfbarros","name":"Aí dento","id":42142986,"id_str":"42142986","indices":[3,19]}],"symbols":[],"media":[{"id":1084087326261821400,"id_str":"1084087326261821440","indices":[21,44],"media_url":"http://pbs.twimg.com/media/DwtzrfNWwAAoFH3.jpg","media_url_https":"https://pbs.twimg.com/media/DwtzrfNWwAAoFH3.jpg","url":"https://t.co/16A1jvh0lk","display_url":"pic.twitter.com/16A1jvh0lk","expanded_url":"https://twitter.com/rodrigojfbarros/status/1084087329185255426/photo/1","type":"photo","sizes":{"thumb":{"w":150,"h":150,"resize":"crop"},"small":{"w":680,"h":445,"resize":"fit"},"large":{"w":1101,"h":720,"resize":"fit"},"medium":{"w":1101,"h":720,"resize":"fit"}},"source_status_id":1084087329185255400,"source_status_id_str":"1084087329185255426","source_user_id":42142986,"source_user_id_str":"42142986"}]},"extended_entities":{"media":[{"id":1084087326261821400,"id_str":"1084087326261821440","indices":[21,44],"media_url":"http://pbs.twimg.com/media/DwtzrfNWwAAoFH3.jpg","media_url_https":"https://pbs.twimg.com/media/DwtzrfNWwAAoFH3.jpg","url":"https://t.co/16A1jvh0lk","display_url":"pic.twitter.com/16A1jvh0lk","expanded_url":"https://twitter.com/rodrigojfbarros/status/1084087329185255426/photo/1","type":"photo","sizes":{"thumb":{"w":150,"h":150,"resize":"crop"},"small":{"w":680,"h":445,"resize":"fit"},"large":{"w":1101,"h":720,"resize":"fit"},"medium":{"w":1101,"h":720,"resize":"fit"}},"source_status_id":1084087329185255400,"source_status_id_str":"1084087329185255426","source_user_id":42142986,"source_user_id_str":"42142986"}]},"favorited":false,"retweeted":false,"possibly_sensitive":false,"filter_level":"low","lang":"und","matching_rules":[{"tag":null}]}