{"created_at":"Sun Jan 13 14:16:47 +0000 2019","id":1084454212682031100,"id_str":"1084454212682031109","text":"Comprovando a Regra 34 da Internet: se existe, há pornografia sobre https://t.co/dJ5AGS7bdJ","display_text_range":[0,67],"source":"<a href=\"http://twitter.com/download/android\" rel=\"nofollow\">Twitter for Android</a>","truncated":false,"in_reply_to_status_id":null,"in_reply_to_status_id_str":null,"in_reply_to_user_id":null,"in_reply_to_user_id_str":null,"in_reply_to_screen_name":null,"user":{"id":572,"id_str":"572","name":"crisdias","screen_name":"crisdias","location":"São Paulo, Brasil","url":"http://www.boanoiteinternet.com.br/","description":"Um guerreirinho","translator_type":"none","protected":false,"verified":false,"followers_count":124070,"friends_count":895,"listed_count":1069,"favourites_count":34027,"statuses_count":59431,"created_at":"Thu Jul 13 00:33:22 +0000 2006","utc_offset":null,"time_zone":null,"geo_enabled":true,"lang":"pt","contributors_enabled":false,"is_translator":false,"profile_background_color":"FFFFFF","profile_background_image_url":"http://abs.twimg.com/images/themes/theme1/bg.png","profile_background_image_url_https":"https://abs.twimg.com/images/themes/theme1/bg.png","profile_background_tile":true,"profile_link_color":"447111","profile_sidebar_border_color":"FFFFFF","profile_sidebar_fill_color":"DADADA","profile_text_color":"000000","profile_use_background_image":true,"profile_image_url":"http://pbs.twimg.com/profile_images/1090569309120856065/UjDOB3rS_normal.jpg","profile_image_url_https":"https://pbs.twimg.com/profile_images/1090569309120856065/UjDOB3rS_normal.jpg","profile_banner_url":"https://pbs.twimg.com/profile_banners/572/1544732378","default_profile":false,"default_profile_image":false,"following":null,"follow_request_sent":null,"notifications":null},"geo":null,"coordinates":null,"place":null,"contributors":null,"quoted_status_id":1084064931224453100,"quoted_status_id_str":"1084064931224453122","quoted_status":{"created_at":"Sat Jan 12 12:29:55 +0000 2019","id":1084064931224453100,"id_str":"1084064931224453122","text":"?¿?¿?¿?¿?¿?¿?¿?¿?¿?¿ https://t.co/Y6t6lVw2LI","display_text_range":[0,20],"source":"<a href=\"http://twitter.com/download/android\" rel=\"nofollow\">Twitter for Android</a>","truncated":false,"in_reply_to_status_id":null,"in_reply_to_status_id_str":null,"in_reply_to_user_id":null,"in_reply_to_user_id_str":null,"in_reply_to_screen_name":null,"user":{"id":155263312,"id_str":"155263312","name":"DISTRIBUIDOR DE MEMES e AGITADOR CULTURAL","screen_name":"matheuslaneri","location":"São Paulo, Brasil","url":"http://www.youtube.com/c/obrasilquedeucerto","description":"O PERFIL DO DIBRE. Faço o @obqdc @legadaodamassa @manchetejornabr e muito +. Contato: matheuslaneri@gmail.com","translator_type":"none","protected":false,"verified":true,"followers_count":73445,"friends_count":1210,"listed_count":264,"favourites_count":2787,"statuses_count":73554,"created_at":"Sun Jun 13 16:43:09 +0000 2010","utc_offset":null,"time_zone":null,"geo_enabled":true,"lang":"pt","contributors_enabled":false,"is_translator":false,"profile_background_color":"FFFFFF","profile_background_image_url":"http://abs.twimg.com/images/themes/theme1/bg.png","profile_background_image_url_https":"https://abs.twimg.com/images/themes/theme1/bg.png","profile_background_tile":true,"profile_link_color":"19CF86","profile_sidebar_border_color":"000000","profile_sidebar_fill_color":"FFD900","profile_text_color":"000000","profile_use_background_image":true,"profile_image_url":"http://pbs.twimg.com/profile_images/475005952664428544/v7sG5Qar_normal.jpeg","profile_image_url_https":"https://pbs.twimg.com/profile_images/475005952664428544/v7sG5Qar_normal.jpeg","profile_banner_url":"https://pbs.twimg.com/profile_banners/155263312/1396277803","default_profile":false,"default_profile_image":false,"following":null,"follow_request_sent":null,"notifications":null},"geo":null,"coordinates":null,"place":null,"contributors":null,"is_quote_status":false,"quote_count":0,"reply_count":35,"retweet_count":646,"favorite_count":2658,"entities":{"hashtags":[],"urls":[],"user_mentions":[],"symbols":[],"media":[{"id":1084064919497134100,"id_str":"1084064919497134080","indices":[21,44],"media_url":"http://pbs.twimg.com/media/DwtfTPgW0AAZuF6.jpg","media_url_https":"https://pbs.twimg.com/media/DwtfTPgW0AAZuF6.jpg","url":"https://t.co/Y6t6lVw2LI","display_url":"pic.twitter.com/Y6t6lVw2LI","expanded_url":"https://twitter.com/matheuslaneri/status/1084064931224453122/photo/1","type":"photo","sizes":{"small":{"w":551,"h":680,"resize":"fit"},"thumb":{"w":150,"h":150,"resize":"crop"},"medium":{"w":972,"h":1200,"resize":"fit"},"large":{"w":1080,"h":1334,"resize":"fit"}}}]},"extended_entities":{"media":[{"id":1084064919497134100,"id_str":"1084064919497134080","indices":[21,44],"media_url":"http://pbs.twimg.com/media/DwtfTPgW0AAZuF6.jpg","media_url_https":"https://pbs.twimg.com/media/DwtfTPgW0AAZuF6.jpg","url":"https://t.co/Y6t6lVw2LI","display_url":"pic.twitter.com/Y6t6lVw2LI","expanded_url":"https://twitter.com/matheuslaneri/status/1084064931224453122/photo/1","type":"photo","sizes":{"small":{"w":551,"h":680,"resize":"fit"},"thumb":{"w":150,"h":150,"resize":"crop"},"medium":{"w":972,"h":1200,"resize":"fit"},"large":{"w":1080,"h":1334,"resize":"fit"}}}]},"favorited":false,"retweeted":false,"possibly_sensitive":false,"filter_level":"low","lang":"und"},"quoted_status_permalink":{"url":"https://t.co/dJ5AGS7bdJ","expanded":"https://twitter.com/matheuslaneri/status/1084064931224453122","display":"twitter.com/matheuslaneri/…"},"is_quote_status":true,"quote_count":0,"reply_count":1,"retweet_count":1,"favorite_count":78,"entities":{"hashtags":[],"urls":[{"url":"https://t.co/dJ5AGS7bdJ","expanded_url":"https://twitter.com/matheuslaneri/status/1084064931224453122","display_url":"twitter.com/matheuslaneri/…","indices":[68,91]}],"user_mentions":[],"symbols":[]},"favorited":false,"retweeted":false,"possibly_sensitive":false,"filter_level":"low","lang":"pt","matching_rules":[{"tag":null}]}