{"created_at":"Sun Jan 13 10:24:38 +0000 2019","id":1084395792893386800,"id_str":"1084395792893386752","text":"Objetivo achar quem são e verificar suas postagens mas eleições https://t.co/r4WIHlhy3Y","display_text_range":[0,63],"source":"<a href=\"http://twitter.com/download/iphone\" rel=\"nofollow\">Twitter for iPhone</a>","truncated":false,"in_reply_to_status_id":null,"in_reply_to_status_id_str":null,"in_reply_to_user_id":null,"in_reply_to_user_id_str":null,"in_reply_to_screen_name":null,"user":{"id":932675351913926700,"id_str":"932675351913926656","name":"Startupdareal","screen_name":"startupdareal","location":"San Francisco, CA","url":"https://medium.com/startup-da-real","description":"#1 lugar livro de empreendedorismo mais vendido na Amazon, com \"Este livro não vai te deixar rico\"","translator_type":"none","protected":false,"verified":false,"followers_count":25857,"friends_count":176,"listed_count":113,"favourites_count":20540,"statuses_count":18075,"created_at":"Mon Nov 20 18:21:46 +0000 2017","utc_offset":null,"time_zone":null,"geo_enabled":true,"lang":"en","contributors_enabled":false,"is_translator":false,"profile_background_color":"000000","profile_background_image_url":"http://abs.twimg.com/images/themes/theme1/bg.png","profile_background_image_url_https":"https://abs.twimg.com/images/themes/theme1/bg.png","profile_background_tile":false,"profile_link_color":"FAB81E","profile_sidebar_border_color":"000000","profile_sidebar_fill_color":"000000","profile_text_color":"000000","profile_use_background_image":false,"profile_image_url":"http://pbs.twimg.com/profile_images/932680310336180226/PXZJpu93_normal.jpg","profile_image_url_https":"https://pbs.twimg.com/profile_images/932680310336180226/PXZJpu93_normal.jpg","profile_banner_url":"https://pbs.twimg.com/profile_banners/932675351913926656/1511203272","default_profile":false,"default_profile_image":false,"following":null,"follow_request_sent":null,"notifications":null},"geo":null,"coordinates":null,"place":null,"contributors":null,"quoted_status_id":1084226822068420600,"quoted_status_id_str":"1084226822068420609","quoted_status":{"created_at":"Sat Jan 12 23:13:12 +0000 2019","id":1084226822068420600,"id_str":"1084226822068420609","text":"Life hack CC: @startupdareal \nhttps://t.co/Z6gWusnD4G","source":"<a href=\"https://mobile.twitter.com\" rel=\"nofollow\">Twitter Web App</a>","truncated":false,"in_reply_to_status_id":null,"in_reply_to_status_id_str":null,"in_reply_to_user_id":null,"in_reply_to_user_id_str":null,"in_reply_to_screen_name":null,"user":{"id":76145492,"id_str":"76145492","name":"Nova Lora do Tchan","screen_name":"PrincesaDende","location":"Salvador, Bahia, Brasil","url":"http://calabocatati.tumblr.com","description":"Sαραŧãø | Cαятσσиzєiяα | Dєzαiиєя | Ela","translator_type":"regular","protected":false,"verified":false,"followers_count":455,"friends_count":674,"listed_count":26,"favourites_count":7859,"statuses_count":10167,"created_at":"Mon Sep 21 21:12:10 +0000 2009","utc_offset":null,"time_zone":null,"geo_enabled":true,"lang":"pt","contributors_enabled":false,"is_translator":false,"profile_background_color":"131516","profile_background_image_url":"http://abs.twimg.com/images/themes/theme14/bg.gif","profile_background_image_url_https":"https://abs.twimg.com/images/themes/theme14/bg.gif","profile_background_tile":true,"profile_link_color":"1B95E0","profile_sidebar_border_color":"FFFFFF","profile_sidebar_fill_color":"E3E2DE","profile_text_color":"634047","profile_use_background_image":true,"profile_image_url":"http://pbs.twimg.com/profile_images/1005997498626953217/9dS1jyOc_normal.jpg","profile_image_url_https":"https://pbs.twimg.com/profile_images/1005997498626953217/9dS1jyOc_normal.jpg","profile_banner_url":"https://pbs.twimg.com/profile_banners/76145492/1508800053","default_profile":false,"default_profile_image":false,"following":null,"follow_request_sent":null,"notifications":null},"geo":null,"coordinates":null,"place":null,"contributors":null,"is_quote_status":false,"quote_count":0,"reply_count":2,"retweet_count":4,"favorite_count":26,"entities":{"hashtags":[],"urls":[{"url":"https://t.co/Z6gWusnD4G","expanded_url":"http://g1.globo.com/al/alagoas/noticia/2016/11/mpf-identifica-12-mil-empresarios-recebendo-bolsa-familia-em-alagoas.html","display_url":"g1.globo.com/al/alagoas/not…","indices":[30,53]}],"user_mentions":[{"screen_name":"startupdareal","name":"Startupdareal","id":932675351913926700,"id_str":"932675351913926656","indices":[14,28]}],"symbols":[]},"favorited":false,"retweeted":false,"possibly_sensitive":false,"filter_level":"low","lang":"en"},"quoted_status_permalink":{"url":"https://t.co/r4WIHlhy3Y","expanded":"https://twitter.com/PrincesaDende/status/1084226822068420609","display":"twitter.com/PrincesaDende/…"},"is_quote_status":true,"quote_count":0,"reply_count":2,"retweet_count":8,"favorite_count":64,"entities":{"hashtags":[],"urls":[{"url":"https://t.co/r4WIHlhy3Y","expanded_url":"https://twitter.com/PrincesaDende/status/1084226822068420609","display_url":"twitter.com/PrincesaDende/…","indices":[64,87]}],"user_mentions":[],"symbols":[]},"favorited":false,"retweeted":false,"possibly_sensitive":false,"filter_level":"low","lang":"pt","matching_rules":[{"tag":null}]}