{"created_at":"Sat Jan 12 14:01:45 +0000 2019","id":1084088044972576800,"id_str":"1084088044972576771","text":"RT @tiagojack: @startupdareal Quero ver prestar essa mentoria cobrando 5% do aumento de ganhos do cliente.\nTEM QUE CONFIAR NO TACO","source":"<a href=\"http://twitter.com/download/iphone\" rel=\"nofollow\">Twitter for iPhone</a>","truncated":false,"in_reply_to_status_id":null,"in_reply_to_status_id_str":null,"in_reply_to_user_id":null,"in_reply_to_user_id_str":null,"in_reply_to_screen_name":null,"user":{"id":932675351913926700,"id_str":"932675351913926656","name":"Startupdareal","screen_name":"startupdareal","location":"San Francisco, CA","url":"https://medium.com/startup-da-real","description":"#1 lugar livro de empreendedorismo mais vendido na Amazon, com \"Este livro não vai te deixar rico\"","translator_type":"none","protected":false,"verified":false,"followers_count":25857,"friends_count":176,"listed_count":113,"favourites_count":20540,"statuses_count":18075,"created_at":"Mon Nov 20 18:21:46 +0000 2017","utc_offset":null,"time_zone":null,"geo_enabled":true,"lang":"en","contributors_enabled":false,"is_translator":false,"profile_background_color":"000000","profile_background_image_url":"http://abs.twimg.com/images/themes/theme1/bg.png","profile_background_image_url_https":"https://abs.twimg.com/images/themes/theme1/bg.png","profile_background_tile":false,"profile_link_color":"FAB81E","profile_sidebar_border_color":"000000","profile_sidebar_fill_color":"000000","profile_text_color":"000000","profile_use_background_image":false,"profile_image_url":"http://pbs.twimg.com/profile_images/932680310336180226/PXZJpu93_normal.jpg","profile_image_url_https":"https://pbs.twimg.com/profile_images/932680310336180226/PXZJpu93_normal.jpg","profile_banner_url":"https://pbs.twimg.com/profile_banners/932675351913926656/1511203272","default_profile":false,"default_profile_image":false,"following":null,"follow_request_sent":null,"notifications":null},"geo":null,"coordinates":null,"place":null,"contributors":null,"retweeted_status":{"created_at":"Sat Jan 12 13:31:54 +0000 2019","id":1084080529090191400,"id_str":"1084080529090191360","text":"@startupdareal Quero ver prestar essa mentoria cobrando 5% do aumento de ganhos do cliente.\nTEM QUE CONFIAR NO TACO","display_text_range":[15,115],"source":"<a href=\"http://twitter.com\" rel=\"nofollow\">Twitter Web Client</a>","truncated":false,"in_reply_to_status_id":1084053805224869900,"in_reply_to_status_id_str":"1084053805224869888","in_reply_to_user_id":932675351913926700,"in_reply_to_user_id_str":"932675351913926656","in_reply_to_screen_name":"startupdareal","user":{"id":16338785,"id_str":"16338785","name":"tiagojack","screen_name":"tiagojack","location":"Brazil","url":"http://www.lastfm.com.br/user/sir_jack","description":"iOS, design, technology, music, literature, art","translator_type":"none","protected":false,"verified":false,"followers_count":348,"friends_count":1107,"listed_count":18,"favourites_count":32428,"statuses_count":20853,"created_at":"Wed Sep 17 23:02:43 +0000 2008","utc_offset":null,"time_zone":null,"geo_enabled":true,"lang":"en","contributors_enabled":false,"is_translator":false,"profile_background_color":"FFFFFF","profile_background_image_url":"http://abs.twimg.com/images/themes/theme11/bg.gif","profile_background_image_url_https":"https://abs.twimg.com/images/themes/theme11/bg.gif","profile_background_tile":true,"profile_link_color":"3530B6","profile_sidebar_border_color":"1C27FF","profile_sidebar_fill_color":"ECE9F2","profile_text_color":"FF0000","profile_use_background_image":true,"profile_image_url":"http://pbs.twimg.com/profile_images/875796676480573440/CbKLeJlr_normal.jpg","profile_image_url_https":"https://pbs.twimg.com/profile_images/875796676480573440/CbKLeJlr_normal.jpg","profile_banner_url":"https://pbs.twimg.com/profile_banners/16338785/1541012990","default_profile":false,"default_profile_image":false,"following":null,"follow_request_sent":null,"notifications":null},"geo":null,"coordinates":null,"place":null,"contributors":null,"is_quote_status":false,"quote_count":0,"reply_count":0,"retweet_count":2,"favorite_count":24,"entities":{"hashtags":[],"urls":[],"user_mentions":[{"screen_name":"startupdareal","name":"Startupdareal","id":932675351913926700,"id_str":"932675351913926656","indices":[0,14]}],"symbols":[]},"favorited":false,"retweeted":false,"filter_level":"low","lang":"pt"},"is_quote_status":false,"quote_count":0,"reply_count":0,"retweet_count":0,"favorite_count":0,"entities":{"hashtags":[],"urls":[],"user_mentions":[{"screen_name":"tiagojack","name":"tiagojack","id":16338785,"id_str":"16338785","indices":[3,13]},{"screen_name":"startupdareal","name":"Startupdareal","id":932675351913926700,"id_str":"932675351913926656","indices":[15,29]}],"symbols":[]},"favorited":false,"retweeted":false,"filter_level":"low","lang":"pt","matching_rules":[{"tag":null}]}