{"created_at":"Sun Jan 13 18:25:57 +0000 2019","id":1084516919879893000,"id_str":"1084516919879892992","text":"@rafacst MAIOR????? https://t.co/rBN0NpLVQJ","display_text_range":[9,19],"source":"<a href=\"http://twitter.com/download/android\" rel=\"nofollow\">Twitter for Android</a>","truncated":false,"in_reply_to_status_id":1084507264759840800,"in_reply_to_status_id_str":"1084507264759840768","in_reply_to_user_id":803348,"in_reply_to_user_id_str":"803348","in_reply_to_screen_name":"rafacst","user":{"id":572,"id_str":"572","name":"crisdias","screen_name":"crisdias","location":"São Paulo, Brasil","url":"http://www.boanoiteinternet.com.br/","description":"Um guerreirinho","translator_type":"none","protected":false,"verified":false,"followers_count":124070,"friends_count":895,"listed_count":1069,"favourites_count":34027,"statuses_count":59431,"created_at":"Thu Jul 13 00:33:22 +0000 2006","utc_offset":null,"time_zone":null,"geo_enabled":true,"lang":"pt","contributors_enabled":false,"is_translator":false,"profile_background_color":"FFFFFF","profile_background_image_url":"http://abs.twimg.com/images/themes/theme1/bg.png","profile_background_image_url_https":"https://abs.twimg.com/images/themes/theme1/bg.png","profile_background_tile":true,"profile_link_color":"447111","profile_sidebar_border_color":"FFFFFF","profile_sidebar_fill_color":"DADADA","profile_text_color":"000000","profile_use_background_image":true,"profile_image_url":"http://pbs.twimg.com/profile_images/1090569309120856065/UjDOB3rS_normal.jpg","profile_image_url_https":"https://pbs.twimg.com/profile_images/1090569309120856065/UjDOB3rS_normal.jpg","profile_banner_url":"https://pbs.twimg.com/profile_banners/572/1544732378","default_profile":false,"default_profile_image":false,"following":null,"follow_request_sent":null,"notifications":null},"geo":null,"coordinates":null,"place":null,"contributors":null,"is_quote_status":false,"quote_count":0,"reply_count":1,"retweet_count":0,"favorite_count":1,"entities":{"hashtags":[],"urls":[],"user_mentions":[{"screen_name":"rafacst","name":"Rafael Silva","id":803348,"id_str":"803348","indices":[0,8]}],"symbols":[],"media":[{"id":1084516911881375700,"id_str":"1084516911881375744","indices":[20,43],"media_url":"http://pbs.twimg.com/tweet_video_thumb/Dwz6YqWX0AAGFRQ.jpg","media_url_https":"https://pbs.twimg.com/tweet_video_thumb/Dwz6YqWX0AAGFRQ.jpg","url":"https://t.co/rBN0NpLVQJ","display_url":"pic.twitter.com/rBN0NpLVQJ","expanded_url":"https://twitter.com/crisdias/status/1084516919879892992/photo/1","type":"photo","sizes":{"thumb":{"w":150,"h":150,"resize":"crop"},"small":{"w":244,"h":170,"resize":"fit"},"medium":{"w":244,"h":170,"resize":"fit"},"large":{"w":244,"h":170,"resize":"fit"}}}]},"extended_entities":{"media":[{"id":1084516911881375700,"id_str":"1084516911881375744","indices":[20,43],"media_url":"http://pbs.twimg.com/tweet_video_thumb/Dwz6YqWX0AAGFRQ.jpg","media_url_https":"https://pbs.twimg.com/tweet_video_thumb/Dwz6YqWX0AAGFRQ.jpg","url":"https://t.co/rBN0NpLVQJ","display_url":"pic.twitter.com/rBN0NpLVQJ","expanded_url":"https://twitter.com/crisdias/status/1084516919879892992/photo/1","type":"animated_gif","video_info":{"aspect_ratio":[122,85],"variants":[{"bitrate":0,"content_type":"video/mp4","url":"https://video.twimg.com/tweet_video/Dwz6YqWX0AAGFRQ.mp4"}]},"sizes":{"thumb":{"w":150,"h":150,"resize":"crop"},"small":{"w":244,"h":170,"resize":"fit"},"medium":{"w":244,"h":170,"resize":"fit"},"large":{"w":244,"h":170,"resize":"fit"}}}]},"favorited":false,"retweeted":false,"possibly_sensitive":false,"filter_level":"low","lang":"pt","matching_rules":[{"tag":null}]}