{"created_at":"Sun Jan 13 16:51:35 +0000 2019","id":1084493169759318000,"id_str":"1084493169759318022","text":"Chora esquerda! https://t.co/nkKpmLzzEo","display_text_range":[0,15],"source":"<a href=\"http://twitter.com\" rel=\"nofollow\">Twitter Web Client</a>","truncated":false,"in_reply_to_status_id":null,"in_reply_to_status_id_str":null,"in_reply_to_user_id":null,"in_reply_to_user_id_str":null,"in_reply_to_screen_name":null,"user":{"id":572,"id_str":"572","name":"crisdias","screen_name":"crisdias","location":"São Paulo, Brasil","url":"http://www.boanoiteinternet.com.br/","description":"Um guerreirinho","translator_type":"none","protected":false,"verified":false,"followers_count":124070,"friends_count":895,"listed_count":1069,"favourites_count":34027,"statuses_count":59431,"created_at":"Thu Jul 13 00:33:22 +0000 2006","utc_offset":null,"time_zone":null,"geo_enabled":true,"lang":"pt","contributors_enabled":false,"is_translator":false,"profile_background_color":"FFFFFF","profile_background_image_url":"http://abs.twimg.com/images/themes/theme1/bg.png","profile_background_image_url_https":"https://abs.twimg.com/images/themes/theme1/bg.png","profile_background_tile":true,"profile_link_color":"447111","profile_sidebar_border_color":"FFFFFF","profile_sidebar_fill_color":"DADADA","profile_text_color":"000000","profile_use_background_image":true,"profile_image_url":"http://pbs.twimg.com/profile_images/1090569309120856065/UjDOB3rS_normal.jpg","profile_image_url_https":"https://pbs.twimg.com/profile_images/1090569309120856065/UjDOB3rS_normal.jpg","profile_banner_url":"https://pbs.twimg.com/profile_banners/572/1544732378","default_profile":false,"default_profile_image":false,"following":null,"follow_request_sent":null,"notifications":null},"geo":null,"coordinates":null,"place":null,"contributors":null,"quoted_status_id":1084459607643377700,"quoted_status_id_str":"1084459607643377665","quoted_status":{"created_at":"Sun Jan 13 14:38:13 +0000 2019","id":1084459607643377700,"id_str":"1084459607643377665","text":"Mas que maravilha o Battisti ser preso pela polícia da Bolivia. Nenhum bolsominion vai agradecer ao Evo Morales, nao?","source":"<a href=\"http://twitter.com/download/iphone\" rel=\"nofollow\">Twitter for iPhone</a>","truncated":false,"in_reply_to_status_id":null,"in_reply_to_status_id_str":null,"in_reply_to_user_id":null,"in_reply_to_user_id_str":null,"in_reply_to_screen_name":null,"user":{"id":49087689,"id_str":"49087689","name":"Pedro Guerra","screen_name":"guerrapedro","location":null,"url":null,"description":"Só quero pagar o meu dry martini e a escola dos meninos.","translator_type":"none","protected":false,"verified":false,"followers_count":2767,"friends_count":139,"listed_count":55,"favourites_count":63,"statuses_count":50844,"created_at":"Sat Jun 20 19:10:09 +0000 2009","utc_offset":null,"time_zone":null,"geo_enabled":false,"lang":"en","contributors_enabled":false,"is_translator":false,"profile_background_color":"F2F5F7","profile_background_image_url":"http://abs.twimg.com/images/themes/theme14/bg.gif","profile_background_image_url_https":"https://abs.twimg.com/images/themes/theme14/bg.gif","profile_background_tile":true,"profile_link_color":"009999","profile_sidebar_border_color":"FFFFFF","profile_sidebar_fill_color":"EFEFEF","profile_text_color":"333333","profile_use_background_image":true,"profile_image_url":"http://pbs.twimg.com/profile_images/1016099310059040771/QMlYEQZJ_normal.jpg","profile_image_url_https":"https://pbs.twimg.com/profile_images/1016099310059040771/QMlYEQZJ_normal.jpg","profile_banner_url":"https://pbs.twimg.com/profile_banners/49087689/1548934807","default_profile":false,"default_profile_image":false,"following":null,"follow_request_sent":null,"notifications":null},"geo":null,"coordinates":null,"place":null,"contributors":null,"is_quote_status":false,"quote_count":0,"reply_count":7,"retweet_count":11,"favorite_count":125,"entities":{"hashtags":[],"urls":[],"user_mentions":[],"symbols":[]},"favorited":false,"retweeted":false,"filter_level":"low","lang":"pt"},"quoted_status_permalink":{"url":"https://t.co/nkKpmLzzEo","expanded":"https://twitter.com/guerrapedro/status/1084459607643377665","display":"twitter.com/guerrapedro/st…"},"is_quote_status":true,"quote_count":0,"reply_count":0,"retweet_count":5,"favorite_count":18,"entities":{"hashtags":[],"urls":[{"url":"https://t.co/nkKpmLzzEo","expanded_url":"https://twitter.com/guerrapedro/status/1084459607643377665","display_url":"twitter.com/guerrapedro/st…","indices":[16,39]}],"user_mentions":[],"symbols":[]},"favorited":false,"retweeted":false,"possibly_sensitive":false,"filter_level":"low","lang":"pt","matching_rules":[{"tag":null}]}