{"created_at":"Sat Jan 12 14:23:41 +0000 2019","id":1084093564840218600,"id_str":"1084093564840218624","text":"RT @MaryLouisaa: não entendo como que pode o brasileiro querer copiar tanto gente lá do EUA os cara são inacreditável https://t.co/vUob40P1…","source":"<a href=\"http://twitter.com/download/iphone\" rel=\"nofollow\">Twitter for iPhone</a>","truncated":false,"in_reply_to_status_id":null,"in_reply_to_status_id_str":null,"in_reply_to_user_id":null,"in_reply_to_user_id_str":null,"in_reply_to_screen_name":null,"user":{"id":932675351913926700,"id_str":"932675351913926656","name":"Startupdareal","screen_name":"startupdareal","location":"San Francisco, CA","url":"https://medium.com/startup-da-real","description":"#1 lugar livro de empreendedorismo mais vendido na Amazon, com \"Este livro não vai te deixar rico\"","translator_type":"none","protected":false,"verified":false,"followers_count":25857,"friends_count":176,"listed_count":113,"favourites_count":20540,"statuses_count":18075,"created_at":"Mon Nov 20 18:21:46 +0000 2017","utc_offset":null,"time_zone":null,"geo_enabled":true,"lang":"en","contributors_enabled":false,"is_translator":false,"profile_background_color":"000000","profile_background_image_url":"http://abs.twimg.com/images/themes/theme1/bg.png","profile_background_image_url_https":"https://abs.twimg.com/images/themes/theme1/bg.png","profile_background_tile":false,"profile_link_color":"FAB81E","profile_sidebar_border_color":"000000","profile_sidebar_fill_color":"000000","profile_text_color":"000000","profile_use_background_image":false,"profile_image_url":"http://pbs.twimg.com/profile_images/932680310336180226/PXZJpu93_normal.jpg","profile_image_url_https":"https://pbs.twimg.com/profile_images/932680310336180226/PXZJpu93_normal.jpg","profile_banner_url":"https://pbs.twimg.com/profile_banners/932675351913926656/1511203272","default_profile":false,"default_profile_image":false,"following":null,"follow_request_sent":null,"notifications":null},"geo":null,"coordinates":null,"place":null,"contributors":null,"retweeted_status":{"created_at":"Sat Jan 12 13:40:57 +0000 2019","id":1084082807176089600,"id_str":"1084082807176089601","text":"não entendo como que pode o brasileiro querer copiar tanto gente lá do EUA os cara são inacreditável https://t.co/vUob40P15h","display_text_range":[0,100],"source":"<a href=\"http://twitter.com/download/android\" rel=\"nofollow\">Twitter for Android</a>","truncated":false,"in_reply_to_status_id":null,"in_reply_to_status_id_str":null,"in_reply_to_user_id":null,"in_reply_to_user_id_str":null,"in_reply_to_screen_name":null,"user":{"id":64344194,"id_str":"64344194","name":"👹Pazuzu Good Vibes 🍃","screen_name":"MaryLouisaa","location":null,"url":null,"description":"Pretty eyed. Pirate smile","translator_type":"none","protected":false,"verified":false,"followers_count":1105,"friends_count":307,"listed_count":17,"favourites_count":1031,"statuses_count":46934,"created_at":"Mon Aug 10 05:39:42 +0000 2009","utc_offset":null,"time_zone":null,"geo_enabled":true,"lang":"pt","contributors_enabled":false,"is_translator":false,"profile_background_color":"FA6E52","profile_background_image_url":"http://abs.twimg.com/images/themes/theme9/bg.gif","profile_background_image_url_https":"https://abs.twimg.com/images/themes/theme9/bg.gif","profile_background_tile":true,"profile_link_color":"FF0F0F","profile_sidebar_border_color":"210DD6","profile_sidebar_fill_color":"FFF41C","profile_text_color":"000000","profile_use_background_image":true,"profile_image_url":"http://pbs.twimg.com/profile_images/1079820371858214919/axHLjeuc_normal.jpg","profile_image_url_https":"https://pbs.twimg.com/profile_images/1079820371858214919/axHLjeuc_normal.jpg","profile_banner_url":"https://pbs.twimg.com/profile_banners/64344194/1523292412","default_profile":false,"default_profile_image":false,"following":null,"follow_request_sent":null,"notifications":null},"geo":null,"coordinates":null,"place":null,"contributors":null,"quoted_status_id":1084079591331938300,"quoted_status_id_str":"1084079591331938304","quoted_status":{"created_at":"Sat Jan 12 13:28:10 +0000 2019","id":1084079591331938300,"id_str":"1084079591331938304","text":"Inspirada no filme de terror Bird Box, motorista de 17 anos decide dirigir de olhos vendados e bate o carro nos EUA… https://t.co/agRM0GRSYO","display_text_range":[0,140],"source":"<a href=\"http://www.socialflow.com\" rel=\"nofollow\">SocialFlow</a>","truncated":true,"in_reply_to_status_id":null,"in_reply_to_status_id_str":null,"in_reply_to_user_id":null,"in_reply_to_user_id_str":null,"in_reply_to_screen_name":null,"user":{"id":790680,"id_str":"790680","name":"BBC News Brasil","screen_name":"bbcbrasil","location":"Londres, GB, e São Paulo, BR","url":"http://bbcbrasil.com","description":"Twitter oficial da BBC Brasil. Aqui você encontra o melhor do nosso conteúdo e participa de um diálogo global. Junte-se a nós!","translator_type":"none","protected":false,"verified":true,"followers_count":2103363,"friends_count":910,"listed_count":7386,"favourites_count":398,"statuses_count":173485,"created_at":"Fri Feb 23 12:27:26 +0000 2007","utc_offset":null,"time_zone":null,"geo_enabled":true,"lang":"pt","contributors_enabled":false,"is_translator":false,"profile_background_color":"FFFFFF","profile_background_image_url":"http://abs.twimg.com/images/themes/theme1/bg.png","profile_background_image_url_https":"https://abs.twimg.com/images/themes/theme1/bg.png","profile_background_tile":true,"profile_link_color":"91D2FA","profile_sidebar_border_color":"A2B486","profile_sidebar_fill_color":"FFFFFF","profile_text_color":"000000","profile_use_background_image":true,"profile_image_url":"http://pbs.twimg.com/profile_images/1004666132253507584/gTEhhS7D_normal.jpg","profile_image_url_https":"https://pbs.twimg.com/profile_images/1004666132253507584/gTEhhS7D_normal.jpg","profile_banner_url":"https://pbs.twimg.com/profile_banners/790680/1528366072","default_profile":false,"default_profile_image":false,"following":null,"follow_request_sent":null,"notifications":null},"geo":null,"coordinates":null,"place":null,"contributors":null,"is_quote_status":false,"extended_tweet":{"full_text":"Inspirada no filme de terror Bird Box, motorista de 17 anos decide dirigir de olhos vendados e bate o carro nos EUA. https://t.co/lDaw0MK7yV https://t.co/JD2MEon7Lg","display_text_range":[0,140],"entities":{"hashtags":[],"urls":[{"url":"https://t.co/lDaw0MK7yV","expanded_url":"https://bbc.in/2FqCTuV","display_url":"bbc.in/2FqCTuV","indices":[117,140]}],"user_mentions":[],"symbols":[],"media":[{"id":1084079589536813000,"id_str":"1084079589536813058","indices":[141,164],"media_url":"http://pbs.twimg.com/media/DwtspJqX0AIfSZx.jpg","media_url_https":"https://pbs.twimg.com/media/DwtspJqX0AIfSZx.jpg","url":"https://t.co/JD2MEon7Lg","display_url":"pic.twitter.com/JD2MEon7Lg","expanded_url":"https://twitter.com/bbcbrasil/status/1084079591331938304/photo/1","type":"photo","sizes":{"thumb":{"w":150,"h":150,"resize":"crop"},"medium":{"w":1024,"h":576,"resize":"fit"},"large":{"w":1024,"h":576,"resize":"fit"},"small":{"w":680,"h":383,"resize":"fit"}}}]},"extended_entities":{"media":[{"id":1084079589536813000,"id_str":"1084079589536813058","indices":[141,164],"media_url":"http://pbs.twimg.com/media/DwtspJqX0AIfSZx.jpg","media_url_https":"https://pbs.twimg.com/media/DwtspJqX0AIfSZx.jpg","url":"https://t.co/JD2MEon7Lg","display_url":"pic.twitter.com/JD2MEon7Lg","expanded_url":"https://twitter.com/bbcbrasil/status/1084079591331938304/photo/1","type":"photo","sizes":{"thumb":{"w":150,"h":150,"resize":"crop"},"medium":{"w":1024,"h":576,"resize":"fit"},"large":{"w":1024,"h":576,"resize":"fit"},"small":{"w":680,"h":383,"resize":"fit"}}}]}},"quote_count":0,"reply_count":37,"retweet_count":55,"favorite_count":179,"entities":{"hashtags":[],"urls":[{"url":"https://t.co/agRM0GRSYO","expanded_url":"https://twitter.com/i/web/status/1084079591331938304","display_url":"twitter.com/i/web/status/1…","indices":[117,140]}],"user_mentions":[],"symbols":[]},"favorited":false,"retweeted":false,"possibly_sensitive":false,"filter_level":"low","lang":"pt"},"quoted_status_permalink":{"url":"https://t.co/vUob40P15h","expanded":"https://twitter.com/bbcbrasil/status/1084079591331938304","display":"twitter.com/bbcbrasil/stat…"},"is_quote_status":true,"quote_count":0,"reply_count":0,"retweet_count":12,"favorite_count":136,"entities":{"hashtags":[],"urls":[{"url":"https://t.co/vUob40P15h","expanded_url":"https://twitter.com/bbcbrasil/status/1084079591331938304","display_url":"twitter.com/bbcbrasil/stat…","indices":[101,124]}],"user_mentions":[],"symbols":[]},"favorited":false,"retweeted":false,"possibly_sensitive":false,"filter_level":"low","lang":"pt"},"quoted_status_id":1084079591331938300,"quoted_status_id_str":"1084079591331938304","quoted_status":{"created_at":"Sat Jan 12 13:28:10 +0000 2019","id":1084079591331938300,"id_str":"1084079591331938304","text":"Inspirada no filme de terror Bird Box, motorista de 17 anos decide dirigir de olhos vendados e bate o carro nos EUA… https://t.co/agRM0GRSYO","display_text_range":[0,140],"source":"<a href=\"http://www.socialflow.com\" rel=\"nofollow\">SocialFlow</a>","truncated":true,"in_reply_to_status_id":null,"in_reply_to_status_id_str":null,"in_reply_to_user_id":null,"in_reply_to_user_id_str":null,"in_reply_to_screen_name":null,"user":{"id":790680,"id_str":"790680","name":"BBC News Brasil","screen_name":"bbcbrasil","location":"Londres, GB, e São Paulo, BR","url":"http://bbcbrasil.com","description":"Twitter oficial da BBC Brasil. Aqui você encontra o melhor do nosso conteúdo e participa de um diálogo global. Junte-se a nós!","translator_type":"none","protected":false,"verified":true,"followers_count":2103363,"friends_count":910,"listed_count":7386,"favourites_count":398,"statuses_count":173485,"created_at":"Fri Feb 23 12:27:26 +0000 2007","utc_offset":null,"time_zone":null,"geo_enabled":true,"lang":"pt","contributors_enabled":false,"is_translator":false,"profile_background_color":"FFFFFF","profile_background_image_url":"http://abs.twimg.com/images/themes/theme1/bg.png","profile_background_image_url_https":"https://abs.twimg.com/images/themes/theme1/bg.png","profile_background_tile":true,"profile_link_color":"91D2FA","profile_sidebar_border_color":"A2B486","profile_sidebar_fill_color":"FFFFFF","profile_text_color":"000000","profile_use_background_image":true,"profile_image_url":"http://pbs.twimg.com/profile_images/1004666132253507584/gTEhhS7D_normal.jpg","profile_image_url_https":"https://pbs.twimg.com/profile_images/1004666132253507584/gTEhhS7D_normal.jpg","profile_banner_url":"https://pbs.twimg.com/profile_banners/790680/1528366072","default_profile":false,"default_profile_image":false,"following":null,"follow_request_sent":null,"notifications":null},"geo":null,"coordinates":null,"place":null,"contributors":null,"is_quote_status":false,"extended_tweet":{"full_text":"Inspirada no filme de terror Bird Box, motorista de 17 anos decide dirigir de olhos vendados e bate o carro nos EUA. https://t.co/lDaw0MK7yV https://t.co/JD2MEon7Lg","display_text_range":[0,140],"entities":{"hashtags":[],"urls":[{"url":"https://t.co/lDaw0MK7yV","expanded_url":"https://bbc.in/2FqCTuV","display_url":"bbc.in/2FqCTuV","indices":[117,140]}],"user_mentions":[],"symbols":[],"media":[{"id":1084079589536813000,"id_str":"1084079589536813058","indices":[141,164],"media_url":"http://pbs.twimg.com/media/DwtspJqX0AIfSZx.jpg","media_url_https":"https://pbs.twimg.com/media/DwtspJqX0AIfSZx.jpg","url":"https://t.co/JD2MEon7Lg","display_url":"pic.twitter.com/JD2MEon7Lg","expanded_url":"https://twitter.com/bbcbrasil/status/1084079591331938304/photo/1","type":"photo","sizes":{"thumb":{"w":150,"h":150,"resize":"crop"},"medium":{"w":1024,"h":576,"resize":"fit"},"large":{"w":1024,"h":576,"resize":"fit"},"small":{"w":680,"h":383,"resize":"fit"}}}]},"extended_entities":{"media":[{"id":1084079589536813000,"id_str":"1084079589536813058","indices":[141,164],"media_url":"http://pbs.twimg.com/media/DwtspJqX0AIfSZx.jpg","media_url_https":"https://pbs.twimg.com/media/DwtspJqX0AIfSZx.jpg","url":"https://t.co/JD2MEon7Lg","display_url":"pic.twitter.com/JD2MEon7Lg","expanded_url":"https://twitter.com/bbcbrasil/status/1084079591331938304/photo/1","type":"photo","sizes":{"thumb":{"w":150,"h":150,"resize":"crop"},"medium":{"w":1024,"h":576,"resize":"fit"},"large":{"w":1024,"h":576,"resize":"fit"},"small":{"w":680,"h":383,"resize":"fit"}}}]}},"quote_count":0,"reply_count":37,"retweet_count":55,"favorite_count":179,"entities":{"hashtags":[],"urls":[{"url":"https://t.co/agRM0GRSYO","expanded_url":"https://twitter.com/i/web/status/1084079591331938304","display_url":"twitter.com/i/web/status/1…","indices":[117,140]}],"user_mentions":[],"symbols":[]},"favorited":false,"retweeted":false,"possibly_sensitive":false,"filter_level":"low","lang":"pt"},"quoted_status_permalink":{"url":"https://t.co/vUob40P15h","expanded":"https://twitter.com/bbcbrasil/status/1084079591331938304","display":"twitter.com/bbcbrasil/stat…"},"is_quote_status":true,"quote_count":0,"reply_count":0,"retweet_count":0,"favorite_count":0,"entities":{"hashtags":[],"urls":[],"user_mentions":[{"screen_name":"MaryLouisaa","name":"👹Pazuzu Good Vibes 🍃","id":64344194,"id_str":"64344194","indices":[3,15]}],"symbols":[]},"favorited":false,"retweeted":false,"filter_level":"low","lang":"pt","matching_rules":[{"tag":null}]}