{"created_at":"Sat Jan 12 10:38:36 +0000 2019","id":1084036918529220600,"id_str":"1084036918529220609","text":"RT @HuffPost: Between planning shots and scrolling her feed, Kashlee Kucheran was spending 35 hours a week on Instagram. Here's why -- and…","source":"<a href=\"http://twitter.com/download/iphone\" rel=\"nofollow\">Twitter for iPhone</a>","truncated":false,"in_reply_to_status_id":null,"in_reply_to_status_id_str":null,"in_reply_to_user_id":null,"in_reply_to_user_id_str":null,"in_reply_to_screen_name":null,"user":{"id":932675351913926700,"id_str":"932675351913926656","name":"Startupdareal","screen_name":"startupdareal","location":"San Francisco, CA","url":"https://medium.com/startup-da-real","description":"#1 lugar livro de empreendedorismo mais vendido na Amazon, com \"Este livro não vai te deixar rico\"","translator_type":"none","protected":false,"verified":false,"followers_count":25857,"friends_count":176,"listed_count":113,"favourites_count":20540,"statuses_count":18075,"created_at":"Mon Nov 20 18:21:46 +0000 2017","utc_offset":null,"time_zone":null,"geo_enabled":true,"lang":"en","contributors_enabled":false,"is_translator":false,"profile_background_color":"000000","profile_background_image_url":"http://abs.twimg.com/images/themes/theme1/bg.png","profile_background_image_url_https":"https://abs.twimg.com/images/themes/theme1/bg.png","profile_background_tile":false,"profile_link_color":"FAB81E","profile_sidebar_border_color":"000000","profile_sidebar_fill_color":"000000","profile_text_color":"000000","profile_use_background_image":false,"profile_image_url":"http://pbs.twimg.com/profile_images/932680310336180226/PXZJpu93_normal.jpg","profile_image_url_https":"https://pbs.twimg.com/profile_images/932680310336180226/PXZJpu93_normal.jpg","profile_banner_url":"https://pbs.twimg.com/profile_banners/932675351913926656/1511203272","default_profile":false,"default_profile_image":false,"following":null,"follow_request_sent":null,"notifications":null},"geo":null,"coordinates":null,"place":null,"contributors":null,"retweeted_status":{"created_at":"Sat Jan 12 08:16:47 +0000 2019","id":1084001227707428900,"id_str":"1084001227707428864","text":"Between planning shots and scrolling her feed, Kashlee Kucheran was spending 35 hours a week on Instagram. Here's w… https://t.co/5YOSyYN1tP","source":"<a href=\"http://www.socialflow.com\" rel=\"nofollow\">SocialFlow</a>","truncated":true,"in_reply_to_status_id":null,"in_reply_to_status_id_str":null,"in_reply_to_user_id":null,"in_reply_to_user_id_str":null,"in_reply_to_screen_name":null,"user":{"id":14511951,"id_str":"14511951","name":"HuffPost","screen_name":"HuffPost","location":null,"url":"http://www.huffingtonpost.com","description":"Know what's real.","translator_type":"none","protected":false,"verified":true,"followers_count":11400989,"friends_count":5706,"listed_count":85013,"favourites_count":1237,"statuses_count":525320,"created_at":"Thu Apr 24 14:07:28 +0000 2008","utc_offset":null,"time_zone":null,"geo_enabled":true,"lang":"en","contributors_enabled":false,"is_translator":false,"profile_background_color":"2E7060","profile_background_image_url":"http://abs.twimg.com/images/themes/theme3/bg.gif","profile_background_image_url_https":"https://abs.twimg.com/images/themes/theme3/bg.gif","profile_background_tile":false,"profile_link_color":"0DBE98","profile_sidebar_border_color":"FFFFFF","profile_sidebar_fill_color":"E3E2DE","profile_text_color":"000000","profile_use_background_image":true,"profile_image_url":"http://pbs.twimg.com/profile_images/875366648093577217/DPjc49xK_normal.jpg","profile_image_url_https":"https://pbs.twimg.com/profile_images/875366648093577217/DPjc49xK_normal.jpg","profile_banner_url":"https://pbs.twimg.com/profile_banners/14511951/1530799547","default_profile":false,"default_profile_image":false,"following":null,"follow_request_sent":null,"notifications":null},"geo":null,"coordinates":null,"place":null,"contributors":null,"is_quote_status":false,"extended_tweet":{"full_text":"Between planning shots and scrolling her feed, Kashlee Kucheran was spending 35 hours a week on Instagram. Here's why -- and how -- she's changing her use of the platform. https://t.co/8LddzCi4TW","display_text_range":[0,195],"entities":{"hashtags":[],"urls":[{"url":"https://t.co/8LddzCi4TW","expanded_url":"http://huffp.st/0hWFt8v","display_url":"huffp.st/0hWFt8v","indices":[172,195]}],"user_mentions":[],"symbols":[]}},"quote_count":0,"reply_count":8,"retweet_count":17,"favorite_count":61,"entities":{"hashtags":[],"urls":[{"url":"https://t.co/5YOSyYN1tP","expanded_url":"https://twitter.com/i/web/status/1084001227707428864","display_url":"twitter.com/i/web/status/1…","indices":[117,140]}],"user_mentions":[],"symbols":[]},"favorited":false,"retweeted":false,"possibly_sensitive":false,"filter_level":"low","lang":"en"},"is_quote_status":false,"quote_count":0,"reply_count":0,"retweet_count":0,"favorite_count":0,"entities":{"hashtags":[],"urls":[],"user_mentions":[{"screen_name":"HuffPost","name":"HuffPost","id":14511951,"id_str":"14511951","indices":[3,12]}],"symbols":[]},"favorited":false,"retweeted":false,"filter_level":"low","lang":"en","matching_rules":[{"tag":null}]}