{"created_at":"Sat Jan 12 19:07:08 +0000 2019","id":1084164893601919000,"id_str":"1084164893601918981","text":"RT @macielmm_: \"xô casa grande e senzala, a onda agora é uniformes de domésticas criados por estilistas\" https://t.co/2p0gLeTK5H","source":"<a href=\"http://twitter.com\" rel=\"nofollow\">Twitter Web Client</a>","truncated":false,"in_reply_to_status_id":null,"in_reply_to_status_id_str":null,"in_reply_to_user_id":null,"in_reply_to_user_id_str":null,"in_reply_to_screen_name":null,"user":{"id":572,"id_str":"572","name":"crisdias","screen_name":"crisdias","location":"São Paulo, Brasil","url":"http://www.boanoiteinternet.com.br/","description":"Um guerreirinho","translator_type":"none","protected":false,"verified":false,"followers_count":124070,"friends_count":895,"listed_count":1069,"favourites_count":34027,"statuses_count":59431,"created_at":"Thu Jul 13 00:33:22 +0000 2006","utc_offset":null,"time_zone":null,"geo_enabled":true,"lang":"pt","contributors_enabled":false,"is_translator":false,"profile_background_color":"FFFFFF","profile_background_image_url":"http://abs.twimg.com/images/themes/theme1/bg.png","profile_background_image_url_https":"https://abs.twimg.com/images/themes/theme1/bg.png","profile_background_tile":true,"profile_link_color":"447111","profile_sidebar_border_color":"FFFFFF","profile_sidebar_fill_color":"DADADA","profile_text_color":"000000","profile_use_background_image":true,"profile_image_url":"http://pbs.twimg.com/profile_images/1090569309120856065/UjDOB3rS_normal.jpg","profile_image_url_https":"https://pbs.twimg.com/profile_images/1090569309120856065/UjDOB3rS_normal.jpg","profile_banner_url":"https://pbs.twimg.com/profile_banners/572/1544732378","default_profile":false,"default_profile_image":false,"following":null,"follow_request_sent":null,"notifications":null},"geo":null,"coordinates":null,"place":null,"contributors":null,"retweeted_status":{"created_at":"Fri Jan 11 16:27:54 +0000 2019","id":1083762435771777000,"id_str":"1083762435771777024","text":"\"xô casa grande e senzala, a onda agora é uniformes de domésticas criados por estilistas\" https://t.co/2p0gLeTK5H","display_text_range":[0,89],"source":"<a href=\"http://twitter.com/download/android\" rel=\"nofollow\">Twitter for Android</a>","truncated":false,"in_reply_to_status_id":null,"in_reply_to_status_id_str":null,"in_reply_to_user_id":null,"in_reply_to_user_id_str":null,"in_reply_to_screen_name":null,"user":{"id":18943276,"id_str":"18943276","name":"mmm","screen_name":"macielmm_","location":" ","url":null,"description":"vamos ficar ótimos\ne incomodar bastante","translator_type":"none","protected":false,"verified":false,"followers_count":3593,"friends_count":2197,"listed_count":67,"favourites_count":54455,"statuses_count":346635,"created_at":"Tue Jan 13 16:39:11 +0000 2009","utc_offset":null,"time_zone":null,"geo_enabled":true,"lang":"pt","contributors_enabled":false,"is_translator":false,"profile_background_color":"ACDED6","profile_background_image_url":"http://abs.twimg.com/images/themes/theme4/bg.gif","profile_background_image_url_https":"https://abs.twimg.com/images/themes/theme4/bg.gif","profile_background_tile":false,"profile_link_color":"1B95E0","profile_sidebar_border_color":"000000","profile_sidebar_fill_color":"5F4BD1","profile_text_color":"01030F","profile_use_background_image":true,"profile_image_url":"http://pbs.twimg.com/profile_images/1088611921421582336/mlt9h-Sh_normal.jpg","profile_image_url_https":"https://pbs.twimg.com/profile_images/1088611921421582336/mlt9h-Sh_normal.jpg","profile_banner_url":"https://pbs.twimg.com/profile_banners/18943276/1531442393","default_profile":false,"default_profile_image":false,"following":null,"follow_request_sent":null,"notifications":null},"geo":null,"coordinates":null,"place":null,"contributors":null,"is_quote_status":false,"quote_count":0,"reply_count":126,"retweet_count":854,"favorite_count":2726,"entities":{"hashtags":[],"urls":[],"user_mentions":[],"symbols":[],"media":[{"id":1083762416524107800,"id_str":"1083762416524107776","indices":[90,113],"description":"print da capa da revista Joyce pascowitxh que trás essa matéria","media_url":"http://pbs.twimg.com/media/DwpMLQHWoAARUZC.jpg","media_url_https":"https://pbs.twimg.com/media/DwpMLQHWoAARUZC.jpg","url":"https://t.co/2p0gLeTK5H","display_url":"pic.twitter.com/2p0gLeTK5H","expanded_url":"https://twitter.com/macielmm_/status/1083762435771777024/photo/1","type":"photo","sizes":{"thumb":{"w":150,"h":150,"resize":"crop"},"medium":{"w":719,"h":987,"resize":"fit"},"large":{"w":719,"h":987,"resize":"fit"},"small":{"w":495,"h":680,"resize":"fit"}}}]},"extended_entities":{"media":[{"id":1083762416524107800,"id_str":"1083762416524107776","indices":[90,113],"description":"print da capa da revista Joyce pascowitxh que trás essa matéria","media_url":"http://pbs.twimg.com/media/DwpMLQHWoAARUZC.jpg","media_url_https":"https://pbs.twimg.com/media/DwpMLQHWoAARUZC.jpg","url":"https://t.co/2p0gLeTK5H","display_url":"pic.twitter.com/2p0gLeTK5H","expanded_url":"https://twitter.com/macielmm_/status/1083762435771777024/photo/1","type":"photo","sizes":{"thumb":{"w":150,"h":150,"resize":"crop"},"medium":{"w":719,"h":987,"resize":"fit"},"large":{"w":719,"h":987,"resize":"fit"},"small":{"w":495,"h":680,"resize":"fit"}}}]},"favorited":false,"retweeted":false,"possibly_sensitive":false,"filter_level":"low","lang":"pt"},"is_quote_status":false,"quote_count":0,"reply_count":0,"retweet_count":0,"favorite_count":0,"entities":{"hashtags":[],"urls":[],"user_mentions":[{"screen_name":"macielmm_","name":"mmm","id":18943276,"id_str":"18943276","indices":[3,13]}],"symbols":[],"media":[{"id":1083762416524107800,"id_str":"1083762416524107776","indices":[105,128],"description":"print da capa da revista Joyce pascowitxh que trás essa matéria","media_url":"http://pbs.twimg.com/media/DwpMLQHWoAARUZC.jpg","media_url_https":"https://pbs.twimg.com/media/DwpMLQHWoAARUZC.jpg","url":"https://t.co/2p0gLeTK5H","display_url":"pic.twitter.com/2p0gLeTK5H","expanded_url":"https://twitter.com/macielmm_/status/1083762435771777024/photo/1","type":"photo","sizes":{"thumb":{"w":150,"h":150,"resize":"crop"},"medium":{"w":719,"h":987,"resize":"fit"},"large":{"w":719,"h":987,"resize":"fit"},"small":{"w":495,"h":680,"resize":"fit"}},"source_status_id":1083762435771777000,"source_status_id_str":"1083762435771777024","source_user_id":18943276,"source_user_id_str":"18943276"}]},"extended_entities":{"media":[{"id":1083762416524107800,"id_str":"1083762416524107776","indices":[105,128],"description":"print da capa da revista Joyce pascowitxh que trás essa matéria","media_url":"http://pbs.twimg.com/media/DwpMLQHWoAARUZC.jpg","media_url_https":"https://pbs.twimg.com/media/DwpMLQHWoAARUZC.jpg","url":"https://t.co/2p0gLeTK5H","display_url":"pic.twitter.com/2p0gLeTK5H","expanded_url":"https://twitter.com/macielmm_/status/1083762435771777024/photo/1","type":"photo","sizes":{"thumb":{"w":150,"h":150,"resize":"crop"},"medium":{"w":719,"h":987,"resize":"fit"},"large":{"w":719,"h":987,"resize":"fit"},"small":{"w":495,"h":680,"resize":"fit"}},"source_status_id":1083762435771777000,"source_status_id_str":"1083762435771777024","source_user_id":18943276,"source_user_id_str":"18943276"}]},"favorited":false,"retweeted":false,"possibly_sensitive":false,"filter_level":"low","lang":"pt","matching_rules":[{"tag":null}]}