{"created_at":"Sun Jan 13 19:52:01 +0000 2019","id":1084538577747357700,"id_str":"1084538577747357696","text":"@MarceloToledo Depende da proposta do podcast. O meu, que é basicamente um monólogo, tem que ter, primeiro pra ritm… https://t.co/uWLTDGMv1q","display_text_range":[15,140],"source":"<a href=\"http://twitter.com/download/android\" rel=\"nofollow\">Twitter for Android</a>","truncated":true,"in_reply_to_status_id":1084534263028932600,"in_reply_to_status_id_str":"1084534263028932608","in_reply_to_user_id":9439192,"in_reply_to_user_id_str":"9439192","in_reply_to_screen_name":"MarceloToledo","user":{"id":572,"id_str":"572","name":"crisdias","screen_name":"crisdias","location":"São Paulo, Brasil","url":"http://www.boanoiteinternet.com.br/","description":"Um guerreirinho","translator_type":"none","protected":false,"verified":false,"followers_count":124070,"friends_count":895,"listed_count":1069,"favourites_count":34027,"statuses_count":59431,"created_at":"Thu Jul 13 00:33:22 +0000 2006","utc_offset":null,"time_zone":null,"geo_enabled":true,"lang":"pt","contributors_enabled":false,"is_translator":false,"profile_background_color":"FFFFFF","profile_background_image_url":"http://abs.twimg.com/images/themes/theme1/bg.png","profile_background_image_url_https":"https://abs.twimg.com/images/themes/theme1/bg.png","profile_background_tile":true,"profile_link_color":"447111","profile_sidebar_border_color":"FFFFFF","profile_sidebar_fill_color":"DADADA","profile_text_color":"000000","profile_use_background_image":true,"profile_image_url":"http://pbs.twimg.com/profile_images/1090569309120856065/UjDOB3rS_normal.jpg","profile_image_url_https":"https://pbs.twimg.com/profile_images/1090569309120856065/UjDOB3rS_normal.jpg","profile_banner_url":"https://pbs.twimg.com/profile_banners/572/1544732378","default_profile":false,"default_profile_image":false,"following":null,"follow_request_sent":null,"notifications":null},"geo":null,"coordinates":null,"place":null,"contributors":null,"is_quote_status":false,"extended_tweet":{"full_text":"@MarceloToledo Depende da proposta do podcast. O meu, que é basicamente um monólogo, tem que ter, primeiro pra ritmo, mas também porque eu erro mesmo, falo palavra errado, etc","display_text_range":[15,175],"entities":{"hashtags":[],"urls":[],"user_mentions":[{"screen_name":"MarceloToledo","name":"Marcelo Toledo","id":9439192,"id_str":"9439192","indices":[0,14]}],"symbols":[]}},"quote_count":0,"reply_count":0,"retweet_count":0,"favorite_count":0,"entities":{"hashtags":[],"urls":[{"url":"https://t.co/uWLTDGMv1q","expanded_url":"https://twitter.com/i/web/status/1084538577747357696","display_url":"twitter.com/i/web/status/1…","indices":[117,140]}],"user_mentions":[{"screen_name":"MarceloToledo","name":"Marcelo Toledo","id":9439192,"id_str":"9439192","indices":[0,14]}],"symbols":[]},"favorited":false,"retweeted":false,"filter_level":"low","lang":"pt","matching_rules":[{"tag":null}]}