{"created_at":"Sun Jan 13 21:40:08 +0000 2019","id":1084565787384393700,"id_str":"1084565787384393730","text":"RT @CaioCorraini: Aranhaverso é o melhor filme herói já feito.\n\nNão sei nem o que dizer, porque nada que eu consigo pensar agora faz jus","source":"<a href=\"http://twitter.com/download/iphone\" rel=\"nofollow\">Twitter for iPhone</a>","truncated":false,"in_reply_to_status_id":null,"in_reply_to_status_id_str":null,"in_reply_to_user_id":null,"in_reply_to_user_id_str":null,"in_reply_to_screen_name":null,"user":{"id":57122745,"id_str":"57122745","name":"Carol Antifa {divaloper} ⚡️","screen_name":"carolcode","location":"Sao Paulo, Brazil","url":null,"description":"Front End dev, instructor, speaker, diversity and inclusion  activist in tech. Podcaster @LovelacePodcast. Security and privacy are powerful. Open source fan.","translator_type":"none","protected":false,"verified":false,"followers_count":6332,"friends_count":467,"listed_count":66,"favourites_count":26142,"statuses_count":11343,"created_at":"Wed Jul 15 20:11:41 +0000 2009","utc_offset":null,"time_zone":null,"geo_enabled":true,"lang":"pt","contributors_enabled":false,"is_translator":false,"profile_background_color":"ABB8C2","profile_background_image_url":"http://abs.twimg.com/images/themes/theme14/bg.gif","profile_background_image_url_https":"https://abs.twimg.com/images/themes/theme14/bg.gif","profile_background_tile":false,"profile_link_color":"ABB8C2","profile_sidebar_border_color":"000000","profile_sidebar_fill_color":"000000","profile_text_color":"000000","profile_use_background_image":false,"profile_image_url":"http://pbs.twimg.com/profile_images/1093461603788439552/H_25o1Jd_normal.jpg","profile_image_url_https":"https://pbs.twimg.com/profile_images/1093461603788439552/H_25o1Jd_normal.jpg","profile_banner_url":"https://pbs.twimg.com/profile_banners/57122745/1537363767","default_profile":false,"default_profile_image":false,"following":null,"follow_request_sent":null,"notifications":null},"geo":null,"coordinates":null,"place":null,"contributors":null,"retweeted_status":{"created_at":"Sun Jan 13 01:47:25 +0000 2019","id":1084265631535546400,"id_str":"1084265631535546368","text":"Aranhaverso é o melhor filme herói já feito.\n\nNão sei nem o que dizer, porque nada que eu consigo pensar agora faz jus","source":"<a href=\"http://twitter.com/download/android\" rel=\"nofollow\">Twitter for Android</a>","truncated":false,"in_reply_to_status_id":null,"in_reply_to_status_id_str":null,"in_reply_to_user_id":null,"in_reply_to_user_id_str":null,"in_reply_to_screen_name":null,"user":{"id":22649119,"id_str":"22649119","name":"Caio Corraini","screen_name":"CaioCorraini","location":"São Paulo","url":"https://www.instagram.com/caiocorraini/","description":"Vida adulta tentou me pegar, mas eu tinha uma carta armadilha virada para baixo. Editor do Gugacast, Mamilos, Braincast, GGcast, dentre outros.","translator_type":"none","protected":false,"verified":false,"followers_count":26193,"friends_count":314,"listed_count":314,"favourites_count":4520,"statuses_count":192820,"created_at":"Tue Mar 03 17:31:49 +0000 2009","utc_offset":null,"time_zone":null,"geo_enabled":false,"lang":"pt","contributors_enabled":false,"is_translator":false,"profile_background_color":"9AE4E8","profile_background_image_url":"http://abs.twimg.com/images/themes/theme1/bg.png","profile_background_image_url_https":"https://abs.twimg.com/images/themes/theme1/bg.png","profile_background_tile":false,"profile_link_color":"0084B4","profile_sidebar_border_color":"FFFFFF","profile_sidebar_fill_color":"A5D5F3","profile_text_color":"000000","profile_use_background_image":true,"profile_image_url":"http://pbs.twimg.com/profile_images/1048812535183548416/y8UhiT9d_normal.jpg","profile_image_url_https":"https://pbs.twimg.com/profile_images/1048812535183548416/y8UhiT9d_normal.jpg","profile_banner_url":"https://pbs.twimg.com/profile_banners/22649119/1395865113","default_profile":false,"default_profile_image":false,"following":null,"follow_request_sent":null,"notifications":null},"geo":null,"coordinates":null,"place":null,"contributors":null,"is_quote_status":false,"quote_count":0,"reply_count":19,"retweet_count":34,"favorite_count":427,"entities":{"hashtags":[],"urls":[],"user_mentions":[],"symbols":[]},"favorited":false,"retweeted":false,"filter_level":"low","lang":"pt"},"is_quote_status":false,"quote_count":0,"reply_count":0,"retweet_count":0,"favorite_count":0,"entities":{"hashtags":[],"urls":[],"user_mentions":[{"screen_name":"CaioCorraini","name":"Caio Corraini","id":22649119,"id_str":"22649119","indices":[3,16]}],"symbols":[]},"favorited":false,"retweeted":false,"filter_level":"low","lang":"pt","matching_rules":[{"tag":null}]}