{"created_at":"Sun Jan 13 23:58:19 +0000 2019","id":1084600562384097300,"id_str":"1084600562384097280","text":"por burrice na época eu não respondi em thread, mas dando rt no post e respondendo. Então a forma mais fácil de ler… https://t.co/zoPmM8Mpyl","source":"<a href=\"http://twitter.com\" rel=\"nofollow\">Twitter Web Client</a>","truncated":true,"in_reply_to_status_id":943432129467289600,"in_reply_to_status_id_str":"943432129467289600","in_reply_to_user_id":932675351913926700,"in_reply_to_user_id_str":"932675351913926656","in_reply_to_screen_name":"startupdareal","user":{"id":932675351913926700,"id_str":"932675351913926656","name":"Startupdareal","screen_name":"startupdareal","location":"San Francisco, CA","url":"https://medium.com/startup-da-real","description":"#1 lugar livro de empreendedorismo mais vendido na Amazon, com \"Este livro não vai te deixar rico\"","translator_type":"none","protected":false,"verified":false,"followers_count":25857,"friends_count":176,"listed_count":113,"favourites_count":20540,"statuses_count":18075,"created_at":"Mon Nov 20 18:21:46 +0000 2017","utc_offset":null,"time_zone":null,"geo_enabled":true,"lang":"en","contributors_enabled":false,"is_translator":false,"profile_background_color":"000000","profile_background_image_url":"http://abs.twimg.com/images/themes/theme1/bg.png","profile_background_image_url_https":"https://abs.twimg.com/images/themes/theme1/bg.png","profile_background_tile":false,"profile_link_color":"FAB81E","profile_sidebar_border_color":"000000","profile_sidebar_fill_color":"000000","profile_text_color":"000000","profile_use_background_image":false,"profile_image_url":"http://pbs.twimg.com/profile_images/932680310336180226/PXZJpu93_normal.jpg","profile_image_url_https":"https://pbs.twimg.com/profile_images/932680310336180226/PXZJpu93_normal.jpg","profile_banner_url":"https://pbs.twimg.com/profile_banners/932675351913926656/1511203272","default_profile":false,"default_profile_image":false,"following":null,"follow_request_sent":null,"notifications":null},"geo":null,"coordinates":null,"place":null,"contributors":null,"is_quote_status":false,"extended_tweet":{"full_text":"por burrice na época eu não respondi em thread, mas dando rt no post e respondendo. Então a forma mais fácil de ler as respostas é nessa busca pela data das respostas:\n\nhttps://t.co/WycPnNPSGH","display_text_range":[0,192],"entities":{"hashtags":[],"urls":[{"url":"https://t.co/WycPnNPSGH","expanded_url":"https://twitter.com/search?l=&q=from%3Astartupdareal%20since%3A2017-12-20%20until%3A2017-12-30&src=typd","display_url":"twitter.com/search?l=&q=fr…","indices":[169,192]}],"user_mentions":[],"symbols":[]}},"quote_count":0,"reply_count":6,"retweet_count":0,"favorite_count":34,"entities":{"hashtags":[],"urls":[{"url":"https://t.co/zoPmM8Mpyl","expanded_url":"https://twitter.com/i/web/status/1084600562384097280","display_url":"twitter.com/i/web/status/1…","indices":[117,140]}],"user_mentions":[],"symbols":[]},"favorited":false,"retweeted":false,"possibly_sensitive":false,"filter_level":"low","lang":"pt","matching_rules":[{"tag":null}]}