{"created_at":"Mon Jan 14 00:44:50 +0000 2019","id":1084612269080825900,"id_str":"1084612269080825859","text":"é verdade esse bilete https://t.co/8itp2BTOZJ","display_text_range":[0,21],"source":"<a href=\"http://twitter.com\" rel=\"nofollow\">Twitter Web Client</a>","truncated":false,"in_reply_to_status_id":null,"in_reply_to_status_id_str":null,"in_reply_to_user_id":null,"in_reply_to_user_id_str":null,"in_reply_to_screen_name":null,"user":{"id":572,"id_str":"572","name":"crisdias","screen_name":"crisdias","location":"São Paulo, Brasil","url":"http://www.boanoiteinternet.com.br/","description":"Um guerreirinho","translator_type":"none","protected":false,"verified":false,"followers_count":124070,"friends_count":895,"listed_count":1069,"favourites_count":34027,"statuses_count":59431,"created_at":"Thu Jul 13 00:33:22 +0000 2006","utc_offset":null,"time_zone":null,"geo_enabled":true,"lang":"pt","contributors_enabled":false,"is_translator":false,"profile_background_color":"FFFFFF","profile_background_image_url":"http://abs.twimg.com/images/themes/theme1/bg.png","profile_background_image_url_https":"https://abs.twimg.com/images/themes/theme1/bg.png","profile_background_tile":true,"profile_link_color":"447111","profile_sidebar_border_color":"FFFFFF","profile_sidebar_fill_color":"DADADA","profile_text_color":"000000","profile_use_background_image":true,"profile_image_url":"http://pbs.twimg.com/profile_images/1090569309120856065/UjDOB3rS_normal.jpg","profile_image_url_https":"https://pbs.twimg.com/profile_images/1090569309120856065/UjDOB3rS_normal.jpg","profile_banner_url":"https://pbs.twimg.com/profile_banners/572/1544732378","default_profile":false,"default_profile_image":false,"following":null,"follow_request_sent":null,"notifications":null},"geo":null,"coordinates":null,"place":null,"contributors":null,"quoted_status_id":1084610202798878700,"quoted_status_id_str":"1084610202798878720","quoted_status":{"created_at":"Mon Jan 14 00:36:38 +0000 2019","id":1084610202798878700,"id_str":"1084610202798878720","text":"Já devidamente atualizado com o Boa Noite Internet pois poucos sabem, mas o @crisdias só deixa a gente gravar o… https://t.co/q3NnwBDyIC","source":"<a href=\"http://twitter.com/download/iphone\" rel=\"nofollow\">Twitter for iPhone</a>","truncated":true,"in_reply_to_status_id":null,"in_reply_to_status_id_str":null,"in_reply_to_user_id":null,"in_reply_to_user_id_str":null,"in_reply_to_screen_name":null,"user":{"id":37001879,"id_str":"37001879","name":"Papai de Dois","screen_name":"gui_pinheiro","location":"São Paulo, Brazil","url":null,"description":null,"translator_type":"none","protected":false,"verified":false,"followers_count":4418,"friends_count":557,"listed_count":99,"favourites_count":2648,"statuses_count":224742,"created_at":"Fri May 01 18:06:19 +0000 2009","utc_offset":null,"time_zone":null,"geo_enabled":true,"lang":"en","contributors_enabled":false,"is_translator":false,"profile_background_color":"131516","profile_background_image_url":"http://abs.twimg.com/images/themes/theme14/bg.gif","profile_background_image_url_https":"https://abs.twimg.com/images/themes/theme14/bg.gif","profile_background_tile":true,"profile_link_color":"009999","profile_sidebar_border_color":"EEEEEE","profile_sidebar_fill_color":"EFEFEF","profile_text_color":"333333","profile_use_background_image":true,"profile_image_url":"http://pbs.twimg.com/profile_images/816809951133835264/Wzi237nv_normal.jpg","profile_image_url_https":"https://pbs.twimg.com/profile_images/816809951133835264/Wzi237nv_normal.jpg","profile_banner_url":"https://pbs.twimg.com/profile_banners/37001879/1510844305","default_profile":false,"default_profile_image":false,"following":null,"follow_request_sent":null,"notifications":null},"geo":null,"coordinates":null,"place":null,"contributors":null,"is_quote_status":false,"extended_tweet":{"full_text":"Já devidamente atualizado com o Boa Noite Internet pois poucos sabem, mas o @crisdias só deixa a gente gravar o @BigShotPod na segunda depois que a gente responder e acertar 3 perguntas sobre o último episódio do Boa Noite Internet.","display_text_range":[0,232],"entities":{"hashtags":[],"urls":[],"user_mentions":[{"screen_name":"crisdias","name":"crisdias","id":572,"id_str":"572","indices":[76,85]},{"screen_name":"BigShotPod","name":"Big Shot Pod","id":1073006350635016200,"id_str":"1073006350635016192","indices":[112,123]}],"symbols":[]}},"quote_count":0,"reply_count":0,"retweet_count":0,"favorite_count":1,"entities":{"hashtags":[],"urls":[{"url":"https://t.co/q3NnwBDyIC","expanded_url":"https://twitter.com/i/web/status/1084610202798878720","display_url":"twitter.com/i/web/status/1…","indices":[113,136]}],"user_mentions":[{"screen_name":"crisdias","name":"crisdias","id":572,"id_str":"572","indices":[76,85]}],"symbols":[]},"favorited":false,"retweeted":false,"filter_level":"low","lang":"pt"},"quoted_status_permalink":{"url":"https://t.co/8itp2BTOZJ","expanded":"https://twitter.com/gui_pinheiro/status/1084610202798878720","display":"twitter.com/gui_pinheiro/s…"},"is_quote_status":true,"quote_count":0,"reply_count":0,"retweet_count":0,"favorite_count":3,"entities":{"hashtags":[],"urls":[{"url":"https://t.co/8itp2BTOZJ","expanded_url":"https://twitter.com/gui_pinheiro/status/1084610202798878720","display_url":"twitter.com/gui_pinheiro/s…","indices":[22,45]}],"user_mentions":[],"symbols":[]},"favorited":false,"retweeted":false,"possibly_sensitive":false,"filter_level":"low","lang":"pt","matching_rules":[{"tag":null}]}