{"created_at":"Sun Jan 13 22:06:26 +0000 2019","id":1084572406256201700,"id_str":"1084572406256201730","text":"RT @Nica: Mais uma, porque achei que essa teria mais interesse:\n\n1 like = 1 fato sobre minhas experiências trabalhando como extra em filmes","source":"<a href=\"http://twitter.com/download/android\" rel=\"nofollow\">Twitter for Android</a>","truncated":false,"in_reply_to_status_id":null,"in_reply_to_status_id_str":null,"in_reply_to_user_id":null,"in_reply_to_user_id_str":null,"in_reply_to_screen_name":null,"user":{"id":572,"id_str":"572","name":"crisdias","screen_name":"crisdias","location":"São Paulo, Brasil","url":"http://www.boanoiteinternet.com.br/","description":"Um guerreirinho","translator_type":"none","protected":false,"verified":false,"followers_count":124070,"friends_count":895,"listed_count":1069,"favourites_count":34027,"statuses_count":59431,"created_at":"Thu Jul 13 00:33:22 +0000 2006","utc_offset":null,"time_zone":null,"geo_enabled":true,"lang":"pt","contributors_enabled":false,"is_translator":false,"profile_background_color":"FFFFFF","profile_background_image_url":"http://abs.twimg.com/images/themes/theme1/bg.png","profile_background_image_url_https":"https://abs.twimg.com/images/themes/theme1/bg.png","profile_background_tile":true,"profile_link_color":"447111","profile_sidebar_border_color":"FFFFFF","profile_sidebar_fill_color":"DADADA","profile_text_color":"000000","profile_use_background_image":true,"profile_image_url":"http://pbs.twimg.com/profile_images/1090569309120856065/UjDOB3rS_normal.jpg","profile_image_url_https":"https://pbs.twimg.com/profile_images/1090569309120856065/UjDOB3rS_normal.jpg","profile_banner_url":"https://pbs.twimg.com/profile_banners/572/1544732378","default_profile":false,"default_profile_image":false,"following":null,"follow_request_sent":null,"notifications":null},"geo":null,"coordinates":null,"place":null,"contributors":null,"retweeted_status":{"created_at":"Sun Jan 13 20:12:07 +0000 2019","id":1084543637399236600,"id_str":"1084543637399236608","text":"Mais uma, porque achei que essa teria mais interesse:\n\n1 like = 1 fato sobre minhas experiências trabalhando como extra em filmes","source":"<a href=\"http://twitter.com/download/iphone\" rel=\"nofollow\">Twitter for iPhone</a>","truncated":false,"in_reply_to_status_id":null,"in_reply_to_status_id_str":null,"in_reply_to_user_id":null,"in_reply_to_user_id_str":null,"in_reply_to_screen_name":null,"user":{"id":577,"id_str":"577","name":"Nicole Mezzasalma","screen_name":"Nica","location":"London","url":"http://about.me/nmezza","description":"Petticoated swashbuckler. Formerly a herald of Galactus. Writing, drinking, travelling, gaming, tweeting - and more.","translator_type":"none","protected":false,"verified":false,"followers_count":2001,"friends_count":509,"listed_count":68,"favourites_count":390,"statuses_count":21912,"created_at":"Thu Jul 13 01:27:10 +0000 2006","utc_offset":null,"time_zone":null,"geo_enabled":true,"lang":"en","contributors_enabled":false,"is_translator":false,"profile_background_color":"1A1B1F","profile_background_image_url":"http://abs.twimg.com/images/themes/theme2/bg.gif","profile_background_image_url_https":"https://abs.twimg.com/images/themes/theme2/bg.gif","profile_background_tile":false,"profile_link_color":"2FC2EF","profile_sidebar_border_color":"FFFFFF","profile_sidebar_fill_color":"000139","profile_text_color":"666666","profile_use_background_image":true,"profile_image_url":"http://pbs.twimg.com/profile_images/699655603472506881/cBDqRiws_normal.jpg","profile_image_url_https":"https://pbs.twimg.com/profile_images/699655603472506881/cBDqRiws_normal.jpg","profile_banner_url":"https://pbs.twimg.com/profile_banners/577/1455646008","default_profile":false,"default_profile_image":false,"following":null,"follow_request_sent":null,"notifications":null},"geo":null,"coordinates":null,"place":{"id":"5f73d127c7ccf9d9","url":"https://api.twitter.com/1.1/geo/id/5f73d127c7ccf9d9.json","place_type":"city","name":"Croydon","full_name":"Croydon, London","country_code":"GB","country":"United Kingdom","bounding_box":{"type":"Polygon","coordinates":[[[-0.161749,51.294332],[-0.161749,51.42353],[-0.023517,51.42353],[-0.023517,51.294332]]]},"attributes":{}},"contributors":null,"is_quote_status":false,"quote_count":0,"reply_count":3,"retweet_count":4,"favorite_count":58,"entities":{"hashtags":[],"urls":[],"user_mentions":[],"symbols":[]},"favorited":false,"retweeted":false,"filter_level":"low","lang":"pt"},"is_quote_status":false,"quote_count":0,"reply_count":0,"retweet_count":0,"favorite_count":0,"entities":{"hashtags":[],"urls":[],"user_mentions":[{"screen_name":"Nica","name":"Nicole Mezzasalma","id":577,"id_str":"577","indices":[3,8]}],"symbols":[]},"favorited":false,"retweeted":false,"filter_level":"low","lang":"pt","matching_rules":[{"tag":null}]}