{"created_at":"Mon Jan 14 01:42:36 +0000 2019","id":1084626804986560500,"id_str":"1084626804986560512","text":"@andysaintberg @jaqueventurim @RuanBrandao","display_text_range":[30,42],"source":"<a href=\"http://twitter.com\" rel=\"nofollow\">Twitter Web Client</a>","truncated":false,"in_reply_to_status_id":1084572194011836400,"in_reply_to_status_id_str":"1084572194011836417","in_reply_to_user_id":508122733,"in_reply_to_user_id_str":"508122733","in_reply_to_screen_name":"andysaintberg","user":{"id":57122745,"id_str":"57122745","name":"Carol Antifa {divaloper} ⚡️","screen_name":"carolcode","location":"Sao Paulo, Brazil","url":null,"description":"Front End dev, instructor, speaker, diversity and inclusion  activist in tech. Podcaster @LovelacePodcast. Security and privacy are powerful. Open source fan.","translator_type":"none","protected":false,"verified":false,"followers_count":6332,"friends_count":467,"listed_count":66,"favourites_count":26142,"statuses_count":11343,"created_at":"Wed Jul 15 20:11:41 +0000 2009","utc_offset":null,"time_zone":null,"geo_enabled":true,"lang":"pt","contributors_enabled":false,"is_translator":false,"profile_background_color":"ABB8C2","profile_background_image_url":"http://abs.twimg.com/images/themes/theme14/bg.gif","profile_background_image_url_https":"https://abs.twimg.com/images/themes/theme14/bg.gif","profile_background_tile":false,"profile_link_color":"ABB8C2","profile_sidebar_border_color":"000000","profile_sidebar_fill_color":"000000","profile_text_color":"000000","profile_use_background_image":false,"profile_image_url":"http://pbs.twimg.com/profile_images/1093461603788439552/H_25o1Jd_normal.jpg","profile_image_url_https":"https://pbs.twimg.com/profile_images/1093461603788439552/H_25o1Jd_normal.jpg","profile_banner_url":"https://pbs.twimg.com/profile_banners/57122745/1537363767","default_profile":false,"default_profile_image":false,"following":null,"follow_request_sent":null,"notifications":null},"geo":null,"coordinates":null,"place":null,"contributors":null,"is_quote_status":false,"quote_count":0,"reply_count":0,"retweet_count":0,"favorite_count":2,"entities":{"hashtags":[],"urls":[],"user_mentions":[{"screen_name":"andysaintberg","name":"tainá","id":508122733,"id_str":"508122733","indices":[0,14]},{"screen_name":"jaqueventurim","name":"juliane","id":68182544,"id_str":"68182544","indices":[15,29]},{"screen_name":"RuanBrandao","name":"Lei Ruanito","id":36206227,"id_str":"36206227","indices":[30,42]}],"symbols":[]},"favorited":false,"retweeted":false,"filter_level":"low","lang":"und","matching_rules":[{"tag":null}]}