{"created_at":"Sun Jan 13 21:39:47 +0000 2019","id":1084565698305769500,"id_str":"1084565698305769472","text":"RT @Savagefiction: Já fui frágil como o Nego do Borel, tinha até esse \"medo\" de receber elogios\nSomos fruto do contexto, mas ele não deve n…","source":"<a href=\"http://twitter.com/download/iphone\" rel=\"nofollow\">Twitter for iPhone</a>","truncated":false,"in_reply_to_status_id":null,"in_reply_to_status_id_str":null,"in_reply_to_user_id":null,"in_reply_to_user_id_str":null,"in_reply_to_screen_name":null,"user":{"id":57122745,"id_str":"57122745","name":"Carol Antifa {divaloper} ⚡️","screen_name":"carolcode","location":"Sao Paulo, Brazil","url":null,"description":"Front End dev, instructor, speaker, diversity and inclusion  activist in tech. Podcaster @LovelacePodcast. Security and privacy are powerful. Open source fan.","translator_type":"none","protected":false,"verified":false,"followers_count":6332,"friends_count":467,"listed_count":66,"favourites_count":26142,"statuses_count":11343,"created_at":"Wed Jul 15 20:11:41 +0000 2009","utc_offset":null,"time_zone":null,"geo_enabled":true,"lang":"pt","contributors_enabled":false,"is_translator":false,"profile_background_color":"ABB8C2","profile_background_image_url":"http://abs.twimg.com/images/themes/theme14/bg.gif","profile_background_image_url_https":"https://abs.twimg.com/images/themes/theme14/bg.gif","profile_background_tile":false,"profile_link_color":"ABB8C2","profile_sidebar_border_color":"000000","profile_sidebar_fill_color":"000000","profile_text_color":"000000","profile_use_background_image":false,"profile_image_url":"http://pbs.twimg.com/profile_images/1093461603788439552/H_25o1Jd_normal.jpg","profile_image_url_https":"https://pbs.twimg.com/profile_images/1093461603788439552/H_25o1Jd_normal.jpg","profile_banner_url":"https://pbs.twimg.com/profile_banners/57122745/1537363767","default_profile":false,"default_profile_image":false,"following":null,"follow_request_sent":null,"notifications":null},"geo":null,"coordinates":null,"place":null,"contributors":null,"retweeted_status":{"created_at":"Sun Jan 13 19:57:52 +0000 2019","id":1084540050203914200,"id_str":"1084540050203914242","text":"Já fui frágil como o Nego do Borel, tinha até esse \"medo\" de receber elogios\nSomos fruto do contexto, mas ele não d… https://t.co/7c6oCeGdaB","source":"<a href=\"http://twitter.com/download/android\" rel=\"nofollow\">Twitter for Android</a>","truncated":true,"in_reply_to_status_id":null,"in_reply_to_status_id_str":null,"in_reply_to_user_id":null,"in_reply_to_user_id_str":null,"in_reply_to_screen_name":null,"user":{"id":53738068,"id_str":"53738068","name":"Ale Santos","screen_name":"Savagefiction","location":null,"url":"https://instagram.com/Savagefiction","description":"Autor de SCIFI & Fantasia Afroamericana e Negro Drama do Storytelling  Escrevo no @interessante e @vicebrasil, colaborei com @theInterceptBr","translator_type":"none","protected":false,"verified":true,"followers_count":69928,"friends_count":8073,"listed_count":283,"favourites_count":38770,"statuses_count":43486,"created_at":"Sat Jul 04 19:11:19 +0000 2009","utc_offset":null,"time_zone":null,"geo_enabled":false,"lang":"pt","contributors_enabled":false,"is_translator":false,"profile_background_color":"EDECE9","profile_background_image_url":"http://abs.twimg.com/images/themes/theme3/bg.gif","profile_background_image_url_https":"https://abs.twimg.com/images/themes/theme3/bg.gif","profile_background_tile":true,"profile_link_color":"E81C4F","profile_sidebar_border_color":"000000","profile_sidebar_fill_color":"F3F3F3","profile_text_color":"333333","profile_use_background_image":true,"profile_image_url":"http://pbs.twimg.com/profile_images/1025522972721917952/h7W1Du8g_normal.jpg","profile_image_url_https":"https://pbs.twimg.com/profile_images/1025522972721917952/h7W1Du8g_normal.jpg","profile_banner_url":"https://pbs.twimg.com/profile_banners/53738068/1541078327","default_profile":false,"default_profile_image":false,"following":null,"follow_request_sent":null,"notifications":null},"geo":null,"coordinates":null,"place":null,"contributors":null,"is_quote_status":false,"extended_tweet":{"full_text":"Já fui frágil como o Nego do Borel, tinha até esse \"medo\" de receber elogios\nSomos fruto do contexto, mas ele não deve nos definir pra sempre\n\nÉ importante apontar esse comportamento vergonhoso até destrui-lo, forçar uma evolução de quem não tem consciência do seu preconceito","display_text_range":[0,276],"entities":{"hashtags":[],"urls":[],"user_mentions":[],"symbols":[]}},"quote_count":0,"reply_count":17,"retweet_count":67,"favorite_count":1288,"entities":{"hashtags":[],"urls":[{"url":"https://t.co/7c6oCeGdaB","expanded_url":"https://twitter.com/i/web/status/1084540050203914242","display_url":"twitter.com/i/web/status/1…","indices":[117,140]}],"user_mentions":[],"symbols":[]},"favorited":false,"retweeted":false,"filter_level":"low","lang":"pt"},"is_quote_status":false,"quote_count":0,"reply_count":0,"retweet_count":0,"favorite_count":0,"entities":{"hashtags":[],"urls":[],"user_mentions":[{"screen_name":"Savagefiction","name":"Ale Santos","id":53738068,"id_str":"53738068","indices":[3,17]}],"symbols":[]},"favorited":false,"retweeted":false,"filter_level":"low","lang":"pt","matching_rules":[{"tag":null}]}