{"created_at":"Sat Jan 12 14:15:41 +0000 2019","id":1084091547610738700,"id_str":"1084091547610738688","text":"RT @AnarcoFino: Sob o argumento de \"despetização\" estão é promovendo o aparelhamento da máquina pública. \n\nParabéns aos envolvidos. \n\nhttps…","source":"<a href=\"http://twitter.com/download/iphone\" rel=\"nofollow\">Twitter for iPhone</a>","truncated":false,"in_reply_to_status_id":null,"in_reply_to_status_id_str":null,"in_reply_to_user_id":null,"in_reply_to_user_id_str":null,"in_reply_to_screen_name":null,"user":{"id":932675351913926700,"id_str":"932675351913926656","name":"Startupdareal","screen_name":"startupdareal","location":"San Francisco, CA","url":"https://medium.com/startup-da-real","description":"#1 lugar livro de empreendedorismo mais vendido na Amazon, com \"Este livro não vai te deixar rico\"","translator_type":"none","protected":false,"verified":false,"followers_count":25857,"friends_count":176,"listed_count":113,"favourites_count":20540,"statuses_count":18075,"created_at":"Mon Nov 20 18:21:46 +0000 2017","utc_offset":null,"time_zone":null,"geo_enabled":true,"lang":"en","contributors_enabled":false,"is_translator":false,"profile_background_color":"000000","profile_background_image_url":"http://abs.twimg.com/images/themes/theme1/bg.png","profile_background_image_url_https":"https://abs.twimg.com/images/themes/theme1/bg.png","profile_background_tile":false,"profile_link_color":"FAB81E","profile_sidebar_border_color":"000000","profile_sidebar_fill_color":"000000","profile_text_color":"000000","profile_use_background_image":false,"profile_image_url":"http://pbs.twimg.com/profile_images/932680310336180226/PXZJpu93_normal.jpg","profile_image_url_https":"https://pbs.twimg.com/profile_images/932680310336180226/PXZJpu93_normal.jpg","profile_banner_url":"https://pbs.twimg.com/profile_banners/932675351913926656/1511203272","default_profile":false,"default_profile_image":false,"following":null,"follow_request_sent":null,"notifications":null},"geo":null,"coordinates":null,"place":null,"contributors":null,"retweeted_status":{"created_at":"Sat Jan 12 14:00:22 +0000 2019","id":1084087694412652500,"id_str":"1084087694412652544","text":"Sob o argumento de \"despetização\" estão é promovendo o aparelhamento da máquina pública. \n\nParabéns aos envolvidos.… https://t.co/PCB8B3v0jp","source":"<a href=\"https://mobile.twitter.com\" rel=\"nofollow\">Twitter Web App</a>","truncated":true,"in_reply_to_status_id":null,"in_reply_to_status_id_str":null,"in_reply_to_user_id":null,"in_reply_to_user_id_str":null,"in_reply_to_screen_name":null,"user":{"id":747620138631962600,"id_str":"747620138631962624","name":"Anarco Esporte Fino","screen_name":"AnarcoFino","location":"Alto Paraguay, Paraguay","url":"https://medium.com/@AnarcoFino","description":"Apresentador do @benzinanomeiao","translator_type":"none","protected":false,"verified":false,"followers_count":17406,"friends_count":880,"listed_count":90,"favourites_count":11782,"statuses_count":32044,"created_at":"Tue Jun 28 02:38:25 +0000 2016","utc_offset":null,"time_zone":null,"geo_enabled":false,"lang":"pt","contributors_enabled":false,"is_translator":false,"profile_background_color":"000000","profile_background_image_url":"http://abs.twimg.com/images/themes/theme1/bg.png","profile_background_image_url_https":"https://abs.twimg.com/images/themes/theme1/bg.png","profile_background_tile":false,"profile_link_color":"ABB8C2","profile_sidebar_border_color":"000000","profile_sidebar_fill_color":"000000","profile_text_color":"000000","profile_use_background_image":false,"profile_image_url":"http://pbs.twimg.com/profile_images/1090742526154366976/hL0VCB8m_normal.jpg","profile_image_url_https":"https://pbs.twimg.com/profile_images/1090742526154366976/hL0VCB8m_normal.jpg","profile_banner_url":"https://pbs.twimg.com/profile_banners/747620138631962624/1542202986","default_profile":false,"default_profile_image":false,"following":null,"follow_request_sent":null,"notifications":null},"geo":null,"coordinates":null,"place":null,"contributors":null,"is_quote_status":false,"extended_tweet":{"full_text":"Sob o argumento de \"despetização\" estão é promovendo o aparelhamento da máquina pública. \n\nParabéns aos envolvidos. \n\nhttps://t.co/iwjTbi45KJ","display_text_range":[0,141],"entities":{"hashtags":[],"urls":[{"url":"https://t.co/iwjTbi45KJ","expanded_url":"https://piaui.folha.uol.com.br/despetizacao-de-onyx-tem-so-1-de-petistas/","display_url":"piaui.folha.uol.com.br/despetizacao-d…","indices":[118,141]}],"user_mentions":[],"symbols":[]}},"quote_count":0,"reply_count":3,"retweet_count":33,"favorite_count":130,"entities":{"hashtags":[],"urls":[{"url":"https://t.co/PCB8B3v0jp","expanded_url":"https://twitter.com/i/web/status/1084087694412652544","display_url":"twitter.com/i/web/status/1…","indices":[117,140]}],"user_mentions":[],"symbols":[]},"favorited":false,"retweeted":false,"possibly_sensitive":false,"filter_level":"low","lang":"pt"},"is_quote_status":false,"quote_count":0,"reply_count":0,"retweet_count":0,"favorite_count":0,"entities":{"hashtags":[],"urls":[],"user_mentions":[{"screen_name":"AnarcoFino","name":"Anarco Esporte Fino","id":747620138631962600,"id_str":"747620138631962624","indices":[3,14]}],"symbols":[]},"favorited":false,"retweeted":false,"filter_level":"low","lang":"pt","matching_rules":[{"tag":null}]}