{"created_at":"Sat Jan 12 19:02:12 +0000 2019","id":1084163654424150000,"id_str":"1084163654424150016","text":"RT @chicobarney: São Paulo é um lugar muito esquisito https://t.co/LNU8AuRuX9","source":"<a href=\"http://twitter.com\" rel=\"nofollow\">Twitter Web Client</a>","truncated":false,"in_reply_to_status_id":null,"in_reply_to_status_id_str":null,"in_reply_to_user_id":null,"in_reply_to_user_id_str":null,"in_reply_to_screen_name":null,"user":{"id":572,"id_str":"572","name":"crisdias","screen_name":"crisdias","location":"São Paulo, Brasil","url":"http://www.boanoiteinternet.com.br/","description":"Um guerreirinho","translator_type":"none","protected":false,"verified":false,"followers_count":124070,"friends_count":895,"listed_count":1069,"favourites_count":34027,"statuses_count":59431,"created_at":"Thu Jul 13 00:33:22 +0000 2006","utc_offset":null,"time_zone":null,"geo_enabled":true,"lang":"pt","contributors_enabled":false,"is_translator":false,"profile_background_color":"FFFFFF","profile_background_image_url":"http://abs.twimg.com/images/themes/theme1/bg.png","profile_background_image_url_https":"https://abs.twimg.com/images/themes/theme1/bg.png","profile_background_tile":true,"profile_link_color":"447111","profile_sidebar_border_color":"FFFFFF","profile_sidebar_fill_color":"DADADA","profile_text_color":"000000","profile_use_background_image":true,"profile_image_url":"http://pbs.twimg.com/profile_images/1090569309120856065/UjDOB3rS_normal.jpg","profile_image_url_https":"https://pbs.twimg.com/profile_images/1090569309120856065/UjDOB3rS_normal.jpg","profile_banner_url":"https://pbs.twimg.com/profile_banners/572/1544732378","default_profile":false,"default_profile_image":false,"following":null,"follow_request_sent":null,"notifications":null},"geo":null,"coordinates":null,"place":null,"contributors":null,"retweeted_status":{"created_at":"Sat Jan 12 18:57:22 +0000 2019","id":1084162437052534800,"id_str":"1084162437052534786","text":"São Paulo é um lugar muito esquisito https://t.co/LNU8AuRuX9","display_text_range":[0,36],"source":"<a href=\"http://twitter.com/download/android\" rel=\"nofollow\">Twitter for Android</a>","truncated":false,"in_reply_to_status_id":null,"in_reply_to_status_id_str":null,"in_reply_to_user_id":null,"in_reply_to_user_id_str":null,"in_reply_to_screen_name":null,"user":{"id":10683412,"id_str":"10683412","name":"Chico Barney","screen_name":"chicobarney","location":"São Paulo","url":"https://chicobarney.blogosfera.uol.com.br/","description":"Um dos autores mais lidos do país  / email: chicobarney@gmail.com","translator_type":"none","protected":false,"verified":true,"followers_count":140865,"friends_count":4221,"listed_count":1028,"favourites_count":175949,"statuses_count":164420,"created_at":"Wed Nov 28 19:10:12 +0000 2007","utc_offset":null,"time_zone":null,"geo_enabled":true,"lang":"pt","contributors_enabled":false,"is_translator":false,"profile_background_color":"CBCBCB","profile_background_image_url":"http://abs.twimg.com/images/themes/theme1/bg.png","profile_background_image_url_https":"https://abs.twimg.com/images/themes/theme1/bg.png","profile_background_tile":true,"profile_link_color":"4DA6D6","profile_sidebar_border_color":"FFFFFF","profile_sidebar_fill_color":"DBF4FF","profile_text_color":"3C3C3C","profile_use_background_image":true,"profile_image_url":"http://pbs.twimg.com/profile_images/943215345145384960/P-oVMVtf_normal.jpg","profile_image_url_https":"https://pbs.twimg.com/profile_images/943215345145384960/P-oVMVtf_normal.jpg","profile_banner_url":"https://pbs.twimg.com/profile_banners/10683412/1398637493","default_profile":false,"default_profile_image":false,"following":null,"follow_request_sent":null,"notifications":null},"geo":null,"coordinates":null,"place":null,"contributors":null,"is_quote_status":false,"quote_count":0,"reply_count":60,"retweet_count":364,"favorite_count":2047,"entities":{"hashtags":[],"urls":[],"user_mentions":[],"symbols":[],"media":[{"id":1084162418887086100,"id_str":"1084162418887086080","indices":[37,60],"media_url":"http://pbs.twimg.com/media/Dwu3-dCX0AADLlk.jpg","media_url_https":"https://pbs.twimg.com/media/Dwu3-dCX0AADLlk.jpg","url":"https://t.co/LNU8AuRuX9","display_url":"pic.twitter.com/LNU8AuRuX9","expanded_url":"https://twitter.com/chicobarney/status/1084162437052534786/photo/1","type":"photo","sizes":{"medium":{"w":900,"h":1200,"resize":"fit"},"thumb":{"w":150,"h":150,"resize":"crop"},"large":{"w":1536,"h":2048,"resize":"fit"},"small":{"w":510,"h":680,"resize":"fit"}}}]},"extended_entities":{"media":[{"id":1084162418887086100,"id_str":"1084162418887086080","indices":[37,60],"media_url":"http://pbs.twimg.com/media/Dwu3-dCX0AADLlk.jpg","media_url_https":"https://pbs.twimg.com/media/Dwu3-dCX0AADLlk.jpg","url":"https://t.co/LNU8AuRuX9","display_url":"pic.twitter.com/LNU8AuRuX9","expanded_url":"https://twitter.com/chicobarney/status/1084162437052534786/photo/1","type":"photo","sizes":{"medium":{"w":900,"h":1200,"resize":"fit"},"thumb":{"w":150,"h":150,"resize":"crop"},"large":{"w":1536,"h":2048,"resize":"fit"},"small":{"w":510,"h":680,"resize":"fit"}}}]},"favorited":false,"retweeted":false,"possibly_sensitive":false,"filter_level":"low","lang":"pt"},"is_quote_status":false,"quote_count":0,"reply_count":0,"retweet_count":0,"favorite_count":0,"entities":{"hashtags":[],"urls":[],"user_mentions":[{"screen_name":"chicobarney","name":"Chico Barney","id":10683412,"id_str":"10683412","indices":[3,15]}],"symbols":[],"media":[{"id":1084162418887086100,"id_str":"1084162418887086080","indices":[54,77],"media_url":"http://pbs.twimg.com/media/Dwu3-dCX0AADLlk.jpg","media_url_https":"https://pbs.twimg.com/media/Dwu3-dCX0AADLlk.jpg","url":"https://t.co/LNU8AuRuX9","display_url":"pic.twitter.com/LNU8AuRuX9","expanded_url":"https://twitter.com/chicobarney/status/1084162437052534786/photo/1","type":"photo","sizes":{"medium":{"w":900,"h":1200,"resize":"fit"},"thumb":{"w":150,"h":150,"resize":"crop"},"large":{"w":1536,"h":2048,"resize":"fit"},"small":{"w":510,"h":680,"resize":"fit"}},"source_status_id":1084162437052534800,"source_status_id_str":"1084162437052534786","source_user_id":10683412,"source_user_id_str":"10683412"}]},"extended_entities":{"media":[{"id":1084162418887086100,"id_str":"1084162418887086080","indices":[54,77],"media_url":"http://pbs.twimg.com/media/Dwu3-dCX0AADLlk.jpg","media_url_https":"https://pbs.twimg.com/media/Dwu3-dCX0AADLlk.jpg","url":"https://t.co/LNU8AuRuX9","display_url":"pic.twitter.com/LNU8AuRuX9","expanded_url":"https://twitter.com/chicobarney/status/1084162437052534786/photo/1","type":"photo","sizes":{"medium":{"w":900,"h":1200,"resize":"fit"},"thumb":{"w":150,"h":150,"resize":"crop"},"large":{"w":1536,"h":2048,"resize":"fit"},"small":{"w":510,"h":680,"resize":"fit"}},"source_status_id":1084162437052534800,"source_status_id_str":"1084162437052534786","source_user_id":10683412,"source_user_id_str":"10683412"}]},"favorited":false,"retweeted":false,"possibly_sensitive":false,"filter_level":"low","lang":"pt","matching_rules":[{"tag":null}]}