{"created_at":"Sun Jan 13 21:41:30 +0000 2019","id":1084566131304816600,"id_str":"1084566131304816640","text":"Gloria groove presidente de Osasco 🖤 https://t.co/OI3QtpqAoA","display_text_range":[0,36],"source":"<a href=\"http://twitter.com/download/iphone\" rel=\"nofollow\">Twitter for iPhone</a>","truncated":false,"in_reply_to_status_id":null,"in_reply_to_status_id_str":null,"in_reply_to_user_id":null,"in_reply_to_user_id_str":null,"in_reply_to_screen_name":null,"user":{"id":57122745,"id_str":"57122745","name":"Carol Antifa {divaloper} ⚡️","screen_name":"carolcode","location":"Sao Paulo, Brazil","url":null,"description":"Front End dev, instructor, speaker, diversity and inclusion  activist in tech. Podcaster @LovelacePodcast. Security and privacy are powerful. Open source fan.","translator_type":"none","protected":false,"verified":false,"followers_count":6332,"friends_count":467,"listed_count":66,"favourites_count":26142,"statuses_count":11343,"created_at":"Wed Jul 15 20:11:41 +0000 2009","utc_offset":null,"time_zone":null,"geo_enabled":true,"lang":"pt","contributors_enabled":false,"is_translator":false,"profile_background_color":"ABB8C2","profile_background_image_url":"http://abs.twimg.com/images/themes/theme14/bg.gif","profile_background_image_url_https":"https://abs.twimg.com/images/themes/theme14/bg.gif","profile_background_tile":false,"profile_link_color":"ABB8C2","profile_sidebar_border_color":"000000","profile_sidebar_fill_color":"000000","profile_text_color":"000000","profile_use_background_image":false,"profile_image_url":"http://pbs.twimg.com/profile_images/1093461603788439552/H_25o1Jd_normal.jpg","profile_image_url_https":"https://pbs.twimg.com/profile_images/1093461603788439552/H_25o1Jd_normal.jpg","profile_banner_url":"https://pbs.twimg.com/profile_banners/57122745/1537363767","default_profile":false,"default_profile_image":false,"following":null,"follow_request_sent":null,"notifications":null},"geo":null,"coordinates":null,"place":null,"contributors":null,"quoted_status_id":1084217180705706000,"quoted_status_id_str":"1084217180705705985","quoted_status":{"created_at":"Sat Jan 12 22:34:54 +0000 2019","id":1084217180705706000,"id_str":"1084217180705705985","text":"a gloria groove pisando forte no nego do borel \n https://t.co/pOA7PemoQQ","source":"<a href=\"http://twitter.com/download/iphone\" rel=\"nofollow\">Twitter for iPhone</a>","truncated":false,"in_reply_to_status_id":null,"in_reply_to_status_id_str":null,"in_reply_to_user_id":null,"in_reply_to_user_id_str":null,"in_reply_to_screen_name":null,"user":{"id":3393208217,"id_str":"3393208217","name":"xerox rolmes","screen_name":"gioteo_","location":"São Paulo","url":"https://www.instagram.com/gioteodor/","description":"naomi não fez nada de errado","translator_type":"none","protected":false,"verified":false,"followers_count":17897,"friends_count":10064,"listed_count":175,"favourites_count":137147,"statuses_count":24498,"created_at":"Wed Jul 29 04:17:47 +0000 2015","utc_offset":null,"time_zone":null,"geo_enabled":true,"lang":"pt","contributors_enabled":false,"is_translator":false,"profile_background_color":"C0DEED","profile_background_image_url":"http://abs.twimg.com/images/themes/theme1/bg.png","profile_background_image_url_https":"https://abs.twimg.com/images/themes/theme1/bg.png","profile_background_tile":false,"profile_link_color":"1DA1F2","profile_sidebar_border_color":"C0DEED","profile_sidebar_fill_color":"DDEEF6","profile_text_color":"333333","profile_use_background_image":true,"profile_image_url":"http://pbs.twimg.com/profile_images/1056684562129018880/m5A0akNI_normal.jpg","profile_image_url_https":"https://pbs.twimg.com/profile_images/1056684562129018880/m5A0akNI_normal.jpg","profile_banner_url":"https://pbs.twimg.com/profile_banners/3393208217/1549808276","default_profile":true,"default_profile_image":false,"following":null,"follow_request_sent":null,"notifications":null},"geo":null,"coordinates":null,"place":null,"contributors":null,"is_quote_status":false,"quote_count":0,"reply_count":115,"retweet_count":5599,"favorite_count":18925,"entities":{"hashtags":[],"urls":[],"user_mentions":[],"symbols":[],"media":[{"id":1084214909485883400,"id_str":"1084214909485883397","indices":[49,72],"additional_media_info":{"monetizable":false},"media_url":"http://pbs.twimg.com/ext_tw_video_thumb/1084214909485883397/pu/img/Ld0B3yuALk4PYwSX.jpg","media_url_https":"https://pbs.twimg.com/ext_tw_video_thumb/1084214909485883397/pu/img/Ld0B3yuALk4PYwSX.jpg","url":"https://t.co/pOA7PemoQQ","display_url":"pic.twitter.com/pOA7PemoQQ","expanded_url":"https://twitter.com/gabwzp/status/1084215188100923392/video/1","type":"photo","sizes":{"thumb":{"w":150,"h":150,"resize":"crop"},"small":{"w":383,"h":680,"resize":"fit"},"large":{"w":720,"h":1280,"resize":"fit"},"medium":{"w":675,"h":1200,"resize":"fit"}},"source_status_id":1084215188100923400,"source_status_id_str":"1084215188100923392","source_user_id":990259222981042200,"source_user_id_str":"990259222981042177"}]},"extended_entities":{"media":[{"id":1084214909485883400,"id_str":"1084214909485883397","indices":[49,72],"additional_media_info":{"monetizable":false},"media_url":"http://pbs.twimg.com/ext_tw_video_thumb/1084214909485883397/pu/img/Ld0B3yuALk4PYwSX.jpg","media_url_https":"https://pbs.twimg.com/ext_tw_video_thumb/1084214909485883397/pu/img/Ld0B3yuALk4PYwSX.jpg","url":"https://t.co/pOA7PemoQQ","display_url":"pic.twitter.com/pOA7PemoQQ","expanded_url":"https://twitter.com/gabwzp/status/1084215188100923392/video/1","type":"video","video_info":{"aspect_ratio":[9,16],"duration_millis":27468,"variants":[{"bitrate":632000,"content_type":"video/mp4","url":"https://video.twimg.com/ext_tw_video/1084214909485883397/pu/vid/320x568/Y7LUfrXQUfLgy0YX.mp4?tag=6"},{"bitrate":832000,"content_type":"video/mp4","url":"https://video.twimg.com/ext_tw_video/1084214909485883397/pu/vid/360x640/Th4nnWCeJ2wb2_AB.mp4?tag=6"},{"bitrate":2176000,"content_type":"video/mp4","url":"https://video.twimg.com/ext_tw_video/1084214909485883397/pu/vid/720x1280/s7As0iSQApAasvpF.mp4?tag=6"},{"content_type":"application/x-mpegURL","url":"https://video.twimg.com/ext_tw_video/1084214909485883397/pu/pl/30OHVC14fKAtHIIF.m3u8?tag=6"}]},"sizes":{"thumb":{"w":150,"h":150,"resize":"crop"},"small":{"w":383,"h":680,"resize":"fit"},"large":{"w":720,"h":1280,"resize":"fit"},"medium":{"w":675,"h":1200,"resize":"fit"}},"source_status_id":1084215188100923400,"source_status_id_str":"1084215188100923392","source_user_id":990259222981042200,"source_user_id_str":"990259222981042177"}]},"favorited":false,"retweeted":false,"possibly_sensitive":true,"filter_level":"low","lang":"pt"},"quoted_status_permalink":{"url":"https://t.co/OI3QtpqAoA","expanded":"https://twitter.com/gioteo_/status/1084217180705705985","display":"twitter.com/gioteo_/status…"},"is_quote_status":true,"quote_count":0,"reply_count":0,"retweet_count":0,"favorite_count":4,"entities":{"hashtags":[],"urls":[{"url":"https://t.co/OI3QtpqAoA","expanded_url":"https://twitter.com/gioteo_/status/1084217180705705985","display_url":"twitter.com/gioteo_/status…","indices":[37,60]}],"user_mentions":[],"symbols":[]},"favorited":false,"retweeted":false,"possibly_sensitive":false,"filter_level":"low","lang":"pt","matching_rules":[{"tag":null}]}