{"created_at":"Mon Jan 14 01:02:38 +0000 2019","id":1084616749411196900,"id_str":"1084616749411196928","text":"já cliquei comprar aqui, agora quero ver me matarem no online! https://t.co/08MFw2QphP","display_text_range":[0,62],"source":"<a href=\"http://twitter.com\" rel=\"nofollow\">Twitter Web Client</a>","truncated":false,"in_reply_to_status_id":null,"in_reply_to_status_id_str":null,"in_reply_to_user_id":null,"in_reply_to_user_id_str":null,"in_reply_to_screen_name":null,"user":{"id":572,"id_str":"572","name":"crisdias","screen_name":"crisdias","location":"São Paulo, Brasil","url":"http://www.boanoiteinternet.com.br/","description":"Um guerreirinho","translator_type":"none","protected":false,"verified":false,"followers_count":124070,"friends_count":895,"listed_count":1069,"favourites_count":34027,"statuses_count":59431,"created_at":"Thu Jul 13 00:33:22 +0000 2006","utc_offset":null,"time_zone":null,"geo_enabled":true,"lang":"pt","contributors_enabled":false,"is_translator":false,"profile_background_color":"FFFFFF","profile_background_image_url":"http://abs.twimg.com/images/themes/theme1/bg.png","profile_background_image_url_https":"https://abs.twimg.com/images/themes/theme1/bg.png","profile_background_tile":true,"profile_link_color":"447111","profile_sidebar_border_color":"FFFFFF","profile_sidebar_fill_color":"DADADA","profile_text_color":"000000","profile_use_background_image":true,"profile_image_url":"http://pbs.twimg.com/profile_images/1090569309120856065/UjDOB3rS_normal.jpg","profile_image_url_https":"https://pbs.twimg.com/profile_images/1090569309120856065/UjDOB3rS_normal.jpg","profile_banner_url":"https://pbs.twimg.com/profile_banners/572/1544732378","default_profile":false,"default_profile_image":false,"following":null,"follow_request_sent":null,"notifications":null},"geo":null,"coordinates":null,"place":null,"contributors":null,"quoted_status_id":1084241616540454900,"quoted_status_id_str":"1084241616540454912","quoted_status":{"created_at":"Sun Jan 13 00:12:00 +0000 2019","id":1084241616540454900,"id_str":"1084241616540454912","text":"https://t.co/oXbztOHb1j","display_text_range":[0,0],"source":"<a href=\"https://about.twitter.com/products/tweetdeck\" rel=\"nofollow\">TweetDeck</a>","truncated":false,"in_reply_to_status_id":null,"in_reply_to_status_id_str":null,"in_reply_to_user_id":null,"in_reply_to_user_id_str":null,"in_reply_to_screen_name":null,"user":{"id":4774583973,"id_str":"4774583973","name":"O Brasil Que Deu Certo","screen_name":"OBQDC","location":"Brasil","url":"http://bit.ly/obqdc","description":"Feito por @cirohamen e @matheuslaneri\n\nContato profissional: obrasilquedeucerto@gmail.com","translator_type":"none","protected":false,"verified":false,"followers_count":189976,"friends_count":380,"listed_count":678,"favourites_count":2254,"statuses_count":14283,"created_at":"Mon Jan 11 13:42:44 +0000 2016","utc_offset":null,"time_zone":null,"geo_enabled":true,"lang":"pt","contributors_enabled":false,"is_translator":false,"profile_background_color":"FFF04D","profile_background_image_url":"http://abs.twimg.com/images/themes/theme1/bg.png","profile_background_image_url_https":"https://abs.twimg.com/images/themes/theme1/bg.png","profile_background_tile":true,"profile_link_color":"19CF86","profile_sidebar_border_color":"000000","profile_sidebar_fill_color":"000000","profile_text_color":"000000","profile_use_background_image":true,"profile_image_url":"http://pbs.twimg.com/profile_images/686544359710392320/tVfIszbU_normal.jpg","profile_image_url_https":"https://pbs.twimg.com/profile_images/686544359710392320/tVfIszbU_normal.jpg","profile_banner_url":"https://pbs.twimg.com/profile_banners/4774583973/1531922554","default_profile":false,"default_profile_image":false,"following":null,"follow_request_sent":null,"notifications":null},"geo":null,"coordinates":null,"place":null,"contributors":null,"is_quote_status":false,"quote_count":0,"reply_count":33,"retweet_count":618,"favorite_count":1960,"entities":{"hashtags":[],"urls":[],"user_mentions":[],"symbols":[],"media":[{"id":1083515747928817700,"id_str":"1083515747928817664","indices":[0,23],"media_url":"http://pbs.twimg.com/media/Dwlr1P_WwAAXFCg.jpg","media_url_https":"https://pbs.twimg.com/media/Dwlr1P_WwAAXFCg.jpg","url":"https://t.co/oXbztOHb1j","display_url":"pic.twitter.com/oXbztOHb1j","expanded_url":"https://twitter.com/OBQDC/status/1084241616540454912/photo/1","type":"photo","sizes":{"thumb":{"w":150,"h":150,"resize":"crop"},"small":{"w":397,"h":680,"resize":"fit"},"large":{"w":540,"h":924,"resize":"fit"},"medium":{"w":540,"h":924,"resize":"fit"}}}]},"extended_entities":{"media":[{"id":1083515747928817700,"id_str":"1083515747928817664","indices":[0,23],"media_url":"http://pbs.twimg.com/media/Dwlr1P_WwAAXFCg.jpg","media_url_https":"https://pbs.twimg.com/media/Dwlr1P_WwAAXFCg.jpg","url":"https://t.co/oXbztOHb1j","display_url":"pic.twitter.com/oXbztOHb1j","expanded_url":"https://twitter.com/OBQDC/status/1084241616540454912/photo/1","type":"photo","sizes":{"thumb":{"w":150,"h":150,"resize":"crop"},"small":{"w":397,"h":680,"resize":"fit"},"large":{"w":540,"h":924,"resize":"fit"},"medium":{"w":540,"h":924,"resize":"fit"}}}]},"favorited":false,"retweeted":false,"possibly_sensitive":false,"filter_level":"low","lang":"und"},"quoted_status_permalink":{"url":"https://t.co/08MFw2QphP","expanded":"https://twitter.com/OBQDC/status/1084241616540454912","display":"twitter.com/OBQDC/status/1…"},"is_quote_status":true,"quote_count":0,"reply_count":7,"retweet_count":5,"favorite_count":88,"entities":{"hashtags":[],"urls":[{"url":"https://t.co/08MFw2QphP","expanded_url":"https://twitter.com/OBQDC/status/1084241616540454912","display_url":"twitter.com/OBQDC/status/1…","indices":[63,86]}],"user_mentions":[],"symbols":[]},"favorited":false,"retweeted":false,"possibly_sensitive":false,"filter_level":"low","lang":"pt","matching_rules":[{"tag":null}]}