{"created_at":"Sun Jan 13 16:59:19 +0000 2019","id":1084495115111092200,"id_str":"1084495115111092224","text":"RT @marcogomes: \"Autocratas amam emergências\" (para subverter a democracia com suposta legitimidade). O ditador Getúlio Vargas é citado com…","source":"<a href=\"http://twitter.com\" rel=\"nofollow\">Twitter Web Client</a>","truncated":false,"in_reply_to_status_id":null,"in_reply_to_status_id_str":null,"in_reply_to_user_id":null,"in_reply_to_user_id_str":null,"in_reply_to_screen_name":null,"user":{"id":572,"id_str":"572","name":"crisdias","screen_name":"crisdias","location":"São Paulo, Brasil","url":"http://www.boanoiteinternet.com.br/","description":"Um guerreirinho","translator_type":"none","protected":false,"verified":false,"followers_count":124070,"friends_count":895,"listed_count":1069,"favourites_count":34027,"statuses_count":59431,"created_at":"Thu Jul 13 00:33:22 +0000 2006","utc_offset":null,"time_zone":null,"geo_enabled":true,"lang":"pt","contributors_enabled":false,"is_translator":false,"profile_background_color":"FFFFFF","profile_background_image_url":"http://abs.twimg.com/images/themes/theme1/bg.png","profile_background_image_url_https":"https://abs.twimg.com/images/themes/theme1/bg.png","profile_background_tile":true,"profile_link_color":"447111","profile_sidebar_border_color":"FFFFFF","profile_sidebar_fill_color":"DADADA","profile_text_color":"000000","profile_use_background_image":true,"profile_image_url":"http://pbs.twimg.com/profile_images/1090569309120856065/UjDOB3rS_normal.jpg","profile_image_url_https":"https://pbs.twimg.com/profile_images/1090569309120856065/UjDOB3rS_normal.jpg","profile_banner_url":"https://pbs.twimg.com/profile_banners/572/1544732378","default_profile":false,"default_profile_image":false,"following":null,"follow_request_sent":null,"notifications":null},"geo":null,"coordinates":null,"place":null,"contributors":null,"retweeted_status":{"created_at":"Sun Jan 13 16:57:00 +0000 2019","id":1084494533558239200,"id_str":"1084494533558239232","text":"\"Autocratas amam emergências\" (para subverter a democracia com suposta legitimidade). O ditador Getúlio Vargas é ci… https://t.co/dA7XCW2Npg","display_text_range":[0,140],"source":"<a href=\"http://twitter.com/download/iphone\" rel=\"nofollow\">Twitter for iPhone</a>","truncated":true,"in_reply_to_status_id":null,"in_reply_to_status_id_str":null,"in_reply_to_user_id":null,"in_reply_to_user_id_str":null,"in_reply_to_screen_name":null,"user":{"id":1629241,"id_str":"1629241","name":"Marco Gomes","screen_name":"marcogomes","location":"New York, NY","url":"http://marcogomes.com","description":"Trabalho com data science em NY. Cresci no Gama, periferia do DF. Em SP fundei 2 startups, 1 foi vendida. Consigliere do Jovem Nerd; casado; ciclista; viajante.","translator_type":"none","protected":false,"verified":true,"followers_count":99896,"friends_count":2462,"listed_count":1400,"favourites_count":1925,"statuses_count":182587,"created_at":"Tue Mar 20 13:59:31 +0000 2007","utc_offset":null,"time_zone":null,"geo_enabled":true,"lang":"pt","contributors_enabled":false,"is_translator":false,"profile_background_color":"000000","profile_background_image_url":"http://abs.twimg.com/images/themes/theme1/bg.png","profile_background_image_url_https":"https://abs.twimg.com/images/themes/theme1/bg.png","profile_background_tile":true,"profile_link_color":"0000FF","profile_sidebar_border_color":"000000","profile_sidebar_fill_color":"FFFFFF","profile_text_color":"000000","profile_use_background_image":true,"profile_image_url":"http://pbs.twimg.com/profile_images/1060873989957083136/TQiJ9j2A_normal.jpg","profile_image_url_https":"https://pbs.twimg.com/profile_images/1060873989957083136/TQiJ9j2A_normal.jpg","profile_banner_url":"https://pbs.twimg.com/profile_banners/1629241/1527186008","default_profile":false,"default_profile_image":false,"following":null,"follow_request_sent":null,"notifications":null},"geo":null,"coordinates":null,"place":{"id":"01a9a39529b27f36","url":"https://api.twitter.com/1.1/geo/id/01a9a39529b27f36.json","place_type":"city","name":"Manhattan","full_name":"Manhattan, NY","country_code":"US","country":"United States","bounding_box":{"type":"Polygon","coordinates":[[[-74.026675,40.683935],[-74.026675,40.877483],[-73.910408,40.877483],[-73.910408,40.683935]]]},"attributes":{}},"contributors":null,"is_quote_status":false,"extended_tweet":{"full_text":"\"Autocratas amam emergências\" (para subverter a democracia com suposta legitimidade). O ditador Getúlio Vargas é citado como mau-exemplo logo no início deste artigo dos autores de \"Como as Democracias Morrem\", Steven Levitsky e Daniel Ziblatt, no @nytimes de hoje. https://t.co/jS3SoFr2Va","display_text_range":[0,264],"entities":{"hashtags":[],"urls":[],"user_mentions":[{"screen_name":"nytimes","name":"The New York Times","id":807095,"id_str":"807095","indices":[247,255]}],"symbols":[],"media":[{"id":1084494519733833700,"id_str":"1084494519733833729","indices":[265,288],"media_url":"http://pbs.twimg.com/media/DwzmBRGX0AEN_BY.jpg","media_url_https":"https://pbs.twimg.com/media/DwzmBRGX0AEN_BY.jpg","url":"https://t.co/jS3SoFr2Va","display_url":"pic.twitter.com/jS3SoFr2Va","expanded_url":"https://twitter.com/marcogomes/status/1084494533558239232/photo/1","type":"photo","sizes":{"small":{"w":680,"h":680,"resize":"fit"},"thumb":{"w":150,"h":150,"resize":"crop"},"large":{"w":2048,"h":2048,"resize":"fit"},"medium":{"w":1200,"h":1200,"resize":"fit"}}},{"id":1084494519763173400,"id_str":"1084494519763173376","indices":[265,288],"media_url":"http://pbs.twimg.com/media/DwzmBRNXgAA6_2I.jpg","media_url_https":"https://pbs.twimg.com/media/DwzmBRNXgAA6_2I.jpg","url":"https://t.co/jS3SoFr2Va","display_url":"pic.twitter.com/jS3SoFr2Va","expanded_url":"https://twitter.com/marcogomes/status/1084494533558239232/photo/1","type":"photo","sizes":{"thumb":{"w":150,"h":150,"resize":"crop"},"large":{"w":2048,"h":2048,"resize":"fit"},"medium":{"w":1200,"h":1200,"resize":"fit"},"small":{"w":680,"h":680,"resize":"fit"}}},{"id":1084494519771545600,"id_str":"1084494519771545600","indices":[265,288],"media_url":"http://pbs.twimg.com/media/DwzmBRPXQAAcUzg.jpg","media_url_https":"https://pbs.twimg.com/media/DwzmBRPXQAAcUzg.jpg","url":"https://t.co/jS3SoFr2Va","display_url":"pic.twitter.com/jS3SoFr2Va","expanded_url":"https://twitter.com/marcogomes/status/1084494533558239232/photo/1","type":"photo","sizes":{"medium":{"w":1200,"h":1200,"resize":"fit"},"thumb":{"w":150,"h":150,"resize":"crop"},"small":{"w":680,"h":680,"resize":"fit"},"large":{"w":2048,"h":2048,"resize":"fit"}}},{"id":1084494519821877200,"id_str":"1084494519821877249","indices":[265,288],"media_url":"http://pbs.twimg.com/media/DwzmBRbXQAEc_W-.jpg","media_url_https":"https://pbs.twimg.com/media/DwzmBRbXQAEc_W-.jpg","url":"https://t.co/jS3SoFr2Va","display_url":"pic.twitter.com/jS3SoFr2Va","expanded_url":"https://twitter.com/marcogomes/status/1084494533558239232/photo/1","type":"photo","sizes":{"thumb":{"w":150,"h":150,"resize":"crop"},"medium":{"w":1200,"h":1200,"resize":"fit"},"large":{"w":2048,"h":2048,"resize":"fit"},"small":{"w":680,"h":680,"resize":"fit"}}}]},"extended_entities":{"media":[{"id":1084494519733833700,"id_str":"1084494519733833729","indices":[265,288],"media_url":"http://pbs.twimg.com/media/DwzmBRGX0AEN_BY.jpg","media_url_https":"https://pbs.twimg.com/media/DwzmBRGX0AEN_BY.jpg","url":"https://t.co/jS3SoFr2Va","display_url":"pic.twitter.com/jS3SoFr2Va","expanded_url":"https://twitter.com/marcogomes/status/1084494533558239232/photo/1","type":"photo","sizes":{"small":{"w":680,"h":680,"resize":"fit"},"thumb":{"w":150,"h":150,"resize":"crop"},"large":{"w":2048,"h":2048,"resize":"fit"},"medium":{"w":1200,"h":1200,"resize":"fit"}}},{"id":1084494519763173400,"id_str":"1084494519763173376","indices":[265,288],"media_url":"http://pbs.twimg.com/media/DwzmBRNXgAA6_2I.jpg","media_url_https":"https://pbs.twimg.com/media/DwzmBRNXgAA6_2I.jpg","url":"https://t.co/jS3SoFr2Va","display_url":"pic.twitter.com/jS3SoFr2Va","expanded_url":"https://twitter.com/marcogomes/status/1084494533558239232/photo/1","type":"photo","sizes":{"thumb":{"w":150,"h":150,"resize":"crop"},"large":{"w":2048,"h":2048,"resize":"fit"},"medium":{"w":1200,"h":1200,"resize":"fit"},"small":{"w":680,"h":680,"resize":"fit"}}},{"id":1084494519771545600,"id_str":"1084494519771545600","indices":[265,288],"media_url":"http://pbs.twimg.com/media/DwzmBRPXQAAcUzg.jpg","media_url_https":"https://pbs.twimg.com/media/DwzmBRPXQAAcUzg.jpg","url":"https://t.co/jS3SoFr2Va","display_url":"pic.twitter.com/jS3SoFr2Va","expanded_url":"https://twitter.com/marcogomes/status/1084494533558239232/photo/1","type":"photo","sizes":{"medium":{"w":1200,"h":1200,"resize":"fit"},"thumb":{"w":150,"h":150,"resize":"crop"},"small":{"w":680,"h":680,"resize":"fit"},"large":{"w":2048,"h":2048,"resize":"fit"}}},{"id":1084494519821877200,"id_str":"1084494519821877249","indices":[265,288],"media_url":"http://pbs.twimg.com/media/DwzmBRbXQAEc_W-.jpg","media_url_https":"https://pbs.twimg.com/media/DwzmBRbXQAEc_W-.jpg","url":"https://t.co/jS3SoFr2Va","display_url":"pic.twitter.com/jS3SoFr2Va","expanded_url":"https://twitter.com/marcogomes/status/1084494533558239232/photo/1","type":"photo","sizes":{"thumb":{"w":150,"h":150,"resize":"crop"},"medium":{"w":1200,"h":1200,"resize":"fit"},"large":{"w":2048,"h":2048,"resize":"fit"},"small":{"w":680,"h":680,"resize":"fit"}}}]}},"quote_count":0,"reply_count":3,"retweet_count":7,"favorite_count":64,"entities":{"hashtags":[],"urls":[{"url":"https://t.co/dA7XCW2Npg","expanded_url":"https://twitter.com/i/web/status/1084494533558239232","display_url":"twitter.com/i/web/status/1…","indices":[117,140]}],"user_mentions":[],"symbols":[]},"favorited":false,"retweeted":false,"possibly_sensitive":false,"filter_level":"low","lang":"pt"},"is_quote_status":false,"quote_count":0,"reply_count":0,"retweet_count":0,"favorite_count":0,"entities":{"hashtags":[],"urls":[],"user_mentions":[{"screen_name":"marcogomes","name":"Marco Gomes","id":1629241,"id_str":"1629241","indices":[3,14]}],"symbols":[]},"favorited":false,"retweeted":false,"filter_level":"low","lang":"pt","matching_rules":[{"tag":null}]}