{"created_at":"Sat Jan 12 14:21:50 +0000 2019","id":1084093095384354800,"id_str":"1084093095384354816","text":"RT @Normose_: @startupdareal Quando você paga 40 mil por uma mentoria, a primeira coisa que ensinam é: \"não pague 40 mil por uma mentoria?\"…","source":"<a href=\"http://twitter.com/download/iphone\" rel=\"nofollow\">Twitter for iPhone</a>","truncated":false,"in_reply_to_status_id":null,"in_reply_to_status_id_str":null,"in_reply_to_user_id":null,"in_reply_to_user_id_str":null,"in_reply_to_screen_name":null,"user":{"id":932675351913926700,"id_str":"932675351913926656","name":"Startupdareal","screen_name":"startupdareal","location":"San Francisco, CA","url":"https://medium.com/startup-da-real","description":"#1 lugar livro de empreendedorismo mais vendido na Amazon, com \"Este livro não vai te deixar rico\"","translator_type":"none","protected":false,"verified":false,"followers_count":25857,"friends_count":176,"listed_count":113,"favourites_count":20540,"statuses_count":18075,"created_at":"Mon Nov 20 18:21:46 +0000 2017","utc_offset":null,"time_zone":null,"geo_enabled":true,"lang":"en","contributors_enabled":false,"is_translator":false,"profile_background_color":"000000","profile_background_image_url":"http://abs.twimg.com/images/themes/theme1/bg.png","profile_background_image_url_https":"https://abs.twimg.com/images/themes/theme1/bg.png","profile_background_tile":false,"profile_link_color":"FAB81E","profile_sidebar_border_color":"000000","profile_sidebar_fill_color":"000000","profile_text_color":"000000","profile_use_background_image":false,"profile_image_url":"http://pbs.twimg.com/profile_images/932680310336180226/PXZJpu93_normal.jpg","profile_image_url_https":"https://pbs.twimg.com/profile_images/932680310336180226/PXZJpu93_normal.jpg","profile_banner_url":"https://pbs.twimg.com/profile_banners/932675351913926656/1511203272","default_profile":false,"default_profile_image":false,"following":null,"follow_request_sent":null,"notifications":null},"geo":null,"coordinates":null,"place":null,"contributors":null,"retweeted_status":{"created_at":"Sat Jan 12 14:21:09 +0000 2019","id":1084092925703848000,"id_str":"1084092925703847936","text":"@startupdareal Quando você paga 40 mil por uma mentoria, a primeira coisa que ensinam é: \"não pague 40 mil por uma… https://t.co/HpjVKNl7J9","display_text_range":[15,140],"source":"<a href=\"http://twitter.com\" rel=\"nofollow\">Twitter Web Client</a>","truncated":true,"in_reply_to_status_id":1084053805224869900,"in_reply_to_status_id_str":"1084053805224869888","in_reply_to_user_id":932675351913926700,"in_reply_to_user_id_str":"932675351913926656","in_reply_to_screen_name":"startupdareal","user":{"id":827288700501508100,"id_str":"827288700501508096","name":"NORMOSE","screen_name":"Normose_","location":"Brasil","url":null,"description":"NORMOSE é Youtube: História, Filosofia, Divulgação Científica, Autoconhecimento, e anti-proibicionismo! Sempre 11h ou 13hInscreva-se! https://goo.gl/AaDRvA","translator_type":"none","protected":false,"verified":false,"followers_count":11517,"friends_count":1115,"listed_count":20,"favourites_count":3830,"statuses_count":3568,"created_at":"Thu Feb 02 22:52:51 +0000 2017","utc_offset":null,"time_zone":null,"geo_enabled":false,"lang":"pt","contributors_enabled":false,"is_translator":false,"profile_background_color":"000000","profile_background_image_url":"http://abs.twimg.com/images/themes/theme1/bg.png","profile_background_image_url_https":"https://abs.twimg.com/images/themes/theme1/bg.png","profile_background_tile":false,"profile_link_color":"ABB8C2","profile_sidebar_border_color":"000000","profile_sidebar_fill_color":"000000","profile_text_color":"000000","profile_use_background_image":false,"profile_image_url":"http://pbs.twimg.com/profile_images/1082768458792742914/QMjQbmmo_normal.jpg","profile_image_url_https":"https://pbs.twimg.com/profile_images/1082768458792742914/QMjQbmmo_normal.jpg","profile_banner_url":"https://pbs.twimg.com/profile_banners/827288700501508096/1546986942","default_profile":false,"default_profile_image":false,"following":null,"follow_request_sent":null,"notifications":null},"geo":null,"coordinates":null,"place":null,"contributors":null,"is_quote_status":false,"extended_tweet":{"full_text":"@startupdareal Quando você paga 40 mil por uma mentoria, a primeira coisa que ensinam é: \"não pague 40 mil por uma mentoria?\" \npor que se não, é cilada, rs","display_text_range":[15,155],"entities":{"hashtags":[],"urls":[],"user_mentions":[{"screen_name":"startupdareal","name":"Startupdareal","id":932675351913926700,"id_str":"932675351913926656","indices":[0,14]}],"symbols":[]}},"quote_count":0,"reply_count":0,"retweet_count":2,"favorite_count":88,"entities":{"hashtags":[],"urls":[{"url":"https://t.co/HpjVKNl7J9","expanded_url":"https://twitter.com/i/web/status/1084092925703847936","display_url":"twitter.com/i/web/status/1…","indices":[116,139]}],"user_mentions":[{"screen_name":"startupdareal","name":"Startupdareal","id":932675351913926700,"id_str":"932675351913926656","indices":[0,14]}],"symbols":[]},"favorited":false,"retweeted":false,"filter_level":"low","lang":"pt"},"is_quote_status":false,"quote_count":0,"reply_count":0,"retweet_count":0,"favorite_count":0,"entities":{"hashtags":[],"urls":[],"user_mentions":[{"screen_name":"Normose_","name":"NORMOSE","id":827288700501508100,"id_str":"827288700501508096","indices":[3,12]},{"screen_name":"startupdareal","name":"Startupdareal","id":932675351913926700,"id_str":"932675351913926656","indices":[14,28]}],"symbols":[]},"favorited":false,"retweeted":false,"filter_level":"low","lang":"pt","matching_rules":[{"tag":null}]}