{"created_at":"Sun Jan 13 23:47:44 +0000 2019","id":1084597898082435100,"id_str":"1084597898082435072","text":"@felipemrez @quadroembranco Vídeo incrível, mas meu problema no autotune não é o uso de finalização. Não acho també… https://t.co/iiJhh3Clc7","display_text_range":[28,140],"source":"<a href=\"http://twitter.com\" rel=\"nofollow\">Twitter Web Client</a>","truncated":true,"in_reply_to_status_id":1084594884307271700,"in_reply_to_status_id_str":"1084594884307271682","in_reply_to_user_id":1056573777692246000,"in_reply_to_user_id_str":"1056573777692246016","in_reply_to_screen_name":"felipemrez","user":{"id":932675351913926700,"id_str":"932675351913926656","name":"Startupdareal","screen_name":"startupdareal","location":"San Francisco, CA","url":"https://medium.com/startup-da-real","description":"#1 lugar livro de empreendedorismo mais vendido na Amazon, com \"Este livro não vai te deixar rico\"","translator_type":"none","protected":false,"verified":false,"followers_count":25857,"friends_count":176,"listed_count":113,"favourites_count":20540,"statuses_count":18075,"created_at":"Mon Nov 20 18:21:46 +0000 2017","utc_offset":null,"time_zone":null,"geo_enabled":true,"lang":"en","contributors_enabled":false,"is_translator":false,"profile_background_color":"000000","profile_background_image_url":"http://abs.twimg.com/images/themes/theme1/bg.png","profile_background_image_url_https":"https://abs.twimg.com/images/themes/theme1/bg.png","profile_background_tile":false,"profile_link_color":"FAB81E","profile_sidebar_border_color":"000000","profile_sidebar_fill_color":"000000","profile_text_color":"000000","profile_use_background_image":false,"profile_image_url":"http://pbs.twimg.com/profile_images/932680310336180226/PXZJpu93_normal.jpg","profile_image_url_https":"https://pbs.twimg.com/profile_images/932680310336180226/PXZJpu93_normal.jpg","profile_banner_url":"https://pbs.twimg.com/profile_banners/932675351913926656/1511203272","default_profile":false,"default_profile_image":false,"following":null,"follow_request_sent":null,"notifications":null},"geo":null,"coordinates":null,"place":null,"contributors":null,"is_quote_status":false,"extended_tweet":{"full_text":"@felipemrez @quadroembranco Vídeo incrível, mas meu problema no autotune não é o uso de finalização. Não acho também que seja uma muleta. Froid, por exemplo, tem uma voz muito boa, mas em sons que usa o tune de forma exagerada as coisas ficam muito ruins.\n\nMinha crítica é mais a forma que está sendo usado.","display_text_range":[28,307],"entities":{"hashtags":[],"urls":[],"user_mentions":[{"screen_name":"felipemrez","name":"Felipe","id":1056573777692246000,"id_str":"1056573777692246016","indices":[0,11]},{"screen_name":"quadroembranco","name":"Quadro em Branco","id":2979201268,"id_str":"2979201268","indices":[12,27]}],"symbols":[]}},"quote_count":0,"reply_count":1,"retweet_count":0,"favorite_count":20,"entities":{"hashtags":[],"urls":[{"url":"https://t.co/iiJhh3Clc7","expanded_url":"https://twitter.com/i/web/status/1084597898082435072","display_url":"twitter.com/i/web/status/1…","indices":[117,140]}],"user_mentions":[{"screen_name":"felipemrez","name":"Felipe","id":1056573777692246000,"id_str":"1056573777692246016","indices":[0,11]},{"screen_name":"quadroembranco","name":"Quadro em Branco","id":2979201268,"id_str":"2979201268","indices":[12,27]}],"symbols":[]},"favorited":false,"retweeted":false,"filter_level":"low","lang":"pt","matching_rules":[{"tag":null}]}