{"created_at":"Sun Jan 13 18:27:20 +0000 2019","id":1084517265356324900,"id_str":"1084517265356324865","text":"Quero (e vou) dar like em todos os itens dessa lista https://t.co/GYZ5GTyoqD","display_text_range":[0,52],"source":"<a href=\"http://twitter.com/download/android\" rel=\"nofollow\">Twitter for Android</a>","truncated":false,"in_reply_to_status_id":null,"in_reply_to_status_id_str":null,"in_reply_to_user_id":null,"in_reply_to_user_id_str":null,"in_reply_to_screen_name":null,"user":{"id":572,"id_str":"572","name":"crisdias","screen_name":"crisdias","location":"São Paulo, Brasil","url":"http://www.boanoiteinternet.com.br/","description":"Um guerreirinho","translator_type":"none","protected":false,"verified":false,"followers_count":124070,"friends_count":895,"listed_count":1069,"favourites_count":34027,"statuses_count":59431,"created_at":"Thu Jul 13 00:33:22 +0000 2006","utc_offset":null,"time_zone":null,"geo_enabled":true,"lang":"pt","contributors_enabled":false,"is_translator":false,"profile_background_color":"FFFFFF","profile_background_image_url":"http://abs.twimg.com/images/themes/theme1/bg.png","profile_background_image_url_https":"https://abs.twimg.com/images/themes/theme1/bg.png","profile_background_tile":true,"profile_link_color":"447111","profile_sidebar_border_color":"FFFFFF","profile_sidebar_fill_color":"DADADA","profile_text_color":"000000","profile_use_background_image":true,"profile_image_url":"http://pbs.twimg.com/profile_images/1090569309120856065/UjDOB3rS_normal.jpg","profile_image_url_https":"https://pbs.twimg.com/profile_images/1090569309120856065/UjDOB3rS_normal.jpg","profile_banner_url":"https://pbs.twimg.com/profile_banners/572/1544732378","default_profile":false,"default_profile_image":false,"following":null,"follow_request_sent":null,"notifications":null},"geo":null,"coordinates":null,"place":null,"contributors":null,"quoted_status_id":1084230018010624000,"quoted_status_id_str":"1084230018010624002","quoted_status":{"created_at":"Sat Jan 12 23:25:54 +0000 2019","id":1084230018010624000,"id_str":"1084230018010624002","text":"Cada like um fato sobre o capitalismo que talvez você saiba, talvez não.\n\n… e eu tb não vou ficar correndo p/ alcan… https://t.co/S7cufDabDr","source":"<a href=\"http://twitter.com/download/iphone\" rel=\"nofollow\">Twitter for iPhone</a>","truncated":true,"in_reply_to_status_id":null,"in_reply_to_status_id_str":null,"in_reply_to_user_id":null,"in_reply_to_user_id_str":null,"in_reply_to_screen_name":null,"user":{"id":1629241,"id_str":"1629241","name":"Marco Gomes","screen_name":"marcogomes","location":"New York, NY","url":"http://marcogomes.com","description":"Trabalho com data science em NY. Cresci no Gama, periferia do DF. Em SP fundei 2 startups, 1 foi vendida. Consigliere do Jovem Nerd; casado; ciclista; viajante.","translator_type":"none","protected":false,"verified":true,"followers_count":99896,"friends_count":2462,"listed_count":1400,"favourites_count":1925,"statuses_count":182587,"created_at":"Tue Mar 20 13:59:31 +0000 2007","utc_offset":null,"time_zone":null,"geo_enabled":true,"lang":"pt","contributors_enabled":false,"is_translator":false,"profile_background_color":"000000","profile_background_image_url":"http://abs.twimg.com/images/themes/theme1/bg.png","profile_background_image_url_https":"https://abs.twimg.com/images/themes/theme1/bg.png","profile_background_tile":true,"profile_link_color":"0000FF","profile_sidebar_border_color":"000000","profile_sidebar_fill_color":"FFFFFF","profile_text_color":"000000","profile_use_background_image":true,"profile_image_url":"http://pbs.twimg.com/profile_images/1060873989957083136/TQiJ9j2A_normal.jpg","profile_image_url_https":"https://pbs.twimg.com/profile_images/1060873989957083136/TQiJ9j2A_normal.jpg","profile_banner_url":"https://pbs.twimg.com/profile_banners/1629241/1527186008","default_profile":false,"default_profile_image":false,"following":null,"follow_request_sent":null,"notifications":null},"geo":null,"coordinates":null,"place":{"id":"01a9a39529b27f36","url":"https://api.twitter.com/1.1/geo/id/01a9a39529b27f36.json","place_type":"city","name":"Manhattan","full_name":"Manhattan, NY","country_code":"US","country":"United States","bounding_box":{"type":"Polygon","coordinates":[[[-74.026675,40.683935],[-74.026675,40.877483],[-73.910408,40.877483],[-73.910408,40.683935]]]},"attributes":{}},"contributors":null,"is_quote_status":false,"extended_tweet":{"full_text":"Cada like um fato sobre o capitalismo que talvez você saiba, talvez não.\n\n… e eu tb não vou ficar correndo p/ alcançar se tiver like demais, ninguém tá me pagando mesmo.","display_text_range":[0,169],"entities":{"hashtags":[],"urls":[],"user_mentions":[],"symbols":[]}},"quote_count":0,"reply_count":24,"retweet_count":242,"favorite_count":2393,"entities":{"hashtags":[],"urls":[{"url":"https://t.co/S7cufDabDr","expanded_url":"https://twitter.com/i/web/status/1084230018010624002","display_url":"twitter.com/i/web/status/1…","indices":[117,140]}],"user_mentions":[],"symbols":[]},"favorited":false,"retweeted":false,"filter_level":"low","lang":"pt"},"quoted_status_permalink":{"url":"https://t.co/GYZ5GTyoqD","expanded":"https://twitter.com/marcogomes/status/1084230018010624002","display":"twitter.com/marcogomes/sta…"},"is_quote_status":true,"quote_count":0,"reply_count":0,"retweet_count":0,"favorite_count":12,"entities":{"hashtags":[],"urls":[{"url":"https://t.co/GYZ5GTyoqD","expanded_url":"https://twitter.com/marcogomes/status/1084230018010624002","display_url":"twitter.com/marcogomes/sta…","indices":[53,76]}],"user_mentions":[],"symbols":[]},"favorited":false,"retweeted":false,"possibly_sensitive":false,"filter_level":"low","lang":"pt","matching_rules":[{"tag":null}]}