{"created_at":"Sun Jan 13 14:14:31 +0000 2019","id":1084453642516734000,"id_str":"1084453642516733952","text":"“Comecei a trabalhar com 8 anos e olha como eu me tornei uma pessoa sem empatia e que fica senso retardada na inter… https://t.co/PIUFl3bdgD","display_text_range":[0,140],"source":"<a href=\"http://twitter.com/download/iphone\" rel=\"nofollow\">Twitter for iPhone</a>","truncated":true,"in_reply_to_status_id":null,"in_reply_to_status_id_str":null,"in_reply_to_user_id":null,"in_reply_to_user_id_str":null,"in_reply_to_screen_name":null,"user":{"id":932675351913926700,"id_str":"932675351913926656","name":"Startupdareal","screen_name":"startupdareal","location":"San Francisco, CA","url":"https://medium.com/startup-da-real","description":"#1 lugar livro de empreendedorismo mais vendido na Amazon, com \"Este livro não vai te deixar rico\"","translator_type":"none","protected":false,"verified":false,"followers_count":25857,"friends_count":176,"listed_count":113,"favourites_count":20540,"statuses_count":18075,"created_at":"Mon Nov 20 18:21:46 +0000 2017","utc_offset":null,"time_zone":null,"geo_enabled":true,"lang":"en","contributors_enabled":false,"is_translator":false,"profile_background_color":"000000","profile_background_image_url":"http://abs.twimg.com/images/themes/theme1/bg.png","profile_background_image_url_https":"https://abs.twimg.com/images/themes/theme1/bg.png","profile_background_tile":false,"profile_link_color":"FAB81E","profile_sidebar_border_color":"000000","profile_sidebar_fill_color":"000000","profile_text_color":"000000","profile_use_background_image":false,"profile_image_url":"http://pbs.twimg.com/profile_images/932680310336180226/PXZJpu93_normal.jpg","profile_image_url_https":"https://pbs.twimg.com/profile_images/932680310336180226/PXZJpu93_normal.jpg","profile_banner_url":"https://pbs.twimg.com/profile_banners/932675351913926656/1511203272","default_profile":false,"default_profile_image":false,"following":null,"follow_request_sent":null,"notifications":null},"geo":null,"coordinates":null,"place":null,"contributors":null,"quoted_status_id":1084449103159967700,"quoted_status_id_str":"1084449103159967744","quoted_status":{"created_at":"Sun Jan 13 13:56:28 +0000 2019","id":1084449103159967700,"id_str":"1084449103159967744","text":"@startupdareal só lembro de vc nessas horas https://t.co/D7kB7cQQBQ","display_text_range":[0,43],"source":"<a href=\"http://twitter.com/download/android\" rel=\"nofollow\">Twitter for Android</a>","truncated":false,"in_reply_to_status_id":null,"in_reply_to_status_id_str":null,"in_reply_to_user_id":932675351913926700,"in_reply_to_user_id_str":"932675351913926656","in_reply_to_screen_name":"startupdareal","user":{"id":429327774,"id_str":"429327774","name":"Treinado pela KGB","screen_name":"simaosguarezi","location":"Pindaíba","url":null,"description":"Treinado pela KGB em marxismo leninismo.\n\nEngenharia Elétrica UPF","translator_type":"none","protected":false,"verified":false,"followers_count":188,"friends_count":960,"listed_count":2,"favourites_count":29624,"statuses_count":10209,"created_at":"Mon Dec 05 20:55:24 +0000 2011","utc_offset":null,"time_zone":null,"geo_enabled":true,"lang":"pt","contributors_enabled":false,"is_translator":false,"profile_background_color":"000000","profile_background_image_url":"http://abs.twimg.com/images/themes/theme1/bg.png","profile_background_image_url_https":"https://abs.twimg.com/images/themes/theme1/bg.png","profile_background_tile":false,"profile_link_color":"00B330","profile_sidebar_border_color":"000000","profile_sidebar_fill_color":"000000","profile_text_color":"000000","profile_use_background_image":false,"profile_image_url":"http://pbs.twimg.com/profile_images/1078343583156109314/c4UGP9HB_normal.jpg","profile_image_url_https":"https://pbs.twimg.com/profile_images/1078343583156109314/c4UGP9HB_normal.jpg","profile_banner_url":"https://pbs.twimg.com/profile_banners/429327774/1547853436","default_profile":false,"default_profile_image":false,"following":null,"follow_request_sent":null,"notifications":null},"geo":null,"coordinates":null,"place":null,"contributors":null,"is_quote_status":false,"quote_count":0,"reply_count":1,"retweet_count":1,"favorite_count":31,"entities":{"hashtags":[],"urls":[],"user_mentions":[{"screen_name":"startupdareal","name":"Startupdareal","id":932675351913926700,"id_str":"932675351913926656","indices":[0,14]}],"symbols":[],"media":[{"id":1084449020909633500,"id_str":"1084449020909633537","indices":[44,67],"media_url":"http://pbs.twimg.com/media/Dwy8o4xWwAEbRkE.jpg","media_url_https":"https://pbs.twimg.com/media/Dwy8o4xWwAEbRkE.jpg","url":"https://t.co/D7kB7cQQBQ","display_url":"pic.twitter.com/D7kB7cQQBQ","expanded_url":"https://twitter.com/simaosguarezi/status/1084449103159967744/photo/1","type":"photo","sizes":{"medium":{"w":783,"h":1200,"resize":"fit"},"thumb":{"w":150,"h":150,"resize":"crop"},"large":{"w":1080,"h":1656,"resize":"fit"},"small":{"w":443,"h":680,"resize":"fit"}}}]},"extended_entities":{"media":[{"id":1084449020909633500,"id_str":"1084449020909633537","indices":[44,67],"media_url":"http://pbs.twimg.com/media/Dwy8o4xWwAEbRkE.jpg","media_url_https":"https://pbs.twimg.com/media/Dwy8o4xWwAEbRkE.jpg","url":"https://t.co/D7kB7cQQBQ","display_url":"pic.twitter.com/D7kB7cQQBQ","expanded_url":"https://twitter.com/simaosguarezi/status/1084449103159967744/photo/1","type":"photo","sizes":{"medium":{"w":783,"h":1200,"resize":"fit"},"thumb":{"w":150,"h":150,"resize":"crop"},"large":{"w":1080,"h":1656,"resize":"fit"},"small":{"w":443,"h":680,"resize":"fit"}}},{"id":1084449058851377200,"id_str":"1084449058851377152","indices":[44,67],"media_url":"http://pbs.twimg.com/media/Dwy8rGHX0AAQqQ9.jpg","media_url_https":"https://pbs.twimg.com/media/Dwy8rGHX0AAQqQ9.jpg","url":"https://t.co/D7kB7cQQBQ","display_url":"pic.twitter.com/D7kB7cQQBQ","expanded_url":"https://twitter.com/simaosguarezi/status/1084449103159967744/photo/1","type":"photo","sizes":{"small":{"w":412,"h":680,"resize":"fit"},"thumb":{"w":150,"h":150,"resize":"crop"},"large":{"w":1079,"h":1782,"resize":"fit"},"medium":{"w":727,"h":1200,"resize":"fit"}}}]},"favorited":false,"retweeted":false,"possibly_sensitive":true,"filter_level":"low","lang":"pt"},"quoted_status_permalink":{"url":"https://t.co/TzWE4VmBKk","expanded":"https://twitter.com/simaosguarezi/status/1084449103159967744","display":"twitter.com/simaosguarezi/…"},"is_quote_status":true,"extended_tweet":{"full_text":"“Comecei a trabalhar com 8 anos e olha como eu me tornei uma pessoa sem empatia e que fica senso retardada na internet “ https://t.co/TzWE4VmBKk","display_text_range":[0,120],"entities":{"hashtags":[],"urls":[{"url":"https://t.co/TzWE4VmBKk","expanded_url":"https://twitter.com/simaosguarezi/status/1084449103159967744","display_url":"twitter.com/simaosguarezi/…","indices":[121,144]}],"user_mentions":[],"symbols":[]}},"quote_count":0,"reply_count":20,"retweet_count":120,"favorite_count":587,"entities":{"hashtags":[],"urls":[{"url":"https://t.co/PIUFl3bdgD","expanded_url":"https://twitter.com/i/web/status/1084453642516733952","display_url":"twitter.com/i/web/status/1…","indices":[117,140]}],"user_mentions":[],"symbols":[]},"favorited":false,"retweeted":false,"possibly_sensitive":false,"filter_level":"low","lang":"pt","matching_rules":[{"tag":null}]}