{"created_at":"Sat Jan 12 15:28:00 +0000 2019","id":1084109746993619000,"id_str":"1084109746993618944","text":"RT @julzianaz: Eu e meu flatmate conversando ontem:\n\nEu: eu sinto falta daquelas mensagens dele de manhã sabe\nEle: miga, então não é um boy…","source":"<a href=\"http://twitter.com/download/iphone\" rel=\"nofollow\">Twitter for iPhone</a>","truncated":false,"in_reply_to_status_id":null,"in_reply_to_status_id_str":null,"in_reply_to_user_id":null,"in_reply_to_user_id_str":null,"in_reply_to_screen_name":null,"user":{"id":932675351913926700,"id_str":"932675351913926656","name":"Startupdareal","screen_name":"startupdareal","location":"San Francisco, CA","url":"https://medium.com/startup-da-real","description":"#1 lugar livro de empreendedorismo mais vendido na Amazon, com \"Este livro não vai te deixar rico\"","translator_type":"none","protected":false,"verified":false,"followers_count":25857,"friends_count":176,"listed_count":113,"favourites_count":20540,"statuses_count":18075,"created_at":"Mon Nov 20 18:21:46 +0000 2017","utc_offset":null,"time_zone":null,"geo_enabled":true,"lang":"en","contributors_enabled":false,"is_translator":false,"profile_background_color":"000000","profile_background_image_url":"http://abs.twimg.com/images/themes/theme1/bg.png","profile_background_image_url_https":"https://abs.twimg.com/images/themes/theme1/bg.png","profile_background_tile":false,"profile_link_color":"FAB81E","profile_sidebar_border_color":"000000","profile_sidebar_fill_color":"000000","profile_text_color":"000000","profile_use_background_image":false,"profile_image_url":"http://pbs.twimg.com/profile_images/932680310336180226/PXZJpu93_normal.jpg","profile_image_url_https":"https://pbs.twimg.com/profile_images/932680310336180226/PXZJpu93_normal.jpg","profile_banner_url":"https://pbs.twimg.com/profile_banners/932675351913926656/1511203272","default_profile":false,"default_profile_image":false,"following":null,"follow_request_sent":null,"notifications":null},"geo":null,"coordinates":null,"place":null,"contributors":null,"retweeted_status":{"created_at":"Sat Jan 12 15:25:17 +0000 2019","id":1084109064043417600,"id_str":"1084109064043417601","text":"Eu e meu flatmate conversando ontem:\n\nEu: eu sinto falta daquelas mensagens dele de manhã sabe\nEle: miga, então não… https://t.co/wzCWmMvinN","source":"<a href=\"http://twitter.com/download/android\" rel=\"nofollow\">Twitter for Android</a>","truncated":true,"in_reply_to_status_id":null,"in_reply_to_status_id_str":null,"in_reply_to_user_id":null,"in_reply_to_user_id_str":null,"in_reply_to_screen_name":null,"user":{"id":220734540,"id_str":"220734540","name":"Juls Assunção","screen_name":"julzianaz","location":"Sao Paulo, Brazil","url":"https://www.instagram.com/juu.assuncao/","description":"founder & CMO at @RankMyApp • crazy about mobile apps & marketing • lover of all things visual • infp • online culture fan • personal account","translator_type":"none","protected":false,"verified":false,"followers_count":634,"friends_count":2445,"listed_count":19,"favourites_count":2790,"statuses_count":2450,"created_at":"Sun Nov 28 17:48:37 +0000 2010","utc_offset":null,"time_zone":null,"geo_enabled":true,"lang":"en","contributors_enabled":false,"is_translator":false,"profile_background_color":"000000","profile_background_image_url":"http://abs.twimg.com/images/themes/theme1/bg.png","profile_background_image_url_https":"https://abs.twimg.com/images/themes/theme1/bg.png","profile_background_tile":true,"profile_link_color":"3B94D9","profile_sidebar_border_color":"216080","profile_sidebar_fill_color":"000000","profile_text_color":"DB5B00","profile_use_background_image":true,"profile_image_url":"http://pbs.twimg.com/profile_images/1082850854024241153/tMOZkK28_normal.jpg","profile_image_url_https":"https://pbs.twimg.com/profile_images/1082850854024241153/tMOZkK28_normal.jpg","profile_banner_url":"https://pbs.twimg.com/profile_banners/220734540/1546796537","default_profile":false,"default_profile_image":false,"following":null,"follow_request_sent":null,"notifications":null},"geo":null,"coordinates":null,"place":null,"contributors":null,"is_quote_status":false,"extended_tweet":{"full_text":"Eu e meu flatmate conversando ontem:\n\nEu: eu sinto falta daquelas mensagens dele de manhã sabe\nEle: miga, então não é um boy que vc precisa e sim de um chatbot.\n\nAí a bad passou na hora.","display_text_range":[0,186],"entities":{"hashtags":[],"urls":[],"user_mentions":[],"symbols":[]}},"quote_count":0,"reply_count":1,"retweet_count":22,"favorite_count":310,"entities":{"hashtags":[],"urls":[{"url":"https://t.co/wzCWmMvinN","expanded_url":"https://twitter.com/i/web/status/1084109064043417601","display_url":"twitter.com/i/web/status/1…","indices":[117,140]}],"user_mentions":[],"symbols":[]},"favorited":false,"retweeted":false,"filter_level":"low","lang":"pt"},"is_quote_status":false,"quote_count":0,"reply_count":0,"retweet_count":0,"favorite_count":0,"entities":{"hashtags":[],"urls":[],"user_mentions":[{"screen_name":"julzianaz","name":"Juls Assunção","id":220734540,"id_str":"220734540","indices":[3,13]}],"symbols":[]},"favorited":false,"retweeted":false,"filter_level":"low","lang":"pt","matching_rules":[{"tag":null}]}