{"created_at":"Sun Jan 13 14:12:22 +0000 2019","id":1084453101757743100,"id_str":"1084453101757743104","text":"RT @innocitto: This is too much fun and I'm the last guy who wraps everything up 😅😊 https://t.co/M6DB66RWWJ","source":"<a href=\"http://twitter.com/download/iphone\" rel=\"nofollow\">Twitter for iPhone</a>","truncated":false,"in_reply_to_status_id":null,"in_reply_to_status_id_str":null,"in_reply_to_user_id":null,"in_reply_to_user_id_str":null,"in_reply_to_screen_name":null,"user":{"id":932675351913926700,"id_str":"932675351913926656","name":"Startupdareal","screen_name":"startupdareal","location":"San Francisco, CA","url":"https://medium.com/startup-da-real","description":"#1 lugar livro de empreendedorismo mais vendido na Amazon, com \"Este livro não vai te deixar rico\"","translator_type":"none","protected":false,"verified":false,"followers_count":25857,"friends_count":176,"listed_count":113,"favourites_count":20540,"statuses_count":18075,"created_at":"Mon Nov 20 18:21:46 +0000 2017","utc_offset":null,"time_zone":null,"geo_enabled":true,"lang":"en","contributors_enabled":false,"is_translator":false,"profile_background_color":"000000","profile_background_image_url":"http://abs.twimg.com/images/themes/theme1/bg.png","profile_background_image_url_https":"https://abs.twimg.com/images/themes/theme1/bg.png","profile_background_tile":false,"profile_link_color":"FAB81E","profile_sidebar_border_color":"000000","profile_sidebar_fill_color":"000000","profile_text_color":"000000","profile_use_background_image":false,"profile_image_url":"http://pbs.twimg.com/profile_images/932680310336180226/PXZJpu93_normal.jpg","profile_image_url_https":"https://pbs.twimg.com/profile_images/932680310336180226/PXZJpu93_normal.jpg","profile_banner_url":"https://pbs.twimg.com/profile_banners/932675351913926656/1511203272","default_profile":false,"default_profile_image":false,"following":null,"follow_request_sent":null,"notifications":null},"geo":null,"coordinates":null,"place":null,"contributors":null,"retweeted_status":{"created_at":"Thu Jan 10 12:40:02 +0000 2019","id":1083342702534688800,"id_str":"1083342702534688768","text":"This is too much fun and I'm the last guy who wraps everything up 😅😊 https://t.co/M6DB66RWWJ","display_text_range":[0,68],"source":"<a href=\"http://twitter.com\" rel=\"nofollow\">Twitter Web Client</a>","truncated":false,"in_reply_to_status_id":null,"in_reply_to_status_id_str":null,"in_reply_to_user_id":null,"in_reply_to_user_id_str":null,"in_reply_to_screen_name":null,"user":{"id":519852079,"id_str":"519852079","name":"SUBLIMINAL","screen_name":"innocitto","location":"Africa","url":"http://innocittoblogs.wordpress.com","description":"⠀⠀&nbsp;AESTHETIC. BLOGGER. STUDENT OF LIFE. POSITIVITY. DREAMER. BOOKS. INTROSPECTION. ⠀⠀⠀⠀⠀⠀⠀⠀⠀⠀5'2 INTROVERT 😊","translator_type":"none","protected":false,"verified":false,"followers_count":73661,"friends_count":53728,"listed_count":214,"favourites_count":36245,"statuses_count":6604,"created_at":"Fri Mar 09 21:49:22 +0000 2012","utc_offset":null,"time_zone":null,"geo_enabled":true,"lang":"en","contributors_enabled":false,"is_translator":false,"profile_background_color":"EE45F5","profile_background_image_url":"http://abs.twimg.com/images/themes/theme8/bg.gif","profile_background_image_url_https":"https://abs.twimg.com/images/themes/theme8/bg.gif","profile_background_tile":true,"profile_link_color":"19CF86","profile_sidebar_border_color":"000000","profile_sidebar_fill_color":"7AC3EE","profile_text_color":"3D1957","profile_use_background_image":false,"profile_image_url":"http://pbs.twimg.com/profile_images/967113769418743809/q_pw1SK__normal.jpg","profile_image_url_https":"https://pbs.twimg.com/profile_images/967113769418743809/q_pw1SK__normal.jpg","profile_banner_url":"https://pbs.twimg.com/profile_banners/519852079/1541850250","default_profile":false,"default_profile_image":false,"following":null,"follow_request_sent":null,"notifications":null},"geo":null,"coordinates":null,"place":null,"contributors":null,"is_quote_status":false,"quote_count":0,"reply_count":2116,"retweet_count":59953,"favorite_count":157644,"entities":{"hashtags":[],"urls":[],"user_mentions":[],"symbols":[],"media":[{"id":1083341879515799600,"id_str":"1083341879515799552","indices":[69,92],"additional_media_info":{"monetizable":false},"media_url":"http://pbs.twimg.com/ext_tw_video_thumb/1083341879515799552/pu/img/2SG2mLuIOy0I99bs.jpg","media_url_https":"https://pbs.twimg.com/ext_tw_video_thumb/1083341879515799552/pu/img/2SG2mLuIOy0I99bs.jpg","url":"https://t.co/M6DB66RWWJ","display_url":"pic.twitter.com/M6DB66RWWJ","expanded_url":"https://twitter.com/innocitto/status/1083342702534688768/video/1","type":"photo","sizes":{"large":{"w":720,"h":900,"resize":"fit"},"thumb":{"w":150,"h":150,"resize":"crop"},"small":{"w":544,"h":680,"resize":"fit"},"medium":{"w":720,"h":900,"resize":"fit"}}}]},"extended_entities":{"media":[{"id":1083341879515799600,"id_str":"1083341879515799552","indices":[69,92],"additional_media_info":{"monetizable":false},"media_url":"http://pbs.twimg.com/ext_tw_video_thumb/1083341879515799552/pu/img/2SG2mLuIOy0I99bs.jpg","media_url_https":"https://pbs.twimg.com/ext_tw_video_thumb/1083341879515799552/pu/img/2SG2mLuIOy0I99bs.jpg","url":"https://t.co/M6DB66RWWJ","display_url":"pic.twitter.com/M6DB66RWWJ","expanded_url":"https://twitter.com/innocitto/status/1083342702534688768/video/1","type":"video","video_info":{"aspect_ratio":[4,5],"duration_millis":105900,"variants":[{"bitrate":632000,"content_type":"video/mp4","url":"https://video.twimg.com/ext_tw_video/1083341879515799552/pu/vid/320x400/EKprIt7rS9unM2cM.mp4?tag=6"},{"bitrate":832000,"content_type":"video/mp4","url":"https://video.twimg.com/ext_tw_video/1083341879515799552/pu/vid/360x450/1Eguau141UWxa0Hq.mp4?tag=6"},{"content_type":"application/x-mpegURL","url":"https://video.twimg.com/ext_tw_video/1083341879515799552/pu/pl/wOUIECs5LcnsbqjM.m3u8?tag=6"},{"bitrate":2176000,"content_type":"video/mp4","url":"https://video.twimg.com/ext_tw_video/1083341879515799552/pu/vid/720x900/mNYeJFwLs6xZnI2N.mp4?tag=6"}]},"sizes":{"large":{"w":720,"h":900,"resize":"fit"},"thumb":{"w":150,"h":150,"resize":"crop"},"small":{"w":544,"h":680,"resize":"fit"},"medium":{"w":720,"h":900,"resize":"fit"}}}]},"favorited":false,"retweeted":false,"possibly_sensitive":false,"filter_level":"low","lang":"en"},"is_quote_status":false,"quote_count":0,"reply_count":0,"retweet_count":0,"favorite_count":0,"entities":{"hashtags":[],"urls":[],"user_mentions":[{"screen_name":"innocitto","name":"SUBLIMINAL","id":519852079,"id_str":"519852079","indices":[3,13]}],"symbols":[],"media":[{"id":1083341879515799600,"id_str":"1083341879515799552","indices":[84,107],"additional_media_info":{"monetizable":false},"media_url":"http://pbs.twimg.com/ext_tw_video_thumb/1083341879515799552/pu/img/2SG2mLuIOy0I99bs.jpg","media_url_https":"https://pbs.twimg.com/ext_tw_video_thumb/1083341879515799552/pu/img/2SG2mLuIOy0I99bs.jpg","url":"https://t.co/M6DB66RWWJ","display_url":"pic.twitter.com/M6DB66RWWJ","expanded_url":"https://twitter.com/innocitto/status/1083342702534688768/video/1","type":"photo","sizes":{"large":{"w":720,"h":900,"resize":"fit"},"thumb":{"w":150,"h":150,"resize":"crop"},"small":{"w":544,"h":680,"resize":"fit"},"medium":{"w":720,"h":900,"resize":"fit"}},"source_status_id":1083342702534688800,"source_status_id_str":"1083342702534688768","source_user_id":519852079,"source_user_id_str":"519852079"}]},"extended_entities":{"media":[{"id":1083341879515799600,"id_str":"1083341879515799552","indices":[84,107],"additional_media_info":{"monetizable":false},"media_url":"http://pbs.twimg.com/ext_tw_video_thumb/1083341879515799552/pu/img/2SG2mLuIOy0I99bs.jpg","media_url_https":"https://pbs.twimg.com/ext_tw_video_thumb/1083341879515799552/pu/img/2SG2mLuIOy0I99bs.jpg","url":"https://t.co/M6DB66RWWJ","display_url":"pic.twitter.com/M6DB66RWWJ","expanded_url":"https://twitter.com/innocitto/status/1083342702534688768/video/1","type":"video","video_info":{"aspect_ratio":[4,5],"duration_millis":105900,"variants":[{"bitrate":632000,"content_type":"video/mp4","url":"https://video.twimg.com/ext_tw_video/1083341879515799552/pu/vid/320x400/EKprIt7rS9unM2cM.mp4?tag=6"},{"bitrate":832000,"content_type":"video/mp4","url":"https://video.twimg.com/ext_tw_video/1083341879515799552/pu/vid/360x450/1Eguau141UWxa0Hq.mp4?tag=6"},{"content_type":"application/x-mpegURL","url":"https://video.twimg.com/ext_tw_video/1083341879515799552/pu/pl/wOUIECs5LcnsbqjM.m3u8?tag=6"},{"bitrate":2176000,"content_type":"video/mp4","url":"https://video.twimg.com/ext_tw_video/1083341879515799552/pu/vid/720x900/mNYeJFwLs6xZnI2N.mp4?tag=6"}]},"sizes":{"large":{"w":720,"h":900,"resize":"fit"},"thumb":{"w":150,"h":150,"resize":"crop"},"small":{"w":544,"h":680,"resize":"fit"},"medium":{"w":720,"h":900,"resize":"fit"}},"source_status_id":1083342702534688800,"source_status_id_str":"1083342702534688768","source_user_id":519852079,"source_user_id_str":"519852079"}]},"favorited":false,"retweeted":false,"possibly_sensitive":false,"filter_level":"low","lang":"en","matching_rules":[{"tag":null}]}