{"created_at":"Sun Jan 13 23:35:10 +0000 2019","id":1084594734667055100,"id_str":"1084594734667055104","text":"@kaletex faltou eu @RuanBrandao @miguelssrs @pereirajr1407 aaaaa","display_text_range":[9,64],"source":"<a href=\"http://twitter.com\" rel=\"nofollow\">Twitter Web Client</a>","truncated":false,"in_reply_to_status_id":1084594413878300700,"in_reply_to_status_id_str":"1084594413878300674","in_reply_to_user_id":3090449644,"in_reply_to_user_id_str":"3090449644","in_reply_to_screen_name":"kaletex","user":{"id":57122745,"id_str":"57122745","name":"Carol Antifa {divaloper} ⚡️","screen_name":"carolcode","location":"Sao Paulo, Brazil","url":null,"description":"Front End dev, instructor, speaker, diversity and inclusion  activist in tech. Podcaster @LovelacePodcast. Security and privacy are powerful. Open source fan.","translator_type":"none","protected":false,"verified":false,"followers_count":6332,"friends_count":467,"listed_count":66,"favourites_count":26142,"statuses_count":11343,"created_at":"Wed Jul 15 20:11:41 +0000 2009","utc_offset":null,"time_zone":null,"geo_enabled":true,"lang":"pt","contributors_enabled":false,"is_translator":false,"profile_background_color":"ABB8C2","profile_background_image_url":"http://abs.twimg.com/images/themes/theme14/bg.gif","profile_background_image_url_https":"https://abs.twimg.com/images/themes/theme14/bg.gif","profile_background_tile":false,"profile_link_color":"ABB8C2","profile_sidebar_border_color":"000000","profile_sidebar_fill_color":"000000","profile_text_color":"000000","profile_use_background_image":false,"profile_image_url":"http://pbs.twimg.com/profile_images/1093461603788439552/H_25o1Jd_normal.jpg","profile_image_url_https":"https://pbs.twimg.com/profile_images/1093461603788439552/H_25o1Jd_normal.jpg","profile_banner_url":"https://pbs.twimg.com/profile_banners/57122745/1537363767","default_profile":false,"default_profile_image":false,"following":null,"follow_request_sent":null,"notifications":null},"geo":null,"coordinates":null,"place":null,"contributors":null,"is_quote_status":false,"quote_count":0,"reply_count":2,"retweet_count":0,"favorite_count":2,"entities":{"hashtags":[],"urls":[],"user_mentions":[{"screen_name":"kaletex","name":"Kaio Leal  🏴","id":3090449644,"id_str":"3090449644","indices":[0,8]},{"screen_name":"RuanBrandao","name":"Lei Ruanito","id":36206227,"id_str":"36206227","indices":[19,31]},{"screen_name":"miguelssrs","name":"javascript is my passion 🏴🌈","id":766076461308608500,"id_str":"766076461308608512","indices":[32,43]},{"screen_name":"pereirajr1407","name":"Junior | ✊🏾","id":1020342153359355900,"id_str":"1020342153359355904","indices":[44,58]}],"symbols":[]},"favorited":false,"retweeted":false,"filter_level":"low","lang":"pt","matching_rules":[{"tag":null}]}