{"created_at":"Sun Jan 13 17:41:17 +0000 2019","id":1084505679853957100,"id_str":"1084505679853957122","text":"@mmizidoro https://t.co/nH5JkxijOC","display_text_range":[10,10],"source":"<a href=\"http://twitter.com\" rel=\"nofollow\">Twitter Web Client</a>","truncated":false,"in_reply_to_status_id":1084504882080596000,"in_reply_to_status_id_str":"1084504882080595968","in_reply_to_user_id":14355880,"in_reply_to_user_id_str":"14355880","in_reply_to_screen_name":"mmizidoro","user":{"id":572,"id_str":"572","name":"crisdias","screen_name":"crisdias","location":"São Paulo, Brasil","url":"http://www.boanoiteinternet.com.br/","description":"Um guerreirinho","translator_type":"none","protected":false,"verified":false,"followers_count":124070,"friends_count":895,"listed_count":1069,"favourites_count":34027,"statuses_count":59431,"created_at":"Thu Jul 13 00:33:22 +0000 2006","utc_offset":null,"time_zone":null,"geo_enabled":true,"lang":"pt","contributors_enabled":false,"is_translator":false,"profile_background_color":"FFFFFF","profile_background_image_url":"http://abs.twimg.com/images/themes/theme1/bg.png","profile_background_image_url_https":"https://abs.twimg.com/images/themes/theme1/bg.png","profile_background_tile":true,"profile_link_color":"447111","profile_sidebar_border_color":"FFFFFF","profile_sidebar_fill_color":"DADADA","profile_text_color":"000000","profile_use_background_image":true,"profile_image_url":"http://pbs.twimg.com/profile_images/1090569309120856065/UjDOB3rS_normal.jpg","profile_image_url_https":"https://pbs.twimg.com/profile_images/1090569309120856065/UjDOB3rS_normal.jpg","profile_banner_url":"https://pbs.twimg.com/profile_banners/572/1544732378","default_profile":false,"default_profile_image":false,"following":null,"follow_request_sent":null,"notifications":null},"geo":null,"coordinates":null,"place":null,"contributors":null,"is_quote_status":false,"quote_count":0,"reply_count":1,"retweet_count":0,"favorite_count":0,"entities":{"hashtags":[],"urls":[],"user_mentions":[{"screen_name":"mmizidoro","name":"Mamalino","id":14355880,"id_str":"14355880","indices":[0,10]}],"symbols":[],"media":[{"id":1084505664959983600,"id_str":"1084505664959983617","indices":[11,34],"media_url":"http://pbs.twimg.com/tweet_video_thumb/DwzwKATWsAEjMLq.jpg","media_url_https":"https://pbs.twimg.com/tweet_video_thumb/DwzwKATWsAEjMLq.jpg","url":"https://t.co/nH5JkxijOC","display_url":"pic.twitter.com/nH5JkxijOC","expanded_url":"https://twitter.com/crisdias/status/1084505679853957122/photo/1","type":"photo","sizes":{"thumb":{"w":150,"h":150,"resize":"crop"},"medium":{"w":364,"h":254,"resize":"fit"},"small":{"w":364,"h":254,"resize":"fit"},"large":{"w":364,"h":254,"resize":"fit"}}}]},"extended_entities":{"media":[{"id":1084505664959983600,"id_str":"1084505664959983617","indices":[11,34],"media_url":"http://pbs.twimg.com/tweet_video_thumb/DwzwKATWsAEjMLq.jpg","media_url_https":"https://pbs.twimg.com/tweet_video_thumb/DwzwKATWsAEjMLq.jpg","url":"https://t.co/nH5JkxijOC","display_url":"pic.twitter.com/nH5JkxijOC","expanded_url":"https://twitter.com/crisdias/status/1084505679853957122/photo/1","type":"animated_gif","video_info":{"aspect_ratio":[182,127],"variants":[{"bitrate":0,"content_type":"video/mp4","url":"https://video.twimg.com/tweet_video/DwzwKATWsAEjMLq.mp4"}]},"sizes":{"thumb":{"w":150,"h":150,"resize":"crop"},"medium":{"w":364,"h":254,"resize":"fit"},"small":{"w":364,"h":254,"resize":"fit"},"large":{"w":364,"h":254,"resize":"fit"}}}]},"favorited":false,"retweeted":false,"possibly_sensitive":false,"filter_level":"low","lang":"und","matching_rules":[{"tag":null}]}