{"created_at":"Sun Jan 13 17:41:54 +0000 2019","id":1084505835521351700,"id_str":"1084505835521351681","text":"@adrianosbr https://t.co/GMAcqChMUm","display_text_range":[11,11],"source":"<a href=\"http://twitter.com\" rel=\"nofollow\">Twitter Web Client</a>","truncated":false,"in_reply_to_status_id":1084504029907112000,"in_reply_to_status_id_str":"1084504029907111936","in_reply_to_user_id":19358429,"in_reply_to_user_id_str":"19358429","in_reply_to_screen_name":"adrianosbr","user":{"id":572,"id_str":"572","name":"crisdias","screen_name":"crisdias","location":"São Paulo, Brasil","url":"http://www.boanoiteinternet.com.br/","description":"Um guerreirinho","translator_type":"none","protected":false,"verified":false,"followers_count":124070,"friends_count":895,"listed_count":1069,"favourites_count":34027,"statuses_count":59431,"created_at":"Thu Jul 13 00:33:22 +0000 2006","utc_offset":null,"time_zone":null,"geo_enabled":true,"lang":"pt","contributors_enabled":false,"is_translator":false,"profile_background_color":"FFFFFF","profile_background_image_url":"http://abs.twimg.com/images/themes/theme1/bg.png","profile_background_image_url_https":"https://abs.twimg.com/images/themes/theme1/bg.png","profile_background_tile":true,"profile_link_color":"447111","profile_sidebar_border_color":"FFFFFF","profile_sidebar_fill_color":"DADADA","profile_text_color":"000000","profile_use_background_image":true,"profile_image_url":"http://pbs.twimg.com/profile_images/1090569309120856065/UjDOB3rS_normal.jpg","profile_image_url_https":"https://pbs.twimg.com/profile_images/1090569309120856065/UjDOB3rS_normal.jpg","profile_banner_url":"https://pbs.twimg.com/profile_banners/572/1544732378","default_profile":false,"default_profile_image":false,"following":null,"follow_request_sent":null,"notifications":null},"geo":null,"coordinates":null,"place":null,"contributors":null,"is_quote_status":false,"quote_count":0,"reply_count":0,"retweet_count":0,"favorite_count":1,"entities":{"hashtags":[],"urls":[],"user_mentions":[{"screen_name":"adrianosbr","name":"Adriano Brandão","id":19358429,"id_str":"19358429","indices":[0,11]}],"symbols":[],"media":[{"id":1084505824595267600,"id_str":"1084505824595267584","indices":[12,35],"media_url":"http://pbs.twimg.com/tweet_video_thumb/DwzwTS_X0AAvtS8.jpg","media_url_https":"https://pbs.twimg.com/tweet_video_thumb/DwzwTS_X0AAvtS8.jpg","url":"https://t.co/GMAcqChMUm","display_url":"pic.twitter.com/GMAcqChMUm","expanded_url":"https://twitter.com/crisdias/status/1084505835521351681/photo/1","type":"photo","sizes":{"medium":{"w":480,"h":270,"resize":"fit"},"thumb":{"w":150,"h":150,"resize":"crop"},"small":{"w":480,"h":270,"resize":"fit"},"large":{"w":480,"h":270,"resize":"fit"}}}]},"extended_entities":{"media":[{"id":1084505824595267600,"id_str":"1084505824595267584","indices":[12,35],"media_url":"http://pbs.twimg.com/tweet_video_thumb/DwzwTS_X0AAvtS8.jpg","media_url_https":"https://pbs.twimg.com/tweet_video_thumb/DwzwTS_X0AAvtS8.jpg","url":"https://t.co/GMAcqChMUm","display_url":"pic.twitter.com/GMAcqChMUm","expanded_url":"https://twitter.com/crisdias/status/1084505835521351681/photo/1","type":"animated_gif","video_info":{"aspect_ratio":[16,9],"variants":[{"bitrate":0,"content_type":"video/mp4","url":"https://video.twimg.com/tweet_video/DwzwTS_X0AAvtS8.mp4"}]},"sizes":{"medium":{"w":480,"h":270,"resize":"fit"},"thumb":{"w":150,"h":150,"resize":"crop"},"small":{"w":480,"h":270,"resize":"fit"},"large":{"w":480,"h":270,"resize":"fit"}}}]},"favorited":false,"retweeted":false,"possibly_sensitive":false,"filter_level":"low","lang":"und","matching_rules":[{"tag":null}]}