{"created_at":"Sat Jan 12 12:19:30 +0000 2019","id":1084062312540106800,"id_str":"1084062312540106752","text":"RT @SandraRosaMada2: @startupdareal Ano passado decidi empreender e, como não fazia ideia nenhuma de como começar, fui pesquisar como fazer…","source":"<a href=\"http://twitter.com/download/iphone\" rel=\"nofollow\">Twitter for iPhone</a>","truncated":false,"in_reply_to_status_id":null,"in_reply_to_status_id_str":null,"in_reply_to_user_id":null,"in_reply_to_user_id_str":null,"in_reply_to_screen_name":null,"user":{"id":932675351913926700,"id_str":"932675351913926656","name":"Startupdareal","screen_name":"startupdareal","location":"San Francisco, CA","url":"https://medium.com/startup-da-real","description":"#1 lugar livro de empreendedorismo mais vendido na Amazon, com \"Este livro não vai te deixar rico\"","translator_type":"none","protected":false,"verified":false,"followers_count":25857,"friends_count":176,"listed_count":113,"favourites_count":20540,"statuses_count":18075,"created_at":"Mon Nov 20 18:21:46 +0000 2017","utc_offset":null,"time_zone":null,"geo_enabled":true,"lang":"en","contributors_enabled":false,"is_translator":false,"profile_background_color":"000000","profile_background_image_url":"http://abs.twimg.com/images/themes/theme1/bg.png","profile_background_image_url_https":"https://abs.twimg.com/images/themes/theme1/bg.png","profile_background_tile":false,"profile_link_color":"FAB81E","profile_sidebar_border_color":"000000","profile_sidebar_fill_color":"000000","profile_text_color":"000000","profile_use_background_image":false,"profile_image_url":"http://pbs.twimg.com/profile_images/932680310336180226/PXZJpu93_normal.jpg","profile_image_url_https":"https://pbs.twimg.com/profile_images/932680310336180226/PXZJpu93_normal.jpg","profile_banner_url":"https://pbs.twimg.com/profile_banners/932675351913926656/1511203272","default_profile":false,"default_profile_image":false,"following":null,"follow_request_sent":null,"notifications":null},"geo":null,"coordinates":null,"place":null,"contributors":null,"retweeted_status":{"created_at":"Sat Jan 12 12:18:32 +0000 2019","id":1084062067114545200,"id_str":"1084062067114545152","text":"@startupdareal Ano passado decidi empreender e, como não fazia ideia nenhuma de como começar, fui pesquisar como fa… https://t.co/HEl0h63gbS","display_text_range":[15,140],"source":"<a href=\"http://twitter.com/download/android\" rel=\"nofollow\">Twitter for Android</a>","truncated":true,"in_reply_to_status_id":1084053805224869900,"in_reply_to_status_id_str":"1084053805224869888","in_reply_to_user_id":932675351913926700,"in_reply_to_user_id_str":"932675351913926656","in_reply_to_screen_name":"startupdareal","user":{"id":369832789,"id_str":"369832789","name":"Porta bandeira de Tonga","screen_name":"SandraRosaMada2","location":"Campinas","url":null,"description":"Puro RT","translator_type":"none","protected":false,"verified":false,"followers_count":118,"friends_count":461,"listed_count":1,"favourites_count":27240,"statuses_count":28966,"created_at":"Thu Sep 08 01:07:27 +0000 2011","utc_offset":null,"time_zone":null,"geo_enabled":false,"lang":"en","contributors_enabled":false,"is_translator":false,"profile_background_color":"709397","profile_background_image_url":"http://abs.twimg.com/images/themes/theme6/bg.gif","profile_background_image_url_https":"https://abs.twimg.com/images/themes/theme6/bg.gif","profile_background_tile":true,"profile_link_color":"FF3300","profile_sidebar_border_color":"FFFFFF","profile_sidebar_fill_color":"A0C5C7","profile_text_color":"333333","profile_use_background_image":true,"profile_image_url":"http://pbs.twimg.com/profile_images/489055166063476736/wSc1FH4t_normal.jpeg","profile_image_url_https":"https://pbs.twimg.com/profile_images/489055166063476736/wSc1FH4t_normal.jpeg","profile_banner_url":"https://pbs.twimg.com/profile_banners/369832789/1355940448","default_profile":false,"default_profile_image":false,"following":null,"follow_request_sent":null,"notifications":null},"geo":null,"coordinates":null,"place":null,"contributors":null,"is_quote_status":false,"extended_tweet":{"full_text":"@startupdareal Ano passado decidi empreender e, como não fazia ideia nenhuma de como começar, fui pesquisar como fazer. Fiquei horrorizada com a indústria de enganação desses caras! Querem inflar seu ego de um lado e tirar seu dinheiro de outro","display_text_range":[15,244],"entities":{"hashtags":[],"urls":[],"user_mentions":[{"screen_name":"startupdareal","name":"Startupdareal","id":932675351913926700,"id_str":"932675351913926656","indices":[0,14]}],"symbols":[]}},"quote_count":0,"reply_count":1,"retweet_count":3,"favorite_count":33,"entities":{"hashtags":[],"urls":[{"url":"https://t.co/HEl0h63gbS","expanded_url":"https://twitter.com/i/web/status/1084062067114545152","display_url":"twitter.com/i/web/status/1…","indices":[117,140]}],"user_mentions":[{"screen_name":"startupdareal","name":"Startupdareal","id":932675351913926700,"id_str":"932675351913926656","indices":[0,14]}],"symbols":[]},"favorited":false,"retweeted":false,"filter_level":"low","lang":"pt"},"is_quote_status":false,"quote_count":0,"reply_count":0,"retweet_count":0,"favorite_count":0,"entities":{"hashtags":[],"urls":[],"user_mentions":[{"screen_name":"SandraRosaMada2","name":"Porta bandeira de Tonga","id":369832789,"id_str":"369832789","indices":[3,19]},{"screen_name":"startupdareal","name":"Startupdareal","id":932675351913926700,"id_str":"932675351913926656","indices":[21,35]}],"symbols":[]},"favorited":false,"retweeted":false,"filter_level":"low","lang":"pt","matching_rules":[{"tag":null}]}