{"created_at":"Sun Jan 13 23:49:33 +0000 2019","id":1084598356280832000,"id_str":"1084598356280832000","text":"@DiegoReigoto @marcogomes @1like1curiosidd eu fiz um desse no segundo mes de perfil, respondi mais 300 perguntas","display_text_range":[43,112],"source":"<a href=\"http://twitter.com\" rel=\"nofollow\">Twitter Web Client</a>","truncated":false,"in_reply_to_status_id":1084596248081039400,"in_reply_to_status_id_str":"1084596248081039363","in_reply_to_user_id":15713666,"in_reply_to_user_id_str":"15713666","in_reply_to_screen_name":"DiegoReigoto","user":{"id":932675351913926700,"id_str":"932675351913926656","name":"Startupdareal","screen_name":"startupdareal","location":"San Francisco, CA","url":"https://medium.com/startup-da-real","description":"#1 lugar livro de empreendedorismo mais vendido na Amazon, com \"Este livro não vai te deixar rico\"","translator_type":"none","protected":false,"verified":false,"followers_count":25857,"friends_count":176,"listed_count":113,"favourites_count":20540,"statuses_count":18075,"created_at":"Mon Nov 20 18:21:46 +0000 2017","utc_offset":null,"time_zone":null,"geo_enabled":true,"lang":"en","contributors_enabled":false,"is_translator":false,"profile_background_color":"000000","profile_background_image_url":"http://abs.twimg.com/images/themes/theme1/bg.png","profile_background_image_url_https":"https://abs.twimg.com/images/themes/theme1/bg.png","profile_background_tile":false,"profile_link_color":"FAB81E","profile_sidebar_border_color":"000000","profile_sidebar_fill_color":"000000","profile_text_color":"000000","profile_use_background_image":false,"profile_image_url":"http://pbs.twimg.com/profile_images/932680310336180226/PXZJpu93_normal.jpg","profile_image_url_https":"https://pbs.twimg.com/profile_images/932680310336180226/PXZJpu93_normal.jpg","profile_banner_url":"https://pbs.twimg.com/profile_banners/932675351913926656/1511203272","default_profile":false,"default_profile_image":false,"following":null,"follow_request_sent":null,"notifications":null},"geo":null,"coordinates":null,"place":null,"contributors":null,"is_quote_status":false,"quote_count":0,"reply_count":0,"retweet_count":0,"favorite_count":0,"entities":{"hashtags":[],"urls":[],"user_mentions":[{"screen_name":"DiegoReigoto","name":"Diego Reigoto","id":15713666,"id_str":"15713666","indices":[0,13]},{"screen_name":"marcogomes","name":"Marco Gomes","id":1629241,"id_str":"1629241","indices":[14,25]},{"screen_name":"1like1curiosidd","name":"1like1curiosidade","id":1083511305431105500,"id_str":"1083511305431105536","indices":[26,42]}],"symbols":[]},"favorited":false,"retweeted":false,"filter_level":"low","lang":"pt","matching_rules":[{"tag":null}]}